week_end,entry,exp,level,side,strike,spot_ref,implied,realized,settle,short_mid,short_bid,short_ask
2020-05-01,2020-04-27,2020-05-01,trigger,dn,2795.0,2836.74,0.2,0.0,2830.71,16.3,16.1,16.5
2020-05-01,2020-04-27,2020-05-01,trigger,up,2880.0,2836.74,0.46000000000000013,0.0,2830.71,26.95,26.7,27.2
2020-05-01,2020-04-27,2020-05-01,0382,dn,2765.0,2836.74,0.13999999999999985,0.0,2830.71,10.95,10.8,11.1
2020-05-01,2020-04-27,2020-05-01,0382,up,2910.0,2836.74,0.3,0.0,2830.71,15.2,15.0,15.4
2020-05-01,2020-04-27,2020-05-01,0618,dn,2720.0,2836.74,0.08999999999999986,0.0,2830.71,5.75,5.6,5.9
2020-05-01,2020-04-27,2020-05-01,0618,up,2950.0,2836.74,0.15,0.0,2830.71,5.949999999999999,5.8,6.1
2020-05-01,2020-04-27,2020-05-01,0786,dn,2690.0,2836.74,0.05,0.0,2830.71,3.6,3.5,3.7
2020-05-01,2020-04-27,2020-05-01,0786,up,2985.0,2836.74,0.060000000000000095,0.0,2830.71,2.2750000000000004,2.2,2.35
2020-05-01,2020-04-27,2020-05-01,100,dn,2650.0,2836.74,0.024999999999999956,0.0,2830.71,1.9749999999999999,1.9,2.05
2020-05-01,2020-04-27,2020-05-01,100,up,3025.0,2836.74,0.01499999999999999,0.0,2830.71,0.8,0.75,0.85
2020-05-08,2020-05-04,2020-05-08,trigger,dn,2790.0,2830.71,0.35999999999999943,0.0,2929.8,37.849999999999994,37.4,38.3
2020-05-08,2020-05-04,2020-05-08,trigger,up,2875.0,2830.71,0.3,1.0,2929.8,15.399999999999999,15.1,15.7
2020-05-08,2020-05-04,2020-05-08,0382,dn,2760.0,2830.71,0.2799999999999997,0.0,2929.8,28.049999999999997,27.7,28.4
2020-05-08,2020-05-04,2020-05-08,0382,up,2900.0,2830.71,0.20000000000000018,1.0,2929.8,8.8,8.6,9.0
2020-05-08,2020-05-04,2020-05-08,0618,dn,2720.0,2830.71,0.2,0.0,2929.8,18.2,18.0,18.4
2020-05-08,2020-05-04,2020-05-08,0618,up,2945.0,2830.71,0.07000000000000002,0.0,2929.8,2.625,2.5,2.75
2020-05-08,2020-05-04,2020-05-08,0786,dn,2685.0,2830.71,0.13999999999999985,0.0,2929.8,12.0,11.8,12.2
2020-05-08,2020-05-04,2020-05-08,0786,up,2975.0,2830.71,0.02999999999999998,0.0,2929.8,1.15,1.05,1.25
2020-05-08,2020-05-04,2020-05-08,100,dn,2650.0,2830.71,0.1,0.0,2929.8,7.7,7.5,7.9
2020-05-08,2020-05-04,2020-05-08,100,up,3015.0,2830.71,0.009999999999999998,0.0,2929.8,0.425,0.35,0.5
2020-05-15,2020-05-11,2020-05-15,trigger,dn,2890.0,2929.8,0.3400000000000006,1.0,2863.7,27.1,26.8,27.4
2020-05-15,2020-05-11,2020-05-15,trigger,up,2970.0,2929.8,0.2099999999999998,0.0,2863.7,8.35,8.2,8.5
2020-05-15,2020-05-11,2020-05-15,0382,dn,2860.0,2929.8,0.23999999999999985,0.0,2863.7,18.4,18.2,18.6
2020-05-15,2020-05-11,2020-05-15,0382,up,3000.0,2929.8,0.08999999999999994,0.0,2863.7,3.65,3.5,3.8
2020-05-15,2020-05-11,2020-05-15,0618,dn,2820.0,2929.8,0.12999999999999973,0.0,2863.7,10.95,10.8,11.1
2020-05-15,2020-05-11,2020-05-15,0618,up,3040.0,2929.8,0.03500000000000001,0.0,2863.7,1.225,1.15,1.3
2020-05-15,2020-05-11,2020-05-15,0786,dn,2790.0,2929.8,0.07999999999999971,0.0,2863.7,7.449999999999999,7.3,7.6
2020-05-15,2020-05-11,2020-05-15,0786,up,3070.0,2929.8,0.009999999999999986,0.0,2863.7,0.575,0.5,0.65
2020-05-15,2020-05-11,2020-05-15,100,dn,2750.0,2929.8,0.039999999999999855,0.0,2863.7,4.449999999999999,4.3,4.6
2020-05-15,2020-05-11,2020-05-15,100,up,3110.0,2929.8,0.0050000000000000044,0.0,2863.7,0.25,0.2,0.3
2020-05-22,2020-05-18,2020-05-22,trigger,dn,2820.0,2863.7,0.10999999999999979,0.0,2955.45,7.949999999999999,7.8,8.1
2020-05-22,2020-05-18,2020-05-22,trigger,up,2905.0,2863.7,0.6900000000000006,1.0,2955.45,51.95,51.5,52.4
2020-05-22,2020-05-18,2020-05-22,0382,dn,2795.0,2863.7,0.08000000000000007,0.0,2955.45,5.550000000000001,5.4,5.7
2020-05-22,2020-05-18,2020-05-22,0382,up,2930.0,2863.7,0.5900000000000005,1.0,2955.45,35.75,35.4,36.1
2020-05-22,2020-05-18,2020-05-22,0618,dn,2755.0,2863.7,0.040000000000000036,0.0,2955.45,3.0,2.9,3.1
2020-05-22,2020-05-18,2020-05-22,0618,up,2975.0,2863.7,0.35999999999999976,0.0,2955.45,13.85,13.6,14.1
2020-05-22,2020-05-18,2020-05-22,0786,dn,2725.0,2863.7,0.025,0.0,2955.45,1.9249999999999998,1.8,2.05
2020-05-22,2020-05-18,2020-05-22,0786,up,3005.0,2863.7,0.18000000000000008,0.0,2955.45,5.65,5.5,5.8
2020-05-22,2020-05-18,2020-05-22,100,dn,2685.0,2863.7,0.019999999999999973,0.0,2955.45,1.075,1.0,1.15
2020-05-22,2020-05-18,2020-05-22,100,up,3045.0,2863.7,0.04499999999999997,0.0,2955.45,1.325,1.25,1.4
2020-05-29,2020-05-26,2020-05-29,trigger,dn,2915.0,2955.45,0.1,0.0,3044.31,5.15,5.0,5.3
2020-05-29,2020-05-26,2020-05-29,trigger,up,2995.0,2955.45,0.6200000000000003,1.0,3044.31,34.85,34.5,35.2
2020-05-29,2020-05-26,2020-05-29,0382,dn,2890.0,2955.45,0.05499999999999998,0.0,3044.31,3.25,3.1,3.4
2020-05-29,2020-05-26,2020-05-29,0382,up,3020.0,2955.45,0.46000000000000013,1.0,3044.31,20.8,20.5,21.1
2020-05-29,2020-05-26,2020-05-29,0618,dn,2845.0,2955.45,0.030000000000000027,0.0,3044.31,1.425,1.35,1.5
2020-05-29,2020-05-26,2020-05-29,0618,up,3065.0,2955.45,0.19000000000000003,0.0,3044.31,5.8,5.6,6.0
2020-05-29,2020-05-26,2020-05-29,0786,dn,2820.0,2955.45,0.01499999999999999,0.0,3044.31,0.8999999999999999,0.85,0.95
2020-05-29,2020-05-26,2020-05-29,0786,up,3095.0,2955.45,0.06499999999999999,0.0,3044.31,2.025,1.95,2.1
2020-05-29,2020-05-26,2020-05-29,100,dn,2780.0,2955.45,0.004999999999999993,0.0,3044.31,0.475,0.45,0.5
2020-05-29,2020-05-26,2020-05-29,100,up,3130.0,2955.45,0.019999999999999997,0.0,3044.31,0.625,0.55,0.7
2020-06-05,2020-06-01,2020-06-05,trigger,dn,3005.0,3044.31,0.2799999999999997,0.0,3193.93,23.6,23.2,24.0
2020-06-05,2020-06-01,2020-06-05,trigger,up,3085.0,3044.31,0.33999999999999986,1.0,3193.93,15.35,15.0,15.7
2020-06-05,2020-06-01,2020-06-05,0382,dn,2980.0,3044.31,0.21000000000000013,0.0,3193.93,17.35,17.0,17.7
2020-06-05,2020-06-01,2020-06-05,0382,up,3110.0,3044.31,0.21000000000000013,1.0,3193.93,8.05,7.8,8.3
2020-06-05,2020-06-01,2020-06-05,0618,dn,2940.0,3044.31,0.12999999999999973,0.0,3193.93,10.45,10.2,10.7
2020-06-05,2020-06-01,2020-06-05,0618,up,3150.0,3044.31,0.075,1.0,3193.93,2.275,2.15,2.4
2020-06-05,2020-06-01,2020-06-05,0786,dn,2910.0,3044.31,0.09000000000000004,0.0,3193.93,7.05,6.8,7.3
2020-06-05,2020-06-01,2020-06-05,0786,up,3180.0,3044.31,0.019999999999999973,1.0,3193.93,0.825,0.75,0.9
2020-06-05,2020-06-01,2020-06-05,100,dn,2875.0,3044.31,0.05999999999999979,0.0,3193.93,4.449999999999999,4.3,4.6
2020-06-05,2020-06-01,2020-06-05,100,up,3215.0,3044.31,0.0050000000000000044,0.0,3193.93,0.325,0.25,0.4
2020-06-12,2020-06-08,2020-06-12,trigger,dn,3155.0,3193.93,0.21999999999999992,1.0,3041.31,15.25,15.1,15.4
2020-06-12,2020-06-08,2020-06-12,trigger,up,3235.0,3193.93,0.3499999999999993,0.0,3041.31,19.049999999999997,18.9,19.2
2020-06-12,2020-06-08,2020-06-12,0382,dn,3130.0,3193.93,0.15,1.0,3041.31,10.5,10.4,10.6
2020-06-12,2020-06-08,2020-06-12,0382,up,3260.0,3193.93,0.2400000000000002,0.0,3041.31,11.55,11.4,11.7
2020-06-12,2020-06-08,2020-06-12,0618,dn,3090.0,3193.93,0.08999999999999986,1.0,3041.31,5.699999999999999,5.6,5.8
2020-06-12,2020-06-08,2020-06-12,0618,up,3300.0,3193.93,0.1,0.0,3041.31,4.9,4.8,5.0
2020-06-12,2020-06-08,2020-06-12,0786,dn,3060.0,3193.93,0.06000000000000005,1.0,3041.31,3.6,3.5,3.7
2020-06-12,2020-06-08,2020-06-12,0786,up,3330.0,3193.93,0.05,0.0,3041.31,2.575,2.5,2.65
2020-06-12,2020-06-08,2020-06-12,100,dn,3025.0,3193.93,0.02999999999999998,0.0,3041.31,2.175,2.1,2.25
2020-06-19,2020-06-15,2020-06-19,trigger,dn,3000.0,3041.31,0.44000000000000056,0.0,3097.74,57.2,56.5,57.9
2020-06-19,2020-06-15,2020-06-19,trigger,up,3085.0,3041.31,0.2699999999999996,1.0,3097.74,16.15,15.8,16.5
2020-06-19,2020-06-15,2020-06-19,0382,dn,2975.0,3041.31,0.3799999999999997,0.0,3097.74,46.9,46.3,47.5
2020-06-19,2020-06-15,2020-06-19,0382,up,3110.0,3041.31,0.1700000000000003,0.0,3097.74,10.25,10.0,10.5
2020-06-19,2020-06-15,2020-06-19,0618,dn,2930.0,3041.31,0.24999999999999928,0.0,3097.74,32.3,31.9,32.7
2020-06-19,2020-06-15,2020-06-19,0618,up,3150.0,3041.31,0.09000000000000004,0.0,3097.74,4.7,4.5,4.9
2020-06-19,2020-06-15,2020-06-19,0786,dn,2905.0,3041.31,0.25,0.0,3097.74,26.200000000000003,25.8,26.6
2020-06-19,2020-06-15,2020-06-19,0786,up,3180.0,3041.31,0.05,0.0,3097.74,2.55,2.4,2.7
2020-06-19,2020-06-15,2020-06-19,100,dn,2865.0,3041.31,0.21999999999999958,0.0,3097.74,18.7,18.0,19.4
2020-06-19,2020-06-15,2020-06-19,100,up,3220.0,3041.31,0.020000000000000018,0.0,3097.74,1.2000000000000002,1.1,1.3
2020-06-26,2020-06-22,2020-06-26,trigger,dn,3055.0,3097.74,0.2900000000000006,1.0,3009.05,27.85,27.5,28.2
2020-06-26,2020-06-22,2020-06-26,trigger,up,3140.0,3097.74,0.3799999999999997,0.0,3009.05,21.0,20.8,21.2
2020-06-26,2020-06-22,2020-06-26,0382,dn,3030.0,3097.74,0.21999999999999958,1.0,3009.05,21.15,20.9,21.4
2020-06-26,2020-06-22,2020-06-26,0382,up,3165.0,3097.74,0.2600000000000001,0.0,3009.05,12.600000000000001,12.4,12.8
2020-06-26,2020-06-22,2020-06-26,0618,dn,2990.0,3097.74,0.15,0.0,3009.05,13.45,13.2,13.7
2020-06-26,2020-06-22,2020-06-26,0618,up,3205.0,3097.74,0.11999999999999993,0.0,3009.05,4.699999999999999,4.6,4.8
2020-06-26,2020-06-22,2020-06-26,0786,dn,2960.0,3097.74,0.10999999999999979,0.0,3009.05,9.399999999999999,9.2,9.6
2020-06-26,2020-06-22,2020-06-26,0786,up,3235.0,3097.74,0.049999999999999954,0.0,3009.05,1.9749999999999999,1.9,2.05
2020-06-26,2020-06-22,2020-06-26,100,dn,2920.0,3097.74,0.06999999999999992,0.0,3009.05,5.75,5.6,5.9
2020-06-26,2020-06-22,2020-06-26,100,up,3275.0,3097.74,0.01499999999999999,0.0,3009.05,0.625,0.55,0.7
2020-07-03,2020-06-29,2020-07-02,trigger,dn,2970.0,3009.05,0.28999999999999915,0.0,3130.01,25.549999999999997,25.2,25.9
2020-07-03,2020-06-29,2020-07-02,trigger,up,3050.0,3009.05,0.4299999999999997,1.0,3130.01,23.65,23.4,23.9
2020-07-03,2020-06-29,2020-07-02,0382,dn,2940.0,3009.05,0.21999999999999958,0.0,3130.01,17.9,17.6,18.2
2020-07-03,2020-06-29,2020-07-02,0382,up,3075.0,3009.05,0.3,1.0,3130.01,14.2,13.9,14.5
2020-07-03,2020-06-29,2020-07-02,0618,dn,2900.0,3009.05,0.1400000000000002,0.0,3130.01,10.65,10.4,10.9
2020-07-03,2020-06-29,2020-07-02,0618,up,3120.0,3009.05,0.1200000000000001,1.0,3130.01,4.65,4.5,4.8
2020-07-03,2020-06-29,2020-07-02,0786,dn,2870.0,3009.05,0.1,0.0,3130.01,7.1,6.9,7.3
2020-07-03,2020-06-29,2020-07-02,0786,up,3145.0,3009.05,0.06499999999999999,0.0,3130.01,2.3,2.2,2.4
2020-07-03,2020-06-29,2020-07-02,100,dn,2835.0,3009.05,0.05999999999999996,0.0,3130.01,4.35,4.2,4.5
2020-07-03,2020-06-29,2020-07-02,100,up,3185.0,3009.05,0.019999999999999973,0.0,3130.01,0.7749999999999999,0.7,0.85
2020-07-10,2020-07-06,2020-07-10,trigger,dn,3090.0,3130.01,0.10999999999999996,0.0,3185.04,8.5,8.2,8.8
2020-07-10,2020-07-06,2020-07-10,trigger,up,3170.0,3130.01,0.6399999999999999,1.0,3185.04,33.75,32.7,34.8
2020-07-10,2020-07-06,2020-07-10,0382,dn,3065.0,3130.01,0.09000000000000004,0.0,3185.04,6.0,5.7,6.3
2020-07-10,2020-07-06,2020-07-10,0382,up,3195.0,3130.01,0.41000000000000086,0.0,3185.04,20.200000000000003,19.6,20.8
2020-07-10,2020-07-06,2020-07-10,0618,dn,3020.0,3130.01,0.03499999999999996,0.0,3185.04,3.25,3.1,3.4
2020-07-10,2020-07-06,2020-07-10,0618,up,3240.0,3130.01,0.19000000000000003,0.0,3185.04,6.25,5.9,6.6
2020-07-10,2020-07-06,2020-07-10,0786,dn,2995.0,3130.01,0.025,0.0,3185.04,2.375,2.25,2.5
2020-07-10,2020-07-06,2020-07-10,0786,up,3265.0,3130.01,0.08500000000000005,0.0,3185.04,2.9,2.8,3.0
2020-07-10,2020-07-06,2020-07-10,100,dn,2955.0,3130.01,0.01499999999999999,0.0,3185.04,1.5,1.4,1.6
2020-07-10,2020-07-06,2020-07-10,100,up,3305.0,3130.01,0.020000000000000018,0.0,3185.04,0.875,0.8,0.95
2020-07-17,2020-07-13,2020-07-17,trigger,dn,3145.0,3185.04,0.17999999999999972,0.0,3224.73,13.7,13.5,13.9
2020-07-17,2020-07-13,2020-07-17,trigger,up,3225.0,3185.04,0.42000000000000026,0.0,3224.73,20.55,20.3,20.8
2020-07-17,2020-07-13,2020-07-17,0382,dn,3120.0,3185.04,0.11999999999999993,0.0,3224.73,9.65,9.5,9.8
2020-07-17,2020-07-13,2020-07-17,0382,up,3250.0,3185.04,0.2600000000000001,0.0,3224.73,11.600000000000001,11.4,11.8
2020-07-17,2020-07-13,2020-07-17,0618,dn,3080.0,3185.04,0.06999999999999992,0.0,3224.73,5.5,5.4,5.6
2020-07-17,2020-07-13,2020-07-17,0618,up,3290.0,3185.04,0.09999999999999991,0.0,3224.73,4.1,4.0,4.2
2020-07-17,2020-07-13,2020-07-17,0786,dn,3055.0,3185.04,0.05,0.0,3224.73,3.95,3.9,4.0
2020-07-17,2020-07-13,2020-07-17,0786,up,3315.0,3185.04,0.06000000000000005,0.0,3224.73,2.075,2.0,2.15
2020-07-17,2020-07-13,2020-07-17,100,dn,3020.0,3185.04,0.030000000000000072,0.0,3224.73,2.5,2.45,2.55
2020-07-17,2020-07-13,2020-07-17,100,up,3355.0,3185.04,0.01499999999999999,0.0,3224.73,0.6499999999999999,0.6,0.7
2020-07-24,2020-07-20,2020-07-24,trigger,dn,3185.0,3224.73,0.25999999999999945,0.0,3215.63,18.0,17.9,18.1
2020-07-24,2020-07-20,2020-07-24,trigger,up,3265.0,3224.73,0.2600000000000001,0.0,3215.63,10.5,10.4,10.6
2020-07-24,2020-07-20,2020-07-24,0382,dn,3160.0,3224.73,0.18000000000000008,0.0,3215.63,12.35,12.2,12.5
2020-07-24,2020-07-20,2020-07-24,0382,up,3285.0,3224.73,0.15999999999999978,0.0,3215.63,6.1,6.0,6.2
2020-07-24,2020-07-20,2020-07-24,0618,dn,3125.0,3224.73,0.11000000000000014,0.0,3215.63,7.300000000000001,7.2,7.4
2020-07-24,2020-07-20,2020-07-24,0618,up,3325.0,3224.73,0.05,0.0,3215.63,1.95,1.9,2.0
2020-07-24,2020-07-20,2020-07-24,0786,dn,3095.0,3224.73,0.06999999999999992,0.0,3215.63,4.65,4.5,4.8
2020-07-24,2020-07-20,2020-07-24,0786,up,3355.0,3224.73,0.020000000000000018,0.0,3215.63,0.8,0.75,0.85
2020-07-24,2020-07-20,2020-07-24,100,dn,3060.0,3224.73,0.030000000000000072,0.0,3215.63,2.7750000000000004,2.7,2.85
2020-07-24,2020-07-20,2020-07-24,100,up,3390.0,3224.73,0.009999999999999998,0.0,3215.63,0.3,0.25,0.35
2020-07-31,2020-07-27,2020-07-31,trigger,dn,3180.0,3215.63,0.2,0.0,3271.12,14.75,14.6,14.9
2020-07-31,2020-07-27,2020-07-31,trigger,up,3255.0,3215.63,0.44000000000000056,1.0,3271.12,19.75,19.6,19.9
2020-07-31,2020-07-27,2020-07-31,0382,dn,3155.0,3215.63,0.15,0.0,3271.12,10.25,10.1,10.4
2020-07-31,2020-07-27,2020-07-31,0382,up,3275.0,3215.63,0.31999999999999995,0.0,3271.12,11.85,11.7,12.0
2020-07-31,2020-07-27,2020-07-31,0618,dn,3120.0,3215.63,0.1,0.0,3271.12,6.0,5.9,6.1
2020-07-31,2020-07-27,2020-07-31,0618,up,3315.0,3215.63,0.10500000000000007,0.0,3271.12,3.2,3.1,3.3
2020-07-31,2020-07-27,2020-07-31,0786,dn,3090.0,3215.63,0.06000000000000005,0.0,3271.12,3.7,3.6,3.8
2020-07-31,2020-07-27,2020-07-31,0786,up,3340.0,3215.63,0.04500000000000002,0.0,3271.12,1.225,1.15,1.3
2020-07-31,2020-07-27,2020-07-31,100,dn,3060.0,3215.63,0.030000000000000072,0.0,3271.12,2.325,2.25,2.4
2020-07-31,2020-07-27,2020-07-31,100,up,3375.0,3215.63,0.01499999999999999,0.0,3271.12,0.32499999999999996,0.3,0.35
2020-08-07,2020-08-03,2020-08-07,trigger,dn,3235.0,3271.12,0.17999999999999972,0.0,3351.28,12.45,9.3,15.6
2020-08-07,2020-08-03,2020-08-07,trigger,up,3305.0,3271.12,0.4599999999999994,1.0,3351.28,19.65,16.4,22.9
2020-08-07,2020-08-03,2020-08-07,0382,dn,3215.0,3271.12,0.1,0.0,3351.28,9.2,6.1,12.3
2020-08-07,2020-08-03,2020-08-07,0382,up,3330.0,3271.12,0.5,1.0,3351.28,9.75,6.5,13.0
2020-08-07,2020-08-03,2020-08-07,0618,dn,3180.0,3271.12,0.08499999999999996,0.0,3351.28,5.475,2.25,8.7
2020-08-07,2020-08-03,2020-08-07,0618,up,3365.0,3271.12,0.1,0.0,3351.28,2.85,2.7,3.0
2020-08-07,2020-08-03,2020-08-07,0786,dn,3150.0,3271.12,0.039999999999999945,0.0,3351.28,3.4,3.3,3.5
2020-08-07,2020-08-03,2020-08-07,0786,up,3390.0,3271.12,0.03500000000000001,0.0,3351.28,1.1,1.0,1.2
2020-08-07,2020-08-03,2020-08-07,100,dn,3120.0,3271.12,0.030000000000000072,0.0,3351.28,2.2750000000000004,2.2,2.35
2020-08-07,2020-08-03,2020-08-07,100,up,3420.0,3271.12,0.009999999999999998,0.0,3351.28,0.35,0.3,0.4
2020-08-14,2020-08-10,2020-08-14,trigger,dn,3315.0,3351.28,0.18000000000000008,0.0,3372.85,11.55,11.4,11.7
2020-08-14,2020-08-10,2020-08-14,trigger,up,3385.0,3351.28,0.31999999999999995,0.0,3372.85,10.25,10.1,10.4
2020-08-14,2020-08-10,2020-08-14,0382,dn,3295.0,3351.28,0.13000000000000006,0.0,3372.85,8.25,8.1,8.4
2020-08-14,2020-08-10,2020-08-14,0382,up,3405.0,3351.28,0.18000000000000008,0.0,3372.85,5.0,4.9,5.1
2020-08-14,2020-08-10,2020-08-14,0618,dn,3260.0,3351.28,0.05999999999999979,0.0,3372.85,4.699999999999999,4.6,4.8
2020-08-14,2020-08-10,2020-08-14,0618,up,3440.0,3351.28,0.04500000000000002,0.0,3372.85,1.1,1.05,1.15
2020-08-14,2020-08-10,2020-08-14,0786,dn,3235.0,3351.28,0.04499999999999993,0.0,3372.85,3.3,3.2,3.4
2020-08-14,2020-08-10,2020-08-14,0786,up,3465.0,3351.28,0.015000000000000003,0.0,3372.85,0.375,0.35,0.4
2020-08-14,2020-08-10,2020-08-14,100,dn,3205.0,3351.28,0.019999999999999928,0.0,3372.85,2.175,2.1,2.25
2020-08-21,2020-08-17,2020-08-21,trigger,dn,3340.0,3372.85,0.18000000000000008,0.0,3397.16,10.1,10.0,10.2
2020-08-21,2020-08-17,2020-08-21,trigger,up,3405.0,3372.85,0.35,0.0,3397.16,11.6,11.5,11.7
2020-08-21,2020-08-17,2020-08-21,0382,dn,3320.0,3372.85,0.11999999999999993,0.0,3397.16,7.1,7.0,7.2
2020-08-21,2020-08-17,2020-08-21,0382,up,3425.0,3372.85,0.2,0.0,3397.16,5.800000000000001,5.7,5.9
2020-08-21,2020-08-17,2020-08-21,0618,dn,3285.0,3372.85,0.05999999999999996,0.0,3397.16,3.9,3.8,4.0
2020-08-21,2020-08-17,2020-08-21,0618,up,3460.0,3372.85,0.05,0.0,3397.16,1.4,1.35,1.45
2020-08-21,2020-08-17,2020-08-21,0786,dn,3265.0,3372.85,0.039999999999999855,0.0,3397.16,2.8499999999999996,2.8,2.9
2020-08-21,2020-08-17,2020-08-21,0786,up,3485.0,3372.85,0.019999999999999997,0.0,3397.16,0.5,0.45,0.55
2020-08-21,2020-08-17,2020-08-21,100,dn,3235.0,3372.85,0.020000000000000018,0.0,3397.16,1.875,1.8,1.95
2020-08-21,2020-08-17,2020-08-21,100,up,3515.0,3372.85,0.009999999999999998,0.0,3397.16,0.2,0.15,0.25
2020-08-28,2020-08-24,2020-08-28,trigger,dn,3365.0,3397.16,0.11999999999999993,0.0,3508.01,8.0,7.9,8.1
2020-08-28,2020-08-24,2020-08-28,trigger,up,3430.0,3397.16,0.4800000000000004,1.0,3508.01,17.450000000000003,17.3,17.6
2020-08-28,2020-08-24,2020-08-28,0382,dn,3345.0,3397.16,0.08999999999999986,0.0,3508.01,5.699999999999999,5.6,5.8
2020-08-28,2020-08-24,2020-08-28,0382,up,3450.0,3397.16,0.3,1.0,3508.01,9.2,9.1,9.3
2020-08-28,2020-08-24,2020-08-28,0618,dn,3315.0,3397.16,0.040000000000000036,0.0,3508.01,3.5,3.4,3.6
2020-08-28,2020-08-24,2020-08-28,0618,up,3480.0,3397.16,0.11000000000000014,1.0,3508.01,2.7750000000000004,2.7,2.85
2020-08-28,2020-08-24,2020-08-28,0786,dn,3290.0,3397.16,0.029999999999999895,0.0,3508.01,2.425,2.35,2.5
2020-08-28,2020-08-24,2020-08-28,0786,up,3500.0,3397.16,0.04500000000000002,1.0,3508.01,1.175,1.1,1.25
2020-08-28,2020-08-24,2020-08-28,100,dn,3265.0,3397.16,0.020000000000000018,0.0,3508.01,1.75,1.7,1.8
2020-08-28,2020-08-24,2020-08-28,100,up,3530.0,3397.16,0.009999999999999998,0.0,3508.01,0.35,0.3,0.4
2020-09-04,2020-08-31,2020-09-04,trigger,dn,3475.0,3508.01,0.2799999999999997,1.0,3426.96,17.5,17.3,17.7
2020-09-04,2020-08-31,2020-09-04,trigger,up,3540.0,3508.01,0.2800000000000001,0.0,3426.96,10.55,10.4,10.7
2020-09-04,2020-08-31,2020-09-04,0382,dn,3460.0,3508.01,0.21000000000000013,1.0,3426.96,13.75,13.6,13.9
2020-09-04,2020-08-31,2020-09-04,0382,up,3560.0,3508.01,0.16999999999999993,0.0,3426.96,5.9,5.8,6.0
2020-09-04,2020-08-31,2020-09-04,0618,dn,3425.0,3508.01,0.11000000000000014,0.0,3426.96,8.05,7.9,8.2
2020-09-04,2020-08-31,2020-09-04,0618,up,3590.0,3508.01,0.06499999999999995,0.0,3426.96,2.2249999999999996,2.15,2.3
2020-09-04,2020-08-31,2020-09-04,0786,dn,3405.0,3508.01,0.08000000000000007,0.0,3426.96,6.0,5.9,6.1
2020-09-04,2020-08-31,2020-09-04,0786,up,3610.0,3508.01,0.02999999999999998,0.0,3426.96,1.125,1.05,1.2
2020-09-04,2020-08-31,2020-09-04,100,dn,3375.0,3508.01,0.04999999999999991,0.0,3426.96,3.9499999999999997,3.8,4.1
2020-09-04,2020-08-31,2020-09-04,100,up,3640.0,3508.01,0.009999999999999998,0.0,3426.96,0.45,0.4,0.5
2020-09-11,2020-09-08,2020-09-11,trigger,dn,3395.0,3426.96,0.5100000000000009,1.0,3340.97,60.6,60.0,61.2
2020-09-11,2020-09-08,2020-09-11,trigger,up,3460.0,3426.96,0.2099999999999998,0.0,3340.97,10.15,9.8,10.5
2020-09-11,2020-09-08,2020-09-11,0382,dn,3375.0,3426.96,0.45,1.0,3340.97,50.65,50.0,51.3
2020-09-11,2020-09-08,2020-09-11,0382,up,3480.0,3426.96,0.13999999999999985,0.0,3340.97,6.6,6.4,6.8
2020-09-11,2020-09-08,2020-09-11,0618,dn,3340.0,3426.96,0.3400000000000006,0.0,3340.97,36.6,36.2,37.0
2020-09-11,2020-09-08,2020-09-11,0618,up,3515.0,3426.96,0.05499999999999998,0.0,3340.97,2.85,2.7,3.0
2020-09-11,2020-09-08,2020-09-11,0786,dn,3315.0,3426.96,0.28000000000000114,0.0,3340.97,28.700000000000003,28.3,29.1
2020-09-11,2020-09-08,2020-09-11,0786,up,3535.0,3426.96,0.040000000000000036,0.0,3340.97,1.85,1.7,2.0
2020-09-11,2020-09-08,2020-09-11,100,dn,3290.0,3426.96,0.22000000000000028,0.0,3340.97,22.35,22.0,22.7
2020-09-11,2020-09-08,2020-09-11,100,up,3565.0,3426.96,0.019999999999999997,0.0,3340.97,1.0,0.9,1.1
2020-09-18,2020-09-14,2020-09-18,trigger,dn,3310.0,3340.97,0.2,0.0,3319.47,15.05,14.9,15.2
2020-09-18,2020-09-14,2020-09-18,trigger,up,3375.0,3340.97,0.6,0.0,3319.47,47.2,46.9,47.5
2020-09-18,2020-09-14,2020-09-18,0382,dn,3290.0,3340.97,0.16000000000000014,0.0,3319.47,11.55,11.4,11.7
2020-09-18,2020-09-14,2020-09-18,0382,up,3395.0,3340.97,0.5100000000000009,0.0,3319.47,35.85,35.6,36.1
2020-09-18,2020-09-14,2020-09-18,0618,dn,3255.0,3340.97,0.08000000000000007,0.0,3319.47,7.15,7.0,7.3
2020-09-18,2020-09-14,2020-09-18,0618,up,3425.0,3340.97,0.38999999999999985,0.0,3319.47,22.0,21.8,22.2
2020-09-18,2020-09-14,2020-09-18,0786,dn,3235.0,3340.97,0.08000000000000007,0.0,3319.47,5.550000000000001,5.4,5.7
2020-09-18,2020-09-14,2020-09-18,0786,up,3450.0,3340.97,0.28999999999999987,0.0,3319.47,13.45,13.3,13.6
2020-09-18,2020-09-14,2020-09-18,100,dn,3205.0,3340.97,0.040000000000000036,0.0,3319.47,3.75,3.6,3.9
2020-09-18,2020-09-14,2020-09-18,100,up,3480.0,3340.97,0.16000000000000014,0.0,3319.47,6.65,6.5,6.8
2020-09-25,2020-09-21,2020-09-25,trigger,dn,3285.0,3319.47,0.5100000000000009,0.0,3298.46,51.9,51.4,52.4
2020-09-25,2020-09-21,2020-09-25,trigger,up,3350.0,3319.47,0.17999999999999972,0.0,3298.46,8.399999999999999,8.2,8.6
2020-09-25,2020-09-21,2020-09-25,0382,dn,3265.0,3319.47,0.43999999999999917,0.0,3298.46,42.3,41.9,42.7
2020-09-25,2020-09-21,2020-09-25,0382,up,3370.0,3319.47,0.11999999999999993,0.0,3298.46,5.15,5.0,5.3
2020-09-25,2020-09-21,2020-09-25,0618,dn,3235.0,3319.47,0.35,0.0,3298.46,30.4,30.0,30.8
2020-09-25,2020-09-21,2020-09-25,0618,up,3405.0,3319.47,0.04499999999999997,0.0,3298.46,2.15,2.05,2.25
2020-09-25,2020-09-21,2020-09-25,0786,dn,3210.0,3319.47,0.2700000000000003,0.0,3298.46,22.6,22.3,22.9
2020-09-25,2020-09-21,2020-09-25,0786,up,3430.0,3319.47,0.020000000000000018,0.0,3298.46,1.175,1.1,1.25
2020-09-25,2020-09-21,2020-09-25,100,dn,3180.0,3319.47,0.21000000000000013,0.0,3298.46,15.5,15.2,15.8
2020-09-25,2020-09-21,2020-09-25,100,up,3455.0,3319.47,0.010000000000000009,0.0,3298.46,0.7,0.65,0.75
2020-10-02,2020-09-28,2020-10-02,trigger,dn,3265.0,3298.46,0.2,0.0,3348.42,15.2,15.0,15.4
2020-10-02,2020-09-28,2020-10-02,trigger,up,3330.0,3298.46,0.5900000000000005,1.0,3348.42,42.25,41.9,42.6
2020-10-02,2020-09-28,2020-10-02,0382,dn,3245.0,3298.46,0.16000000000000014,0.0,3348.42,11.7,11.5,11.9
2020-10-02,2020-09-28,2020-10-02,0382,up,3350.0,3298.46,0.5,0.0,3348.42,31.3,31.0,31.6
2020-10-02,2020-09-28,2020-10-02,0618,dn,3215.0,3298.46,0.10999999999999996,0.0,3348.42,7.8,7.6,8.0
2020-10-02,2020-09-28,2020-10-02,0618,up,3380.0,3298.46,0.33999999999999986,0.0,3348.42,18.25,18.0,18.5
2020-10-02,2020-09-28,2020-10-02,0786,dn,3190.0,3298.46,0.060000000000000143,0.0,3348.42,5.550000000000001,5.4,5.7
2020-10-02,2020-09-28,2020-10-02,0786,up,3405.0,3298.46,0.25,0.0,3348.42,10.7,10.5,10.9
2020-10-02,2020-09-28,2020-10-02,100,dn,3160.0,3298.46,0.05999999999999996,0.0,3348.42,3.8,3.7,3.9
2020-10-02,2020-09-28,2020-10-02,100,up,3435.0,3298.46,0.11999999999999993,0.0,3348.42,5.1,5.0,5.2
2020-10-09,2020-10-05,2020-10-09,trigger,dn,3315.0,3348.42,0.22000000000000028,0.0,3477.14,16.05,15.8,16.3
2020-10-09,2020-10-05,2020-10-09,trigger,up,3380.0,3348.42,0.5100000000000009,1.0,3477.14,32.900000000000006,32.6,33.2
2020-10-09,2020-10-05,2020-10-09,0382,dn,3295.0,3348.42,0.17999999999999972,0.0,3477.14,12.0,11.8,12.2
2020-10-09,2020-10-05,2020-10-09,0382,up,3400.0,3348.42,0.41000000000000014,1.0,3477.14,23.3,23.0,23.6
2020-10-09,2020-10-05,2020-10-09,0618,dn,3265.0,3348.42,0.11000000000000014,0.0,3477.14,7.5,7.3,7.7
2020-10-09,2020-10-05,2020-10-09,0618,up,3430.0,3348.42,0.2800000000000001,1.0,3477.14,12.65,12.4,12.9
2020-10-09,2020-10-05,2020-10-09,0786,dn,3245.0,3348.42,0.09000000000000022,0.0,3477.14,5.4,5.2,5.6
2020-10-09,2020-10-05,2020-10-09,0786,up,3455.0,3348.42,0.16000000000000014,1.0,3477.14,6.9,6.7,7.1
2020-10-09,2020-10-05,2020-10-09,100,dn,3215.0,3348.42,0.05499999999999998,0.0,3477.14,3.25,3.1,3.4
2020-10-09,2020-10-05,2020-10-09,100,up,3480.0,3348.42,0.07999999999999999,0.0,3477.14,3.55,3.4,3.7
2020-10-16,2020-10-12,2020-10-16,trigger,dn,3445.0,3477.14,0.16999999999999993,0.0,3483.81,10.25,10.1,10.4
2020-10-16,2020-10-12,2020-10-16,trigger,up,3510.0,3477.14,0.5,0.0,3483.81,23.85,23.7,24.0
2020-10-16,2020-10-12,2020-10-16,0382,dn,3425.0,3477.14,0.12000000000000029,0.0,3483.81,7.300000000000001,7.2,7.4
2020-10-16,2020-10-12,2020-10-16,0382,up,3530.0,3477.14,0.35,0.0,3483.81,15.1,15.0,15.2
2020-10-16,2020-10-12,2020-10-16,0618,dn,3395.0,3477.14,0.060000000000000143,0.0,3483.81,4.5,4.4,4.6
2020-10-16,2020-10-12,2020-10-16,0618,up,3560.0,3477.14,0.19000000000000022,0.0,3483.81,6.65,6.5,6.8
2020-10-16,2020-10-12,2020-10-16,0786,dn,3370.0,3477.14,0.04500000000000002,0.0,3483.81,3.1,3.0,3.2
2020-10-16,2020-10-12,2020-10-16,0786,up,3580.0,3477.14,0.1,0.0,3483.81,3.5,3.4,3.6
2020-10-16,2020-10-12,2020-10-16,100,dn,3345.0,3477.14,0.029999999999999895,0.0,3483.81,2.2249999999999996,2.15,2.3
2020-10-16,2020-10-12,2020-10-16,100,up,3610.0,3477.14,0.040000000000000036,0.0,3483.81,1.225,1.15,1.3
2020-10-23,2020-10-19,2020-10-23,trigger,dn,3455.0,3483.81,0.2900000000000006,0.0,3465.39,19.35,19.2,19.5
2020-10-23,2020-10-19,2020-10-23,trigger,up,3515.0,3483.81,0.42000000000000026,0.0,3465.39,23.25,23.1,23.4
2020-10-23,2020-10-19,2020-10-23,0382,dn,3435.0,3483.81,0.21000000000000013,0.0,3465.39,14.25,14.1,14.4
2020-10-23,2020-10-19,2020-10-23,0382,up,3535.0,3483.81,0.31999999999999995,0.0,3465.39,15.65,15.5,15.8
2020-10-23,2020-10-19,2020-10-23,0618,dn,3400.0,3483.81,0.11999999999999993,0.0,3465.39,8.2,8.1,8.3
2020-10-23,2020-10-19,2020-10-23,0618,up,3565.0,3483.81,0.18000000000000008,0.0,3465.39,7.75,7.6,7.9
2020-10-23,2020-10-19,2020-10-23,0786,dn,3380.0,3483.81,0.08000000000000007,0.0,3465.39,5.9,5.8,6.0
2020-10-23,2020-10-19,2020-10-23,0786,up,3585.0,3483.81,0.11999999999999993,0.0,3465.39,4.6,4.5,4.7
2020-10-23,2020-10-19,2020-10-23,100,dn,3350.0,3483.81,0.050000000000000086,0.0,3465.39,3.6,3.5,3.7
2020-10-23,2020-10-19,2020-10-23,100,up,3615.0,3483.81,0.05499999999999998,0.0,3465.39,1.95,1.9,2.0
2020-10-30,2020-10-26,2020-10-30,trigger,dn,3435.0,3465.39,0.45,1.0,3269.96,36.0,35.7,36.3
2020-10-30,2020-10-26,2020-10-30,trigger,up,3495.0,3465.39,0.23000000000000043,0.0,3269.96,10.600000000000001,10.4,10.8
2020-10-30,2020-10-26,2020-10-30,0382,dn,3415.0,3465.39,0.36999999999999955,1.0,3269.96,27.7,27.5,27.9
2020-10-30,2020-10-26,2020-10-30,0382,up,3515.0,3465.39,0.16000000000000014,0.0,3269.96,6.550000000000001,6.4,6.7
2020-10-30,2020-10-26,2020-10-30,0618,dn,3385.0,3465.39,0.25999999999999945,1.0,3269.96,18.15,18.0,18.3
2020-10-30,2020-10-26,2020-10-30,0618,up,3545.0,3465.39,0.075,0.0,3269.96,3.0,2.9,3.1
2020-10-30,2020-10-26,2020-10-30,0786,dn,3365.0,3465.39,0.2,1.0,3269.96,13.35,13.2,13.5
2020-10-30,2020-10-26,2020-10-30,0786,up,3565.0,3465.39,0.04499999999999997,0.0,3269.96,1.7,1.65,1.75
2020-10-30,2020-10-26,2020-10-30,100,dn,3335.0,3465.39,0.13000000000000006,1.0,3269.96,8.25,8.1,8.4
2020-10-30,2020-10-26,2020-10-30,100,up,3595.0,3465.39,0.019999999999999973,0.0,3269.96,0.7,0.65,0.75
2020-11-06,2020-11-02,2020-11-06,trigger,dn,3240.0,3269.96,0.2900000000000006,0.0,3509.44,41.900000000000006,38.6,45.2
2020-11-06,2020-11-02,2020-11-06,trigger,up,3300.0,3269.96,0.5899999999999977,1.0,3509.44,76.25,72.9,79.6
2020-11-06,2020-11-02,2020-11-06,0382,dn,3220.0,3269.96,0.2900000000000006,0.0,3509.44,36.5,33.3,39.7
2020-11-06,2020-11-02,2020-11-06,0382,up,3320.0,3269.96,0.5599999999999994,1.0,3509.44,64.75,61.3,68.2
2020-11-06,2020-11-02,2020-11-06,0618,dn,3185.0,3269.96,0.2,0.0,3509.44,28.45,25.2,31.7
2020-11-06,2020-11-02,2020-11-06,0618,up,3355.0,3269.96,0.49000000000000055,1.0,3509.44,46.7,43.3,50.1
2020-11-06,2020-11-02,2020-11-06,0786,dn,3165.0,3269.96,0.17999999999999972,0.0,3509.44,24.65,21.3,28.0
2020-11-06,2020-11-02,2020-11-06,0786,up,3375.0,3269.96,0.4299999999999983,1.0,3509.44,37.349999999999994,33.9,40.8
2020-11-06,2020-11-02,2020-11-06,100,dn,3135.0,3269.96,0.4599999999999994,0.0,3509.44,19.9,16.8,23.0
2020-11-06,2020-11-02,2020-11-06,100,up,3405.0,3269.96,0.3799999999999997,1.0,3509.44,25.6,22.3,28.9
2020-11-13,2020-11-09,2020-11-13,trigger,dn,3475.0,3509.44,0.1,0.0,3585.15,7.7,7.5,7.9
2020-11-13,2020-11-09,2020-11-13,trigger,up,3545.0,3509.44,0.75,1.0,3585.15,85.6,84.4,86.8
2020-11-13,2020-11-09,2020-11-13,0382,dn,3455.0,3509.44,0.08000000000000007,0.0,3585.15,6.050000000000001,5.9,6.2
2020-11-13,2020-11-09,2020-11-13,0382,up,3565.0,3509.44,0.7099999999999994,1.0,3585.15,70.1,69.5,70.7
2020-11-13,2020-11-09,2020-11-13,0618,dn,3420.0,3509.44,0.05,0.0,3585.15,4.0,3.9,4.1
2020-11-13,2020-11-09,2020-11-13,0618,up,3600.0,3509.44,0.5800000000000012,0.0,3585.15,47.150000000000006,46.7,47.6
2020-11-13,2020-11-09,2020-11-13,0786,dn,3395.0,3509.44,0.03500000000000005,0.0,3585.15,3.075,2.95,3.2
2020-11-13,2020-11-09,2020-11-13,0786,up,3625.0,3509.44,0.5,0.0,3585.15,34.35,33.2,35.5
2020-11-13,2020-11-09,2020-11-13,100,dn,3365.0,3509.44,0.020000000000000108,0.0,3585.15,2.325,2.25,2.4
2020-11-13,2020-11-09,2020-11-13,100,up,3655.0,3509.44,0.32999999999999974,0.0,3585.15,21.45,20.7,22.2
2020-11-20,2020-11-16,2020-11-20,trigger,dn,3550.0,3585.15,0.18999999999999986,0.0,3557.54,14.5,14.4,14.6
2020-11-20,2020-11-16,2020-11-20,trigger,up,3620.0,3585.15,0.4800000000000004,0.0,3557.54,25.3,25.1,25.5
2020-11-20,2020-11-16,2020-11-20,0382,dn,3530.0,3585.15,0.1400000000000002,0.0,3557.54,11.15,11.0,11.3
2020-11-20,2020-11-16,2020-11-20,0382,up,3640.0,3585.15,0.35,0.0,3557.54,16.65,16.5,16.8
2020-11-20,2020-11-16,2020-11-20,0618,dn,3495.0,3585.15,0.07999999999999971,0.0,3557.54,6.949999999999999,6.8,7.1
2020-11-20,2020-11-16,2020-11-20,0618,up,3675.0,3585.15,0.16000000000000014,0.0,3557.54,7.15,7.0,7.3
2020-11-20,2020-11-16,2020-11-20,0786,dn,3470.0,3585.15,0.060000000000000143,0.0,3557.54,5.050000000000001,4.9,5.2
2020-11-20,2020-11-16,2020-11-20,0786,up,3700.0,3585.15,0.09000000000000004,0.0,3557.54,3.75,3.6,3.9
2020-11-20,2020-11-16,2020-11-20,100,dn,3440.0,3585.15,0.040000000000000036,0.0,3557.54,3.5,3.4,3.6
2020-11-20,2020-11-16,2020-11-20,100,up,3730.0,3585.15,0.039999999999999994,0.0,3557.54,1.775,1.7,1.85
2020-11-27,2020-11-23,2020-11-27,trigger,dn,3525.0,3557.54,0.15,0.0,3638.35,8.55,8.4,8.7
2020-11-27,2020-11-23,2020-11-27,trigger,up,3590.0,3557.54,0.5099999999999995,1.0,3638.35,21.75,21.6,21.9
2020-11-27,2020-11-23,2020-11-27,0382,dn,3505.0,3557.54,0.11999999999999993,0.0,3638.35,5.85,5.7,6.0
2020-11-27,2020-11-23,2020-11-27,0382,up,3610.0,3557.54,0.3400000000000002,1.0,3638.35,12.9,12.8,13.0
2020-11-27,2020-11-23,2020-11-27,0618,dn,3470.0,3557.54,0.05999999999999996,0.0,3638.35,2.825,2.75,2.9
2020-11-27,2020-11-23,2020-11-27,0618,up,3645.0,3557.54,0.14000000000000004,0.0,3638.35,4.5,4.4,4.6
2020-11-27,2020-11-23,2020-11-27,0786,dn,3450.0,3557.54,0.02999999999999998,0.0,3638.35,1.875,1.8,1.95
2020-11-27,2020-11-23,2020-11-27,0786,up,3665.0,3557.54,0.07000000000000002,0.0,3638.35,2.375,2.3,2.45
2020-11-27,2020-11-23,2020-11-27,100,dn,3420.0,3557.54,0.01499999999999999,0.0,3638.35,1.15,1.1,1.2
2020-11-27,2020-11-23,2020-11-27,100,up,3695.0,3557.54,0.025,0.0,3638.35,0.925,0.85,1.0
2020-12-04,2020-11-30,2020-12-04,trigger,dn,3605.0,3638.35,0.3,0.0,3699.12,21.85,21.7,22.0
2020-12-04,2020-11-30,2020-12-04,trigger,up,3670.0,3638.35,0.25,1.0,3699.12,10.2,10.1,10.3
2020-12-04,2020-11-30,2020-12-04,0382,dn,3585.0,3638.35,0.23000000000000043,0.0,3699.12,16.200000000000003,16.1,16.3
2020-12-04,2020-11-30,2020-12-04,0382,up,3690.0,3638.35,0.16000000000000014,1.0,3699.12,5.9,5.8,6.0
2020-12-04,2020-11-30,2020-12-04,0618,dn,3555.0,3638.35,0.13999999999999985,0.0,3699.12,10.35,10.2,10.5
2020-12-04,2020-11-30,2020-12-04,0618,up,3725.0,3638.35,0.05499999999999998,0.0,3699.12,2.125,2.05,2.2
2020-12-04,2020-11-30,2020-12-04,0786,dn,3530.0,3638.35,0.1,0.0,3699.12,7.199999999999999,7.1,7.3
2020-12-04,2020-11-30,2020-12-04,0786,up,3745.0,3638.35,0.030000000000000027,0.0,3699.12,1.225,1.15,1.3
2020-12-04,2020-11-30,2020-12-04,100,dn,3500.0,3638.35,0.06999999999999992,0.0,3699.12,4.699999999999999,4.6,4.8
2020-12-04,2020-11-30,2020-12-04,100,up,3775.0,3638.35,0.01499999999999999,0.0,3699.12,0.575,0.5,0.65
2020-12-11,2020-12-07,2020-12-11,trigger,dn,3665.0,3699.12,0.2600000000000001,0.0,3663.46,15.0,14.9,15.1
2020-12-11,2020-12-07,2020-12-11,trigger,up,3730.0,3699.12,0.2800000000000001,0.0,3663.46,10.3,10.2,10.4
2020-12-11,2020-12-07,2020-12-11,0382,dn,3650.0,3699.12,0.18999999999999986,0.0,3663.46,11.5,11.4,11.6
2020-12-11,2020-12-07,2020-12-11,0382,up,3750.0,3699.12,0.16999999999999993,0.0,3663.46,5.65,5.5,5.8
2020-12-11,2020-12-07,2020-12-11,0618,dn,3615.0,3699.12,0.1,0.0,3663.46,6.4,6.3,6.5
2020-12-11,2020-12-07,2020-12-11,0618,up,3780.0,3699.12,0.05999999999999996,0.0,3663.46,2.175,2.1,2.25
2020-12-11,2020-12-07,2020-12-11,0786,dn,3595.0,3699.12,0.05999999999999979,0.0,3663.46,4.6,4.5,4.7
2020-12-11,2020-12-07,2020-12-11,0786,up,3805.0,3699.12,0.030000000000000027,0.0,3663.46,1.05,1.0,1.1
2020-12-11,2020-12-07,2020-12-11,100,dn,3565.0,3699.12,0.04499999999999993,0.0,3663.46,3.0,2.9,3.1
2020-12-11,2020-12-07,2020-12-11,100,up,3835.0,3699.12,0.009999999999999998,0.0,3663.46,0.45,0.4,0.5
2020-12-18,2020-12-14,2020-12-18,trigger,dn,3635.0,3663.46,0.16000000000000014,0.0,3709.41,10.65,10.5,10.8
2020-12-18,2020-12-14,2020-12-18,trigger,up,3695.0,3663.46,0.5599999999999994,1.0,3709.41,26.65,26.5,26.8
2020-12-18,2020-12-14,2020-12-18,0382,dn,3615.0,3663.46,0.11999999999999993,0.0,3709.41,7.949999999999999,7.8,8.1
2020-12-18,2020-12-14,2020-12-18,0382,up,3715.0,3663.46,0.4199999999999996,0.0,3709.41,16.4,16.3,16.5
2020-12-18,2020-12-14,2020-12-18,0618,dn,3585.0,3663.46,0.05999999999999979,0.0,3709.41,5.199999999999999,5.1,5.3
2020-12-18,2020-12-14,2020-12-18,0618,up,3745.0,3663.46,0.2,0.0,3709.41,6.6,6.5,6.7
2020-12-18,2020-12-14,2020-12-18,0786,dn,3560.0,3663.46,0.039999999999999945,0.0,3709.41,3.8,3.7,3.9
2020-12-18,2020-12-14,2020-12-18,0786,up,3765.0,3663.46,0.10499999999999998,0.0,3709.41,3.4,3.3,3.5
2020-12-18,2020-12-14,2020-12-18,100,dn,3535.0,3663.46,0.025,0.0,3709.41,2.875,2.8,2.95
2020-12-18,2020-12-14,2020-12-18,100,up,3795.0,3663.46,0.03500000000000001,0.0,3709.41,1.375,1.3,1.45
2020-12-25,2020-12-21,2020-12-24,trigger,dn,3680.0,3709.41,0.49000000000000055,0.0,3703.06,40.7,40.3,41.1
2020-12-25,2020-12-21,2020-12-24,trigger,up,3740.0,3709.41,0.13999999999999996,0.0,3703.06,4.35,4.2,4.5
2020-12-25,2020-12-21,2020-12-24,0382,dn,3660.0,3709.41,0.3799999999999997,0.0,3703.06,31.85,31.6,32.1
2020-12-25,2020-12-21,2020-12-24,0382,up,3760.0,3709.41,0.07000000000000002,0.0,3703.06,2.1,2.0,2.2
2020-12-25,2020-12-21,2020-12-24,0618,dn,3630.0,3709.41,0.2700000000000003,0.0,3703.06,22.05,21.8,22.3
2020-12-25,2020-12-21,2020-12-24,0618,up,3790.0,3709.41,0.019999999999999997,0.0,3703.06,0.7,0.6,0.8
2020-12-25,2020-12-21,2020-12-24,0786,dn,3610.0,3709.41,0.21000000000000013,0.0,3703.06,17.2,17.0,17.4
2020-12-25,2020-12-21,2020-12-24,0786,up,3810.0,3709.41,0.015000000000000003,0.0,3703.06,0.4,0.35,0.45
2020-12-25,2020-12-21,2020-12-24,100,dn,3585.0,3709.41,0.13999999999999985,0.0,3703.06,12.5,12.3,12.7
2020-12-25,2020-12-21,2020-12-24,100,up,3835.0,3709.41,0.004999999999999993,0.0,3703.06,0.175,0.1,0.25
2021-01-01,2020-12-28,2020-12-31,trigger,dn,3675.0,3703.06,0.13000000000000006,0.0,3756.07,6.800000000000001,6.7,6.9
2021-01-01,2020-12-28,2020-12-31,trigger,up,3730.0,3703.06,0.5200000000000002,1.0,3756.07,19.85,19.7,20.0
2021-01-01,2020-12-28,2020-12-31,0382,dn,3655.0,3703.06,0.08000000000000007,0.0,3756.07,4.6,4.5,4.7
2021-01-01,2020-12-28,2020-12-31,0382,up,3750.0,3703.06,0.33999999999999986,1.0,3756.07,10.75,10.6,10.9
2021-01-01,2020-12-28,2020-12-31,0618,dn,3625.0,3703.06,0.05,0.0,3756.07,2.625,2.55,2.7
2021-01-01,2020-12-28,2020-12-31,0618,up,3780.0,3703.06,0.12000000000000002,0.0,3756.07,3.7,3.6,3.8
2021-01-01,2020-12-28,2020-12-31,0786,dn,3605.0,3703.06,0.030000000000000027,0.0,3756.07,1.85,1.8,1.9
2021-01-01,2020-12-28,2020-12-31,0786,up,3800.0,3703.06,0.05999999999999996,0.0,3756.07,1.775,1.7,1.85
2021-01-01,2020-12-28,2020-12-31,100,dn,3580.0,3703.06,0.020000000000000018,0.0,3756.07,1.25,1.2,1.3
2021-01-01,2020-12-28,2020-12-31,100,up,3825.0,3703.06,0.025,0.0,3756.07,0.7,0.65,0.75
2021-01-08,2021-01-04,2021-01-08,trigger,dn,3730.0,3756.07,0.31999999999999956,0.0,3824.68,28.4,28.2,28.6
2021-01-08,2021-01-04,2021-01-08,trigger,up,3785.0,3756.07,0.36999999999999955,1.0,3824.68,16.45,16.2,16.7
2021-01-08,2021-01-04,2021-01-08,0382,dn,3710.0,3756.07,0.23999999999999985,0.0,3824.68,22.7,22.5,22.9
2021-01-08,2021-01-04,2021-01-08,0382,up,3800.0,3756.07,0.2800000000000001,1.0,3824.68,11.35,11.2,11.5
2021-01-08,2021-01-04,2021-01-08,0618,dn,3685.0,3756.07,0.1700000000000003,0.0,3824.68,17.3,17.1,17.5
2021-01-08,2021-01-04,2021-01-08,0618,up,3830.0,3756.07,0.13999999999999985,0.0,3824.68,4.85,4.7,5.0
2021-01-08,2021-01-04,2021-01-08,0786,dn,3665.0,3756.07,0.15,0.0,3824.68,14.05,13.8,14.3
2021-01-08,2021-01-04,2021-01-08,0786,up,3850.0,3756.07,0.07999999999999999,0.0,3824.68,2.6,2.5,2.7
2021-01-08,2021-01-04,2021-01-08,100,dn,3640.0,3756.07,0.10999999999999979,0.0,3824.68,10.85,10.7,11.0
2021-01-08,2021-01-04,2021-01-08,100,up,3875.0,3756.07,0.025,0.0,3824.68,1.2,1.15,1.25
2021-01-15,2021-01-11,2021-01-15,trigger,dn,3795.0,3824.68,0.36000000000000015,1.0,3768.25,29.0,28.8,29.2
2021-01-15,2021-01-11,2021-01-15,trigger,up,3855.0,3824.68,0.2600000000000001,0.0,3768.25,10.05,9.9,10.2
2021-01-15,2021-01-11,2021-01-15,0382,dn,3780.0,3824.68,0.28000000000000114,1.0,3768.25,23.950000000000003,23.8,24.1
2021-01-15,2021-01-11,2021-01-15,0382,up,3870.0,3824.68,0.18000000000000008,0.0,3768.25,6.65,6.5,6.8
2021-01-15,2021-01-11,2021-01-15,0618,dn,3750.0,3824.68,0.19000000000000056,0.0,3768.25,16.700000000000003,16.6,16.8
2021-01-15,2021-01-11,2021-01-15,0618,up,3900.0,3824.68,0.075,0.0,3768.25,2.7750000000000004,2.7,2.85
2021-01-15,2021-01-11,2021-01-15,0786,dn,3730.0,3824.68,0.13999999999999985,0.0,3768.25,13.25,13.1,13.4
2021-01-15,2021-01-11,2021-01-15,0786,up,3920.0,3824.68,0.039999999999999994,0.0,3768.25,1.55,1.5,1.6
2021-01-15,2021-01-11,2021-01-15,100,dn,3705.0,3824.68,0.12000000000000029,0.0,3768.25,10.05,9.9,10.2
2021-01-15,2021-01-11,2021-01-15,100,up,3945.0,3824.68,0.019999999999999973,0.0,3768.25,0.825,0.75,0.9
2021-01-22,2021-01-19,2021-01-22,trigger,dn,3740.0,3768.25,0.18999999999999986,0.0,3841.47,13.75,13.6,13.9
2021-01-22,2021-01-19,2021-01-22,trigger,up,3795.0,3768.25,0.5399999999999998,1.0,3841.47,24.3,24.1,24.5
2021-01-22,2021-01-19,2021-01-22,0382,dn,3725.0,3768.25,0.15,0.0,3841.47,11.1,11.0,11.2
2021-01-22,2021-01-19,2021-01-22,0382,up,3815.0,3768.25,0.38999999999999985,1.0,3841.47,14.6,14.5,14.7
2021-01-22,2021-01-19,2021-01-22,0618,dn,3695.0,3768.25,0.10999999999999979,0.0,3841.47,7.35,7.2,7.5
2021-01-22,2021-01-19,2021-01-22,0618,up,3840.0,3768.25,0.2,0.0,3841.47,6.65,6.5,6.8
2021-01-22,2021-01-19,2021-01-22,0786,dn,3675.0,3768.25,0.08000000000000007,0.0,3841.47,5.550000000000001,5.4,5.7
2021-01-22,2021-01-19,2021-01-22,0786,up,3860.0,3768.25,0.11500000000000003,0.0,3841.47,3.3,3.2,3.4
2021-01-22,2021-01-19,2021-01-22,100,dn,3650.0,3768.25,0.039999999999999945,0.0,3841.47,3.9,3.8,4.0
2021-01-22,2021-01-19,2021-01-22,100,up,3885.0,3768.25,0.05,0.0,3841.47,1.275,1.2,1.35
2021-01-29,2021-01-25,2021-01-29,trigger,dn,3815.0,3841.47,0.21999999999999992,1.0,3714.24,16.75,16.6,16.9
2021-01-29,2021-01-25,2021-01-29,trigger,up,3870.0,3841.47,0.42000000000000026,0.0,3714.24,15.950000000000001,15.8,16.1
2021-01-29,2021-01-25,2021-01-29,0382,dn,3795.0,3841.47,0.16000000000000014,1.0,3714.24,12.8,12.7,12.9
2021-01-29,2021-01-25,2021-01-29,0382,up,3885.0,3841.47,0.3,0.0,3714.24,10.35,10.2,10.5
2021-01-29,2021-01-25,2021-01-29,0618,dn,3770.0,3841.47,0.11999999999999993,1.0,3714.24,9.25,9.1,9.4
2021-01-29,2021-01-25,2021-01-29,0618,up,3915.0,3841.47,0.11999999999999993,0.0,3714.24,3.8,3.7,3.9
2021-01-29,2021-01-25,2021-01-29,0786,dn,3750.0,3841.47,0.09000000000000022,1.0,3714.24,7.15,7.0,7.3
2021-01-29,2021-01-25,2021-01-29,0786,up,3935.0,3841.47,0.06499999999999999,0.0,3714.24,1.875,1.8,1.95
2021-01-29,2021-01-25,2021-01-29,100,dn,3725.0,3841.47,0.05999999999999979,1.0,3714.24,5.199999999999999,5.1,5.3
2021-01-29,2021-01-25,2021-01-29,100,up,3960.0,3841.47,0.025,0.0,3714.24,0.7,0.65,0.75
2021-02-05,2021-02-01,2021-02-05,trigger,dn,3685.0,3714.24,0.25999999999999945,0.0,3886.83,32.4,32.0,32.8
2021-02-05,2021-02-01,2021-02-05,trigger,up,3745.0,3714.24,0.5799999999999997,1.0,3886.83,43.0,42.6,43.4
2021-02-05,2021-02-01,2021-02-05,0382,dn,3670.0,3714.24,0.24000000000000057,0.0,3886.83,28.700000000000003,28.3,29.1
2021-02-05,2021-02-01,2021-02-05,0382,up,3760.0,3714.24,0.5400000000000006,1.0,3886.83,34.45,34.1,34.8
2021-02-05,2021-02-01,2021-02-05,0618,dn,3640.0,3714.24,0.2,0.0,3886.83,22.35,22.0,22.7
2021-02-05,2021-02-01,2021-02-05,0618,up,3790.0,3714.24,0.41000000000000014,1.0,3886.83,19.75,19.4,20.1
2021-02-05,2021-02-01,2021-02-05,0786,dn,3620.0,3714.24,0.16000000000000014,0.0,3886.83,18.8,18.5,19.1
2021-02-05,2021-02-01,2021-02-05,0786,up,3810.0,3714.24,0.3,1.0,3886.83,12.399999999999999,12.1,12.7
2021-02-05,2021-02-01,2021-02-05,100,dn,3595.0,3714.24,0.14000000000000057,0.0,3886.83,15.100000000000001,14.8,15.4
2021-02-05,2021-02-01,2021-02-05,100,up,3835.0,3714.24,0.18000000000000008,1.0,3886.83,6.2,5.9,6.5
2021-02-12,2021-02-08,2021-02-12,trigger,dn,3855.0,3886.83,0.13999999999999985,0.0,3934.83,9.7,9.6,9.8
2021-02-12,2021-02-08,2021-02-12,trigger,up,3915.0,3886.83,0.46000000000000085,1.0,3934.83,18.700000000000003,18.6,18.8
2021-02-12,2021-02-08,2021-02-12,0382,dn,3840.0,3886.83,0.11000000000000014,0.0,3934.83,7.65,7.5,7.8
2021-02-12,2021-02-08,2021-02-12,0382,up,3935.0,3886.83,0.3,0.0,3934.83,10.9,10.8,11.0
2021-02-12,2021-02-08,2021-02-12,0618,dn,3810.0,3886.83,0.06999999999999992,0.0,3934.83,4.85,4.7,5.0
2021-02-12,2021-02-08,2021-02-12,0618,up,3965.0,3886.83,0.1299999999999999,0.0,3934.83,4.35,4.2,4.5
2021-02-12,2021-02-08,2021-02-12,0786,dn,3790.0,3886.83,0.040000000000000036,0.0,3934.83,3.6,3.5,3.7
2021-02-12,2021-02-08,2021-02-12,0786,up,3985.0,3886.83,0.060000000000000095,0.0,3934.83,2.2750000000000004,2.2,2.35
2021-02-12,2021-02-08,2021-02-12,100,dn,3760.0,3886.83,0.029999999999999895,0.0,3934.83,2.425,2.35,2.5
2021-02-12,2021-02-08,2021-02-12,100,up,4010.0,3886.83,0.030000000000000027,0.0,3934.83,1.05,1.0,1.1
2021-02-19,2021-02-16,2021-02-19,trigger,dn,3905.0,3934.83,0.16999999999999993,0.0,3906.71,11.4,11.3,11.5
2021-02-19,2021-02-16,2021-02-19,trigger,up,3965.0,3934.83,0.36999999999999955,0.0,3906.71,12.899999999999999,12.7,13.1
2021-02-19,2021-02-16,2021-02-19,0382,dn,3890.0,3934.83,0.13999999999999985,0.0,3906.71,8.95,8.8,9.1
2021-02-19,2021-02-16,2021-02-19,0382,up,3980.0,3934.83,0.25,0.0,3906.71,8.0,7.9,8.1
2021-02-19,2021-02-16,2021-02-19,0618,dn,3860.0,3934.83,0.08000000000000007,0.0,3906.71,5.65,5.5,5.8
2021-02-19,2021-02-16,2021-02-19,0618,up,4010.0,3934.83,0.09000000000000004,0.0,3906.71,2.875,2.8,2.95
2021-02-19,2021-02-16,2021-02-19,0786,dn,3840.0,3934.83,0.04999999999999982,0.0,3906.71,4.199999999999999,4.1,4.3
2021-02-19,2021-02-16,2021-02-19,0786,up,4030.0,3934.83,0.04499999999999997,0.0,3906.71,1.45,1.4,1.5
2021-02-19,2021-02-16,2021-02-19,100,dn,3815.0,3934.83,0.040000000000000036,0.0,3906.71,3.1,3.0,3.2
2021-02-19,2021-02-16,2021-02-19,100,up,4055.0,3934.83,0.009999999999999964,0.0,3906.71,0.6499999999999999,0.6,0.7
2021-02-26,2021-02-22,2021-02-26,trigger,dn,3880.0,3906.71,0.36000000000000015,1.0,3811.15,29.1,28.9,29.3
2021-02-26,2021-02-22,2021-02-26,trigger,up,3935.0,3906.71,0.2599999999999998,0.0,3811.15,9.85,9.7,10.0
2021-02-26,2021-02-22,2021-02-26,0382,dn,3860.0,3906.71,0.2799999999999997,1.0,3811.15,22.4,22.2,22.6
2021-02-26,2021-02-22,2021-02-26,0382,up,3950.0,3906.71,0.18999999999999986,0.0,3811.15,6.35,6.2,6.5
2021-02-26,2021-02-22,2021-02-26,0618,dn,3835.0,3906.71,0.2099999999999998,1.0,3811.15,16.2,16.0,16.4
2021-02-26,2021-02-22,2021-02-26,0618,up,3980.0,3906.71,0.075,0.0,3811.15,2.4,2.3,2.5
2021-02-26,2021-02-22,2021-02-26,0786,dn,3815.0,3906.71,0.15,1.0,3811.15,12.5,12.3,12.7
2021-02-26,2021-02-22,2021-02-26,0786,up,4000.0,3906.71,0.03500000000000001,0.0,3811.15,1.225,1.15,1.3
2021-02-26,2021-02-22,2021-02-26,100,dn,3790.0,3906.71,0.12000000000000029,0.0,3811.15,9.05,8.9,9.2
2021-02-26,2021-02-22,2021-02-26,100,up,4025.0,3906.71,0.009999999999999998,0.0,3811.15,0.5,0.45,0.55
2021-03-05,2021-03-01,2021-03-05,trigger,dn,3785.0,3811.15,0.1400000000000002,0.0,3841.94,14.15,10.8,17.5
2021-03-05,2021-03-01,2021-03-05,trigger,up,3840.0,3811.15,0.7300000000000011,0.0,3841.94,59.150000000000006,55.7,62.6
2021-03-05,2021-03-01,2021-03-05,0382,dn,3765.0,3811.15,0.11999999999999993,0.0,3841.94,11.5,8.2,14.8
2021-03-05,2021-03-01,2021-03-05,0382,up,3855.0,3811.15,0.6799999999999997,0.0,3841.94,48.4,44.9,51.9
2021-03-05,2021-03-01,2021-03-05,0618,dn,3740.0,3811.15,0.09000000000000022,0.0,3841.94,8.8,5.5,12.1
2021-03-05,2021-03-01,2021-03-05,0618,up,3885.0,3811.15,0.5300000000000005,0.0,3841.94,29.450000000000003,26.2,32.7
2021-03-05,2021-03-01,2021-03-05,0786,dn,3720.0,3811.15,-0.21999999999999992,0.0,3841.94,7.15,3.9,10.4
2021-03-05,2021-03-01,2021-03-05,0786,up,3905.0,3811.15,0.2699999999999996,0.0,3841.94,18.15,15.9,20.4
2021-03-05,2021-03-01,2021-03-05,100,dn,3695.0,3811.15,0.09000000000000004,0.0,3841.94,5.55,5.3,5.8
2021-03-05,2021-03-01,2021-03-05,100,up,3930.0,3811.15,0.23000000000000007,0.0,3841.94,9.8,6.5,13.1
2021-03-12,2021-03-08,2021-03-12,trigger,dn,3815.0,3841.94,0.31000000000000083,0.0,3943.34,34.9,34.4,35.4
2021-03-12,2021-03-08,2021-03-12,trigger,up,3870.0,3841.94,0.49000000000000055,1.0,3943.34,28.35,27.9,28.8
2021-03-12,2021-03-08,2021-03-12,0382,dn,3795.0,3841.94,0.22000000000000028,0.0,3943.34,28.85,28.6,29.1
2021-03-12,2021-03-08,2021-03-12,0382,up,3890.0,3841.94,0.38999999999999985,1.0,3943.34,19.15,18.8,19.5
2021-03-12,2021-03-08,2021-03-12,0618,dn,3765.0,3841.94,0.16000000000000014,0.0,3943.34,21.7,21.5,21.9
2021-03-12,2021-03-08,2021-03-12,0618,up,3920.0,3841.94,0.21999999999999992,1.0,3943.34,9.35,9.0,9.7
2021-03-12,2021-03-08,2021-03-12,0786,dn,3745.0,3841.94,0.16999999999999957,0.0,3943.34,17.95,17.7,18.2
2021-03-12,2021-03-08,2021-03-12,0786,up,3940.0,3841.94,0.13000000000000006,1.0,3943.34,5.5,5.3,5.7
2021-03-12,2021-03-08,2021-03-12,100,dn,3720.0,3841.94,0.12999999999999973,0.0,3943.34,13.95,13.7,14.2
2021-03-12,2021-03-08,2021-03-12,100,up,3965.0,3841.94,0.06499999999999995,0.0,3943.34,2.775,2.65,2.9
2021-03-19,2021-03-15,2021-03-19,trigger,dn,3915.0,3943.34,0.2799999999999997,0.0,3913.1,20.15,20.0,20.3
2021-03-19,2021-03-15,2021-03-19,trigger,up,3975.0,3943.34,0.33000000000000007,0.0,3913.1,14.6,14.5,14.7
2021-03-19,2021-03-15,2021-03-19,0382,dn,3895.0,3943.34,0.2,0.0,3913.1,15.2,15.1,15.3
2021-03-19,2021-03-15,2021-03-19,0382,up,3990.0,3943.34,0.2400000000000002,0.0,3913.1,10.05,9.9,10.2
2021-03-19,2021-03-15,2021-03-19,0618,dn,3865.0,3943.34,0.12000000000000029,0.0,3913.1,10.05,9.9,10.2
2021-03-19,2021-03-15,2021-03-19,0618,up,4020.0,3943.34,0.1299999999999999,0.0,3913.1,4.35,4.3,4.4
2021-03-19,2021-03-15,2021-03-19,0786,dn,3845.0,3943.34,0.1,0.0,3913.1,7.75,7.6,7.9
2021-03-19,2021-03-15,2021-03-19,0786,up,4040.0,3943.34,0.07000000000000006,0.0,3913.1,2.325,2.25,2.4
2021-03-19,2021-03-15,2021-03-19,100,dn,3820.0,3943.34,0.05999999999999979,0.0,3913.1,5.6,5.5,5.7
2021-03-19,2021-03-15,2021-03-19,100,up,4065.0,3943.34,0.02999999999999998,0.0,3913.1,1.075,1.0,1.15
2021-03-26,2021-03-22,2021-03-26,trigger,dn,3885.0,3913.1,0.18999999999999986,0.0,3974.54,14.1,14.0,14.2
2021-03-26,2021-03-22,2021-03-26,trigger,up,3940.0,3913.1,0.4599999999999994,1.0,3974.54,20.25,20.1,20.4
2021-03-26,2021-03-22,2021-03-26,0382,dn,3865.0,3913.1,0.13999999999999985,0.0,3974.54,10.6,10.5,10.7
2021-03-26,2021-03-22,2021-03-26,0382,up,3960.0,3913.1,0.31999999999999995,1.0,3974.54,12.2,12.1,12.3
2021-03-26,2021-03-22,2021-03-26,0618,dn,3840.0,3913.1,0.1,0.0,3974.54,7.5,7.4,7.6
2021-03-26,2021-03-22,2021-03-26,0618,up,3990.0,3913.1,0.13999999999999985,0.0,3974.54,5.0,4.9,5.1
2021-03-26,2021-03-22,2021-03-26,0786,dn,3815.0,3913.1,0.06999999999999992,0.0,3974.54,5.35,5.2,5.5
2021-03-26,2021-03-22,2021-03-26,0786,up,4010.0,3913.1,0.08499999999999996,0.0,3974.54,2.625,2.55,2.7
2021-03-26,2021-03-22,2021-03-26,100,dn,3790.0,3913.1,0.039999999999999945,0.0,3974.54,3.8,3.7,3.9
2021-03-26,2021-03-22,2021-03-26,100,up,4035.0,3913.1,0.040000000000000036,0.0,3974.54,1.1,1.05,1.15
2021-04-02,2021-03-29,2021-04-01,trigger,dn,3945.0,3974.54,0.3499999999999993,0.0,4019.87,23.549999999999997,23.4,23.7
2021-04-02,2021-03-29,2021-04-01,trigger,up,4005.0,3974.54,0.21999999999999992,1.0,4019.87,7.699999999999999,7.6,7.8
2021-04-02,2021-03-29,2021-04-01,0382,dn,3930.0,3974.54,0.2799999999999997,0.0,4019.87,18.75,18.6,18.9
2021-04-02,2021-03-29,2021-04-01,0382,up,4020.0,3974.54,0.15,0.0,4019.87,4.75,4.6,4.9
2021-04-02,2021-03-29,2021-04-01,0618,dn,3900.0,3974.54,0.18000000000000008,0.0,4019.87,12.05,11.9,12.2
2021-04-02,2021-03-29,2021-04-01,0618,up,4050.0,3974.54,0.05500000000000003,0.0,4019.87,1.6,1.5,1.7
2021-04-02,2021-03-29,2021-04-01,0786,dn,3880.0,3974.54,0.13000000000000006,0.0,4019.87,9.05,8.9,9.2
2021-04-02,2021-03-29,2021-04-01,0786,up,4070.0,3974.54,0.02999999999999998,0.0,4019.87,0.75,0.7,0.8
2021-04-02,2021-03-29,2021-04-01,100,dn,3850.0,3974.54,0.07999999999999971,0.0,4019.87,5.949999999999999,5.8,6.1
2021-04-02,2021-03-29,2021-04-01,100,up,4095.0,3974.54,0.009999999999999998,0.0,4019.87,0.3,0.25,0.35
2021-04-09,2021-04-05,2021-04-09,trigger,dn,3990.0,4019.87,0.1,0.0,4128.8,6.449999999999999,6.1,6.8
2021-04-09,2021-04-05,2021-04-09,trigger,up,4050.0,4019.87,0.5899999999999999,1.0,4128.8,28.2,27.5,28.9
2021-04-09,2021-04-05,2021-04-09,0382,dn,3975.0,4019.87,0.08000000000000007,0.0,4128.8,4.800000000000001,4.7,4.9
2021-04-09,2021-04-05,2021-04-09,0382,up,4065.0,4019.87,0.46000000000000013,1.0,4128.8,20.05,19.5,20.6
2021-04-09,2021-04-05,2021-04-09,0618,dn,3945.0,4019.87,0.05,0.0,4128.8,2.925,2.85,3.0
2021-04-09,2021-04-05,2021-04-09,0618,up,4095.0,4019.87,0.25000000000000033,1.0,4128.8,8.850000000000001,8.4,9.3
2021-04-09,2021-04-05,2021-04-09,0786,dn,3925.0,4019.87,0.03500000000000001,0.0,4128.8,2.125,2.05,2.2
2021-04-09,2021-04-05,2021-04-09,0786,up,4115.0,4019.87,0.14000000000000004,1.0,4128.8,4.8,4.5,5.1
2021-04-09,2021-04-05,2021-04-09,100,dn,3900.0,4019.87,0.020000000000000018,0.0,4128.8,1.5,1.4,1.6
2021-04-09,2021-04-05,2021-04-09,100,up,4140.0,4019.87,0.06000000000000001,0.0,4128.8,2.125,2.0,2.25
2021-04-16,2021-04-12,2021-04-16,trigger,dn,4100.0,4128.8,0.2800000000000001,0.0,4185.47,15.65,15.5,15.8
2021-04-16,2021-04-12,2021-04-16,trigger,up,4155.0,4128.8,0.2699999999999999,1.0,4185.47,9.5,9.4,9.6
2021-04-16,2021-04-12,2021-04-16,0382,dn,4085.0,4128.8,0.21000000000000013,0.0,4185.47,11.75,11.6,11.9
2021-04-16,2021-04-12,2021-04-16,0382,up,4175.0,4128.8,0.15999999999999978,1.0,4185.47,5.1,5.0,5.2
2021-04-16,2021-04-12,2021-04-16,0618,dn,4055.0,4128.8,0.12000000000000029,0.0,4185.47,6.800000000000001,6.7,6.9
2021-04-16,2021-04-12,2021-04-16,0618,up,4200.0,4128.8,0.06499999999999999,0.0,4185.47,2.25,2.2,2.3
2021-04-16,2021-04-12,2021-04-16,0786,dn,4035.0,4128.8,0.08000000000000007,0.0,4185.47,4.800000000000001,4.7,4.9
2021-04-16,2021-04-12,2021-04-16,0786,up,4220.0,4128.8,0.02999999999999998,0.0,4185.47,1.2,1.15,1.25
2021-04-16,2021-04-12,2021-04-16,100,dn,4010.0,4128.8,0.05500000000000007,0.0,4185.47,3.2,3.1,3.3
2021-04-16,2021-04-12,2021-04-16,100,up,4245.0,4128.8,0.010000000000000009,0.0,4185.47,0.55,0.5,0.6
2021-04-23,2021-04-19,2021-04-23,trigger,dn,4160.0,4185.47,0.2800000000000001,0.0,4180.17,15.75,15.6,15.9
2021-04-23,2021-04-19,2021-04-23,trigger,up,4215.0,4185.47,0.25,0.0,4180.17,7.199999999999999,7.1,7.3
2021-04-23,2021-04-19,2021-04-23,0382,dn,4140.0,4185.47,0.2,0.0,4180.17,10.8,10.7,10.9
2021-04-23,2021-04-19,2021-04-23,0382,up,4230.0,4185.47,0.15,0.0,4180.17,4.05,3.9,4.2
2021-04-23,2021-04-19,2021-04-23,0618,dn,4115.0,4185.47,0.12000000000000029,0.0,4180.17,6.800000000000001,6.7,6.9
2021-04-23,2021-04-19,2021-04-23,0618,up,4255.0,4185.47,0.05,0.0,4180.17,1.35,1.3,1.4
2021-04-23,2021-04-19,2021-04-23,0786,dn,4095.0,4185.47,0.07999999999999971,0.0,4180.17,4.699999999999999,4.6,4.8
2021-04-23,2021-04-19,2021-04-23,0786,up,4275.0,4185.47,0.020000000000000007,0.0,4180.17,0.55,0.5,0.6
2021-04-23,2021-04-19,2021-04-23,100,dn,4070.0,4185.47,0.05,0.0,4180.17,3.0250000000000004,2.95,3.1
2021-04-23,2021-04-19,2021-04-23,100,up,4300.0,4185.47,0.0050000000000000044,0.0,4180.17,0.2,0.15,0.25
2021-04-30,2021-04-26,2021-04-30,trigger,dn,4155.0,4180.17,0.2299999999999997,0.0,4181.17,13.95,13.8,14.1
2021-04-30,2021-04-26,2021-04-30,trigger,up,4205.0,4180.17,0.43000000000000044,0.0,4181.17,16.450000000000003,16.3,16.6
2021-04-30,2021-04-26,2021-04-30,0382,dn,4135.0,4180.17,0.16999999999999993,0.0,4181.17,9.9,9.8,10.0
2021-04-30,2021-04-26,2021-04-30,0382,up,4225.0,4180.17,0.2699999999999999,0.0,4181.17,8.95,8.8,9.1
2021-04-30,2021-04-26,2021-04-30,0618,dn,4110.0,4180.17,0.1,0.0,4181.17,6.300000000000001,6.2,6.4
2021-04-30,2021-04-26,2021-04-30,0618,up,4250.0,4180.17,0.12000000000000002,0.0,4181.17,3.6,3.5,3.7
2021-04-30,2021-04-26,2021-04-30,0786,dn,4090.0,4180.17,0.08000000000000007,0.0,4181.17,4.4,4.3,4.5
2021-04-30,2021-04-26,2021-04-30,0786,up,4270.0,4180.17,0.06000000000000001,0.0,4181.17,1.575,1.5,1.65
2021-04-30,2021-04-26,2021-04-30,100,dn,4070.0,4180.17,0.06499999999999995,0.0,4181.17,3.1,3.0,3.2
2021-04-30,2021-04-26,2021-04-30,100,up,4295.0,4180.17,0.019999999999999997,0.0,4181.17,0.5,0.45,0.55
2021-05-07,2021-05-03,2021-05-07,trigger,dn,4155.0,4181.17,0.16000000000000014,0.0,4232.6,9.8,9.2,10.4
2021-05-07,2021-05-03,2021-05-07,trigger,up,4205.0,4181.17,0.5699999999999996,1.0,4232.6,23.95,19.7,28.2
2021-05-07,2021-05-03,2021-05-07,0382,dn,4140.0,4181.17,0.1299999999999999,0.0,4232.6,7.55,7.0,8.1
2021-05-07,2021-05-03,2021-05-07,0382,up,4220.0,4181.17,0.4800000000000004,1.0,4232.6,16.200000000000003,12.8,19.6
2021-05-07,2021-05-03,2021-05-07,0618,dn,4115.0,4181.17,0.08000000000000007,0.0,4232.6,4.9,4.5,5.3
2021-05-07,2021-05-03,2021-05-07,0618,up,4250.0,4181.17,0.20999999999999996,0.0,4232.6,5.8,5.3,6.3
2021-05-07,2021-05-03,2021-05-07,0786,dn,4095.0,4181.17,0.04499999999999993,0.0,4232.6,3.5,3.2,3.8
2021-05-07,2021-05-03,2021-05-07,0786,up,4265.0,4181.17,0.12000000000000002,0.0,4232.6,3.15,2.8,3.5
2021-05-07,2021-05-03,2021-05-07,100,dn,4075.0,4181.17,0.039999999999999945,0.0,4232.6,2.55,2.3,2.8
2021-05-07,2021-05-03,2021-05-07,100,up,4290.0,4181.17,0.05500000000000003,0.0,4232.6,1.1,1.0,1.2
2021-05-14,2021-05-10,2021-05-14,trigger,dn,4205.0,4232.6,0.23999999999999985,1.0,4173.85,15.35,15.2,15.5
2021-05-14,2021-05-10,2021-05-14,trigger,up,4260.0,4232.6,0.31000000000000016,0.0,4173.85,9.55,9.4,9.7
2021-05-14,2021-05-10,2021-05-14,0382,dn,4190.0,4232.6,0.18000000000000008,1.0,4173.85,12.05,11.9,12.2
2021-05-14,2021-05-10,2021-05-14,0382,up,4275.0,4232.6,0.2,0.0,4173.85,5.5,5.4,5.6
2021-05-14,2021-05-10,2021-05-14,0618,dn,4165.0,4232.6,0.11000000000000014,0.0,4173.85,8.3,8.2,8.4
2021-05-14,2021-05-10,2021-05-14,0618,up,4300.0,4232.6,0.075,0.0,4173.85,1.95,1.9,2.0
2021-05-14,2021-05-10,2021-05-14,0786,dn,4150.0,4232.6,0.08999999999999986,0.0,4173.85,6.75,6.6,6.9
2021-05-14,2021-05-10,2021-05-14,0786,up,4315.0,4232.6,0.039999999999999994,0.0,4173.85,1.0,0.95,1.05
2021-05-14,2021-05-10,2021-05-14,100,dn,4125.0,4232.6,0.060000000000000143,0.0,4173.85,4.9,4.8,5.0
2021-05-14,2021-05-10,2021-05-14,100,up,4340.0,4232.6,0.009999999999999998,0.0,4173.85,0.35,0.3,0.4
2021-05-21,2021-05-17,2021-05-21,trigger,dn,4145.0,4173.85,0.3200000000000003,0.0,4155.86,29.450000000000003,29.3,29.6
2021-05-21,2021-05-17,2021-05-21,trigger,up,4200.0,4173.85,0.33000000000000007,0.0,4155.86,11.65,11.5,11.8
2021-05-21,2021-05-17,2021-05-21,0382,dn,4130.0,4173.85,0.26000000000000084,0.0,4155.86,24.950000000000003,24.8,25.1
2021-05-21,2021-05-17,2021-05-21,0382,up,4215.0,4173.85,0.23000000000000007,0.0,4155.86,7.25,7.1,7.4
2021-05-21,2021-05-17,2021-05-21,0618,dn,4105.0,4173.85,0.2,0.0,4155.86,19.049999999999997,18.9,19.2
2021-05-21,2021-05-17,2021-05-21,0618,up,4245.0,4173.85,0.085,0.0,4155.86,2.375,2.3,2.45
2021-05-21,2021-05-17,2021-05-21,0786,dn,4085.0,4173.85,0.15,0.0,4155.86,15.45,15.3,15.6
2021-05-21,2021-05-17,2021-05-21,0786,up,4265.0,4173.85,0.039999999999999994,0.0,4155.86,1.05,1.0,1.1
2021-05-21,2021-05-17,2021-05-21,100,dn,4060.0,4173.85,0.11999999999999993,0.0,4155.86,12.0,11.9,12.1
2021-05-21,2021-05-17,2021-05-21,100,up,4285.0,4173.85,0.015000000000000003,0.0,4155.86,0.47500000000000003,0.4,0.55
2021-05-28,2021-05-24,2021-05-28,trigger,dn,4130.0,4155.86,0.13999999999999985,0.0,4204.11,10.95,10.8,11.1
2021-05-28,2021-05-24,2021-05-28,trigger,up,4185.0,4155.86,0.6199999999999996,1.0,4204.11,26.4,26.3,26.5
2021-05-28,2021-05-24,2021-05-28,0382,dn,4110.0,4155.86,0.1,0.0,4204.11,8.4,8.3,8.5
2021-05-28,2021-05-24,2021-05-28,0382,up,4200.0,4155.86,0.49999999999999967,1.0,4204.11,17.9,17.8,18.0
2021-05-28,2021-05-24,2021-05-28,0618,dn,4085.0,4155.86,0.05999999999999979,0.0,4204.11,6.1,6.0,6.2
2021-05-28,2021-05-24,2021-05-28,0618,up,4225.0,4155.86,0.2699999999999999,0.0,4204.11,7.85,7.8,7.9
2021-05-28,2021-05-24,2021-05-28,0786,dn,4065.0,4155.86,0.060000000000000143,0.0,4204.11,4.800000000000001,4.7,4.9
2021-05-28,2021-05-24,2021-05-28,0786,up,4245.0,4155.86,0.14500000000000002,0.0,4204.11,3.6,3.5,3.7
2021-05-28,2021-05-24,2021-05-28,100,dn,4040.0,4155.86,0.040000000000000036,0.0,4204.11,3.5,3.4,3.6
2021-05-28,2021-05-24,2021-05-28,100,up,4270.0,4155.86,0.04499999999999997,0.0,4204.11,1.2,1.15,1.25
2021-06-04,2021-06-01,2021-06-04,trigger,dn,4180.0,4204.11,0.21999999999999992,0.0,4229.89,8.95,6.0,11.9
2021-06-04,2021-06-01,2021-06-04,trigger,up,4230.0,4204.11,0.42000000000000026,0.0,4229.89,13.8,10.5,17.1
2021-06-04,2021-06-01,2021-06-04,0382,dn,4160.0,4204.11,0.2049999999999999,0.0,4229.89,6.5,3.8,9.2
2021-06-04,2021-06-01,2021-06-04,0382,up,4245.0,4204.11,0.2800000000000001,0.0,4229.89,8.15,4.9,11.4
2021-06-04,2021-06-01,2021-06-04,0618,dn,4135.0,4204.11,0.07000000000000002,0.0,4229.89,3.75,3.6,3.9
2021-06-04,2021-06-01,2021-06-04,0618,up,4270.0,4204.11,0.12999999999999998,0.0,4229.89,3.05,0.0,6.1
2021-06-04,2021-06-01,2021-06-04,0786,dn,4115.0,4204.11,0.039999999999999945,0.0,4229.89,2.65,2.55,2.75
2021-06-04,2021-06-01,2021-06-04,0786,up,4290.0,4204.11,0.04500000000000002,0.0,4229.89,1.275,1.2,1.35
2021-06-04,2021-06-01,2021-06-04,100,dn,4095.0,4204.11,0.025000000000000043,0.0,4229.89,1.925,1.85,2.0
2021-06-04,2021-06-01,2021-06-04,100,up,4315.0,4204.11,0.015000000000000003,0.0,4229.89,0.55,0.5,0.6
2021-06-11,2021-06-07,2021-06-11,trigger,dn,4205.0,4229.89,0.2700000000000003,0.0,4247.44,13.3,13.2,13.4
2021-06-11,2021-06-07,2021-06-11,trigger,up,4255.0,4229.89,0.28999999999999987,0.0,4247.44,7.75,7.6,7.9
2021-06-11,2021-06-07,2021-06-11,0382,dn,4190.0,4229.89,0.17999999999999972,0.0,4247.44,9.7,9.6,9.8
2021-06-11,2021-06-07,2021-06-11,0382,up,4270.0,4229.89,0.16499999999999995,0.0,4247.44,3.9,3.8,4.0
2021-06-11,2021-06-07,2021-06-11,0618,dn,4165.0,4229.89,0.11999999999999993,0.0,4247.44,5.9,5.8,6.0
2021-06-11,2021-06-07,2021-06-11,0618,up,4295.0,4229.89,0.04499999999999997,0.0,4247.44,1.025,0.95,1.1
2021-06-11,2021-06-07,2021-06-11,0786,dn,4145.0,4229.89,0.06999999999999992,0.0,4247.44,4.0,3.9,4.1
2021-06-11,2021-06-07,2021-06-11,0786,up,4315.0,4229.89,0.009999999999999998,0.0,4247.44,0.45,0.4,0.5
2021-06-11,2021-06-07,2021-06-11,100,dn,4125.0,4229.89,0.05,0.0,4247.44,2.8,2.7,2.9
2021-06-11,2021-06-07,2021-06-11,100,up,4335.0,4229.89,0.0050000000000000044,0.0,4247.44,0.275,0.25,0.3
2021-06-18,2021-06-14,2021-06-18,trigger,dn,4225.0,4247.44,0.29999999999999966,1.0,4166.45,16.15,16.0,16.3
2021-06-18,2021-06-14,2021-06-18,trigger,up,4270.0,4247.44,0.3099999999999998,0.0,4166.45,9.95,9.8,10.1
2021-06-18,2021-06-14,2021-06-18,0382,dn,4210.0,4247.44,0.2,1.0,4166.45,12.25,12.1,12.4
2021-06-18,2021-06-14,2021-06-18,0382,up,4285.0,4247.44,0.2,0.0,4166.45,5.949999999999999,5.8,6.1
2021-06-18,2021-06-14,2021-06-18,0618,dn,4185.0,4247.44,0.10999999999999979,1.0,4166.45,8.1,8.0,8.2
2021-06-18,2021-06-14,2021-06-18,0618,up,4310.0,4247.44,0.075,0.0,4166.45,2.4,2.3,2.5
2021-06-18,2021-06-14,2021-06-18,0786,dn,4165.0,4247.44,0.08000000000000007,0.0,4166.45,6.1,6.0,6.2
2021-06-18,2021-06-14,2021-06-18,0786,up,4330.0,4247.44,0.03500000000000001,0.0,4166.45,1.25,1.2,1.3
2021-06-18,2021-06-14,2021-06-18,100,dn,4145.0,4247.44,0.05,0.0,4166.45,4.75,4.6,4.9
2021-06-18,2021-06-14,2021-06-18,100,up,4350.0,4247.44,0.019999999999999973,0.0,4166.45,0.7,0.65,0.75
2021-06-25,2021-06-21,2021-06-25,trigger,dn,4140.0,4166.45,0.16999999999999993,0.0,4280.7,14.6,14.5,14.7
2021-06-25,2021-06-21,2021-06-25,trigger,up,4190.0,4166.45,0.6399999999999991,1.0,4280.7,31.549999999999997,31.4,31.7
2021-06-25,2021-06-21,2021-06-25,0382,dn,4130.0,4166.45,0.15999999999999978,0.0,4280.7,12.95,12.8,13.1
2021-06-25,2021-06-21,2021-06-25,0382,up,4205.0,4166.45,0.5600000000000008,1.0,4280.7,22.35,22.2,22.5
2021-06-25,2021-06-21,2021-06-25,0618,dn,4105.0,4166.45,0.11000000000000014,0.0,4280.7,9.600000000000001,9.4,9.8
2021-06-25,2021-06-21,2021-06-25,0618,up,4230.0,4166.45,0.35,1.0,4280.7,10.4,10.3,10.5
2021-06-25,2021-06-21,2021-06-25,0786,dn,4085.0,4166.45,0.09000000000000022,0.0,4280.7,7.65,7.5,7.8
2021-06-25,2021-06-21,2021-06-25,0786,up,4245.0,4166.45,0.23000000000000007,1.0,4280.7,5.75,5.6,5.9
2021-06-25,2021-06-21,2021-06-25,100,dn,4065.0,4166.45,0.05999999999999979,0.0,4280.7,6.1,6.0,6.2
2021-06-25,2021-06-21,2021-06-25,100,up,4270.0,4166.45,0.08000000000000003,1.0,4280.7,1.725,1.65,1.8
2021-07-02,2021-06-28,2021-07-02,trigger,dn,4255.0,4280.7,0.2,0.0,4352.34,9.4,9.3,9.5
2021-07-02,2021-06-28,2021-07-02,trigger,up,4305.0,4280.7,0.29000000000000004,1.0,4352.34,7.05,7.0,7.1
2021-07-02,2021-06-28,2021-07-02,0382,dn,4240.0,4280.7,0.11999999999999993,0.0,4352.34,6.9,6.8,7.0
2021-07-02,2021-06-28,2021-07-02,0382,up,4320.0,4280.7,0.16500000000000004,1.0,4352.34,3.5,3.4,3.6
2021-07-02,2021-06-28,2021-07-02,0618,dn,4215.0,4280.7,0.060000000000000143,0.0,4352.34,4.4,4.3,4.5
2021-07-02,2021-06-28,2021-07-02,0618,up,4345.0,4280.7,0.039999999999999994,1.0,4352.34,0.95,0.9,1.0
2021-07-02,2021-06-28,2021-07-02,0786,dn,4200.0,4280.7,0.05999999999999996,0.0,4352.34,3.5,3.4,3.6
2021-07-02,2021-06-28,2021-07-02,0786,up,4360.0,4280.7,0.019999999999999997,0.0,4352.34,0.5,0.45,0.55
2021-07-02,2021-06-28,2021-07-02,100,dn,4180.0,4280.7,0.03499999999999996,0.0,4352.34,2.5999999999999996,2.55,2.65
2021-07-02,2021-06-28,2021-07-02,100,up,4385.0,4280.7,0.004999999999999999,0.0,4352.34,0.225,0.2,0.25
2021-07-09,2021-07-06,2021-07-09,trigger,dn,4330.0,4352.34,0.2799999999999997,0.0,4369.55,10.7,10.5,10.9
2021-07-09,2021-07-06,2021-07-09,trigger,up,4375.0,4352.34,0.19000000000000003,0.0,4369.55,4.2,4.0,4.4
2021-07-09,2021-07-06,2021-07-09,0382,dn,4315.0,4352.34,0.16000000000000014,0.0,4369.55,7.25,7.1,7.4
2021-07-09,2021-07-06,2021-07-09,0382,up,4390.0,4352.34,0.08499999999999996,0.0,4369.55,2.025,1.9,2.15
2021-07-09,2021-07-06,2021-07-09,0618,dn,4290.0,4352.34,0.08000000000000007,0.0,4369.55,4.15,4.0,4.3
2021-07-09,2021-07-06,2021-07-09,0618,up,4415.0,4352.34,0.020000000000000018,0.0,4369.55,0.7250000000000001,0.65,0.8
2021-07-09,2021-07-06,2021-07-09,0786,dn,4275.0,4352.34,0.06500000000000003,0.0,4369.55,3.075,2.95,3.2
2021-07-09,2021-07-06,2021-07-09,0786,up,4430.0,4352.34,0.015000000000000003,0.0,4369.55,0.47500000000000003,0.4,0.55
2021-07-09,2021-07-06,2021-07-09,100,dn,4250.0,4352.34,0.040000000000000036,0.0,4369.55,1.85,1.75,1.95
2021-07-09,2021-07-06,2021-07-09,100,up,4455.0,4352.34,0.0050000000000000044,0.0,4369.55,0.25,0.2,0.3
2021-07-16,2021-07-12,2021-07-16,trigger,dn,4345.0,4369.55,0.21999999999999992,1.0,4327.16,13.5,13.4,13.6
2021-07-16,2021-07-12,2021-07-16,trigger,up,4395.0,4369.55,0.35999999999999976,0.0,4327.16,11.6,11.5,11.7
2021-07-16,2021-07-12,2021-07-16,0382,dn,4330.0,4369.55,0.16000000000000014,1.0,4327.16,10.55,10.4,10.7
2021-07-16,2021-07-12,2021-07-16,0382,up,4410.0,4369.55,0.2400000000000002,0.0,4327.16,6.9,6.8,7.0
2021-07-16,2021-07-12,2021-07-16,0618,dn,4310.0,4369.55,0.11000000000000014,0.0,4327.16,7.75,7.6,7.9
2021-07-16,2021-07-12,2021-07-16,0618,up,4430.0,4369.55,0.10999999999999996,0.0,4327.16,3.2,3.1,3.3
2021-07-16,2021-07-12,2021-07-16,0786,dn,4290.0,4369.55,0.08000000000000007,0.0,4327.16,5.800000000000001,5.7,5.9
2021-07-16,2021-07-12,2021-07-16,0786,up,4450.0,4369.55,0.039999999999999994,0.0,4327.16,1.5,1.45,1.55
2021-07-16,2021-07-12,2021-07-16,100,dn,4270.0,4369.55,0.060000000000000143,0.0,4327.16,4.5,4.4,4.6
2021-07-16,2021-07-12,2021-07-16,100,up,4470.0,4369.55,0.020000000000000018,0.0,4327.16,0.8,0.75,0.85
2021-07-23,2021-07-19,2021-07-23,trigger,dn,4305.0,4327.16,0.5700000000000017,0.0,4411.79,65.9,64.7,67.1
2021-07-23,2021-07-19,2021-07-23,trigger,up,4350.0,4327.16,0.13000000000000006,1.0,4411.79,4.2,4.0,4.4
2021-07-23,2021-07-19,2021-07-23,0382,dn,4290.0,4327.16,0.5799999999999983,0.0,4411.79,57.349999999999994,56.4,58.3
2021-07-23,2021-07-19,2021-07-23,0382,up,4365.0,4327.16,0.07999999999999989,1.0,4411.79,2.4749999999999996,2.4,2.55
2021-07-23,2021-07-19,2021-07-23,0618,dn,4265.0,4327.16,0.4199999999999989,0.0,4411.79,44.55,44.1,45.0
2021-07-23,2021-07-19,2021-07-23,0618,up,4390.0,4327.16,0.030000000000000027,1.0,4411.79,1.05,1.0,1.1
2021-07-23,2021-07-19,2021-07-23,0786,dn,4250.0,4327.16,0.3799999999999997,0.0,4411.79,38.4,38.0,38.8
2021-07-23,2021-07-19,2021-07-23,0786,up,4405.0,4327.16,0.019999999999999973,1.0,4411.79,0.6499999999999999,0.6,0.7
2021-07-23,2021-07-19,2021-07-23,100,dn,4230.0,4327.16,0.3,0.0,4411.79,31.4,31.0,31.8
2021-07-23,2021-07-19,2021-07-23,100,up,4425.0,4327.16,0.009999999999999998,0.0,4411.79,0.35,0.3,0.4
2021-07-30,2021-07-26,2021-07-30,trigger,dn,4385.0,4411.79,0.25,0.0,4395.26,15.4,15.3,15.5
2021-07-30,2021-07-26,2021-07-30,trigger,up,4435.0,4411.79,0.36999999999999994,0.0,4395.26,12.95,12.8,13.1
2021-07-30,2021-07-26,2021-07-30,0382,dn,4370.0,4411.79,0.18000000000000008,0.0,4395.26,12.0,11.9,12.1
2021-07-30,2021-07-26,2021-07-30,0382,up,4450.0,4411.79,0.25,0.0,4395.26,8.05,7.9,8.2
2021-07-30,2021-07-26,2021-07-30,0618,dn,4350.0,4411.79,0.13000000000000006,0.0,4395.26,8.75,8.6,8.9
2021-07-30,2021-07-26,2021-07-30,0618,up,4475.0,4411.79,0.11500000000000003,0.0,4395.26,3.3,3.2,3.4
2021-07-30,2021-07-26,2021-07-30,0786,dn,4330.0,4411.79,0.09000000000000022,0.0,4395.26,6.4,6.3,6.5
2021-07-30,2021-07-26,2021-07-30,0786,up,4495.0,4411.79,0.05,0.0,4395.26,1.575,1.5,1.65
2021-07-30,2021-07-26,2021-07-30,100,dn,4310.0,4411.79,0.05999999999999979,0.0,4395.26,4.699999999999999,4.6,4.8
2021-07-30,2021-07-26,2021-07-30,100,up,4515.0,4411.79,0.020000000000000018,0.0,4395.26,0.8,0.75,0.85
2021-08-06,2021-08-02,2021-08-06,trigger,dn,4370.0,4395.26,0.17999999999999972,0.0,4436.52,10.7,8.2,13.2
2021-08-06,2021-08-02,2021-08-06,trigger,up,4420.0,4395.26,0.7800000000000005,1.0,4436.52,20.1,18.3,21.9
2021-08-06,2021-08-02,2021-08-06,0382,dn,4355.0,4395.26,0.20999999999999996,0.0,4436.52,8.6,6.0,11.2
2021-08-06,2021-08-02,2021-08-06,0382,up,4435.0,4395.26,0.38000000000000006,0.0,4436.52,11.5,10.8,12.2
2021-08-06,2021-08-02,2021-08-06,0618,dn,4335.0,4395.26,0.040000000000000216,0.0,4436.52,5.300000000000001,4.2,6.4
2021-08-06,2021-08-02,2021-08-06,0618,up,4455.0,4395.26,0.17999999999999988,0.0,4436.52,5.199999999999999,4.8,5.6
2021-08-06,2021-08-02,2021-08-06,0786,dn,4315.0,4395.26,0.1299999999999999,0.0,4436.52,4.8,3.3,6.3
2021-08-06,2021-08-02,2021-08-06,0786,up,4475.0,4395.26,0.09,0.0,4436.52,1.825,1.75,1.9
2021-08-06,2021-08-02,2021-08-06,100,dn,4295.0,4395.26,0.040000000000000036,0.0,4436.52,3.45,3.3,3.6
2021-08-06,2021-08-02,2021-08-06,100,up,4495.0,4395.26,0.025,0.0,4436.52,0.625,0.55,0.7
2021-08-13,2021-08-09,2021-08-13,trigger,dn,4415.0,4436.52,0.3,0.0,4468.0,15.7,15.4,16.0
2021-08-13,2021-08-09,2021-08-13,trigger,up,4460.0,4436.52,0.24000000000000005,1.0,4468.0,5.7,5.5,5.9
2021-08-13,2021-08-09,2021-08-13,0382,dn,4400.0,4436.52,0.2299999999999997,0.0,4468.0,11.7,11.5,11.9
2021-08-13,2021-08-09,2021-08-13,0382,up,4475.0,4436.52,0.125,0.0,4468.0,2.675,2.55,2.8
2021-08-13,2021-08-09,2021-08-13,0618,dn,4375.0,4436.52,0.1200000000000001,0.0,4468.0,7.2,7.0,7.4
2021-08-13,2021-08-09,2021-08-13,0618,up,4495.0,4436.52,0.039999999999999994,0.0,4468.0,0.925,0.85,1.0
2021-08-13,2021-08-09,2021-08-13,0786,dn,4360.0,4436.52,0.08999999999999986,0.0,4468.0,5.5,5.4,5.6
2021-08-13,2021-08-09,2021-08-13,0786,up,4515.0,4436.52,0.015000000000000003,0.0,4468.0,0.4,0.35,0.45
2021-08-13,2021-08-09,2021-08-13,100,dn,4340.0,4436.52,0.06999999999999992,0.0,4468.0,3.8,3.7,3.9
2021-08-13,2021-08-09,2021-08-13,100,up,4535.0,4436.52,0.0050000000000000044,0.0,4468.0,0.2,0.15,0.25
2021-08-20,2021-08-16,2021-08-20,trigger,dn,4445.0,4468.0,0.3799999999999997,1.0,4441.67,21.75,21.6,21.9
2021-08-20,2021-08-16,2021-08-20,trigger,up,4490.0,4468.0,0.11999999999999993,0.0,4441.67,2.675,2.6,2.75
2021-08-20,2021-08-16,2021-08-20,0382,dn,4430.0,4468.0,0.27999999999999936,0.0,4441.67,16.549999999999997,16.4,16.7
2021-08-20,2021-08-16,2021-08-20,0382,up,4505.0,4468.0,0.05500000000000003,0.0,4441.67,1.225,1.15,1.3
2021-08-20,2021-08-16,2021-08-20,0618,dn,4410.0,4468.0,0.16999999999999993,0.0,4441.67,11.95,11.8,12.1
2021-08-20,2021-08-16,2021-08-20,0618,up,4525.0,4468.0,0.01499999999999999,0.0,4441.67,0.475,0.45,0.5
2021-08-20,2021-08-16,2021-08-20,0786,dn,4395.0,4468.0,0.11999999999999993,0.0,4441.67,9.6,9.5,9.7
2021-08-20,2021-08-16,2021-08-20,0786,up,4540.0,4468.0,0.009999999999999998,0.0,4441.67,0.3,0.25,0.35
2021-08-20,2021-08-16,2021-08-20,100,dn,4375.0,4468.0,0.08999999999999986,0.0,4441.67,7.35,7.3,7.4
2021-08-20,2021-08-16,2021-08-20,100,up,4560.0,4468.0,0.004999999999999993,0.0,4441.67,0.175,0.15,0.2
2021-08-27,2021-08-23,2021-08-27,trigger,dn,4420.0,4441.67,0.13999999999999985,0.0,4509.37,8.75,8.6,8.9
2021-08-27,2021-08-23,2021-08-27,trigger,up,4465.0,4441.67,0.6199999999999996,1.0,4509.37,24.2,23.9,24.5
2021-08-27,2021-08-23,2021-08-27,0382,dn,4405.0,4441.67,0.1,0.0,4509.37,6.949999999999999,6.8,7.1
2021-08-27,2021-08-23,2021-08-27,0382,up,4480.0,4441.67,0.4799999999999997,1.0,4509.37,15.5,15.3,15.7
2021-08-27,2021-08-23,2021-08-27,0618,dn,4385.0,4441.67,0.06999999999999992,0.0,4509.37,5.15,5.0,5.3
2021-08-27,2021-08-23,2021-08-27,0618,up,4500.0,4441.67,0.2800000000000001,1.0,4509.37,7.35,7.2,7.5
2021-08-27,2021-08-23,2021-08-27,0786,dn,4365.0,4441.67,0.05999999999999996,0.0,4509.37,3.9,3.8,4.0
2021-08-27,2021-08-23,2021-08-27,0786,up,4515.0,4441.67,0.16000000000000006,0.0,4509.37,3.7,3.6,3.8
2021-08-27,2021-08-23,2021-08-27,100,dn,4345.0,4441.67,0.030000000000000072,0.0,4509.37,2.875,2.8,2.95
2021-08-27,2021-08-23,2021-08-27,100,up,4535.0,4441.67,0.06000000000000001,0.0,4509.37,1.375,1.3,1.45
2021-09-03,2021-08-30,2021-09-03,trigger,dn,4485.0,4509.37,0.15999999999999978,0.0,4535.43,8.95,8.8,9.1
2021-09-03,2021-08-30,2021-09-03,trigger,up,4530.0,4509.37,0.43999999999999984,1.0,4535.43,13.25,13.1,13.4
2021-09-03,2021-08-30,2021-09-03,0382,dn,4475.0,4509.37,0.12999999999999973,0.0,4535.43,7.449999999999999,7.3,7.6
2021-09-03,2021-08-30,2021-09-03,0382,up,4545.0,4509.37,0.28999999999999987,0.0,4535.43,7.449999999999999,7.3,7.6
2021-09-03,2021-08-30,2021-09-03,0618,dn,4450.0,4509.37,0.08000000000000007,0.0,4535.43,5.0,4.9,5.1
2021-09-03,2021-08-30,2021-09-03,0618,up,4565.0,4509.37,0.125,0.0,4535.43,3.0250000000000004,2.95,3.1
2021-09-03,2021-08-30,2021-09-03,0786,dn,4435.0,4509.37,0.05999999999999996,0.0,4535.43,4.0,3.9,4.1
2021-09-03,2021-08-30,2021-09-03,0786,up,4585.0,4509.37,0.05,0.0,4535.43,1.25,1.2,1.3
2021-09-03,2021-08-30,2021-09-03,100,dn,4415.0,4509.37,0.04500000000000002,0.0,4535.43,3.1,3.0,3.2
2021-09-03,2021-08-30,2021-09-03,100,up,4605.0,4509.37,0.020000000000000007,0.0,4535.43,0.55,0.5,0.6
2021-09-10,2021-09-07,2021-09-10,trigger,dn,4515.0,4535.43,0.31999999999999995,1.0,4458.58,15.6,15.5,15.7
2021-09-10,2021-09-07,2021-09-10,trigger,up,4555.0,4535.43,0.21999999999999992,0.0,4458.58,4.75,4.7,4.8
2021-09-10,2021-09-07,2021-09-10,0382,dn,4500.0,4535.43,0.22000000000000028,1.0,4458.58,11.3,11.2,11.4
2021-09-10,2021-09-07,2021-09-10,0382,up,4570.0,4535.43,0.10000000000000009,0.0,4458.58,2.1500000000000004,2.1,2.2
2021-09-10,2021-09-07,2021-09-10,0618,dn,4480.0,4535.43,0.13000000000000006,1.0,4458.58,7.6,7.5,7.7
2021-09-10,2021-09-07,2021-09-10,0618,up,4590.0,4535.43,0.025,0.0,4458.58,0.8,0.75,0.85
2021-09-10,2021-09-07,2021-09-10,0786,dn,4465.0,4535.43,0.1,1.0,4458.58,5.800000000000001,5.7,5.9
2021-09-10,2021-09-07,2021-09-10,0786,up,4605.0,4535.43,0.01499999999999999,0.0,4458.58,0.5,0.45,0.55
2021-09-10,2021-09-07,2021-09-10,100,dn,4445.0,4535.43,0.05999999999999987,0.0,4458.58,4.199999999999999,4.1,4.3
2021-09-10,2021-09-07,2021-09-10,100,up,4625.0,4535.43,0.009999999999999998,0.0,4458.58,0.3,0.25,0.35
2021-09-17,2021-09-13,2021-09-17,trigger,dn,4440.0,4458.58,0.2,1.0,4432.99,19.65,19.5,19.8
2021-09-17,2021-09-13,2021-09-17,trigger,up,4480.0,4458.58,0.6,0.0,4432.99,27.2,27.0,27.4
2021-09-17,2021-09-13,2021-09-17,0382,dn,4425.0,4458.58,0.18000000000000008,0.0,4432.99,16.75,16.6,16.9
2021-09-17,2021-09-13,2021-09-17,0382,up,4495.0,4458.58,0.5100000000000001,0.0,4432.99,18.75,18.6,18.9
2021-09-17,2021-09-13,2021-09-17,0618,dn,4405.0,4458.58,0.12000000000000029,0.0,4432.99,13.55,13.4,13.7
2021-09-17,2021-09-13,2021-09-17,0618,up,4515.0,4458.58,0.33999999999999986,0.0,4432.99,9.85,9.7,10.0
2021-09-17,2021-09-13,2021-09-17,0786,dn,4390.0,4458.58,0.11999999999999993,0.0,4432.99,11.75,11.6,11.9
2021-09-17,2021-09-13,2021-09-17,0786,up,4530.0,4458.58,0.2099999999999998,0.0,4432.99,5.35,5.2,5.5
2021-09-17,2021-09-13,2021-09-17,100,dn,4370.0,4458.58,0.08000000000000007,0.0,4432.99,9.75,9.6,9.9
2021-09-17,2021-09-13,2021-09-17,100,up,4550.0,4458.58,0.09500000000000001,0.0,4432.99,2.1,2.0,2.2
2021-09-24,2021-09-20,2021-09-24,trigger,dn,4410.0,4432.99,0.5200000000000002,0.0,4455.48,62.5,60.3,64.7
2021-09-24,2021-09-20,2021-09-24,trigger,up,4455.0,4432.99,0.23999999999999985,0.0,4455.48,9.85,9.6,10.1
2021-09-24,2021-09-20,2021-09-24,0382,dn,4400.0,4432.99,0.5099999999999995,0.0,4455.48,57.65,55.4,59.9
2021-09-24,2021-09-20,2021-09-24,0382,up,4465.0,4432.99,0.2,0.0,4455.48,7.55,7.3,7.8
2021-09-24,2021-09-20,2021-09-24,0618,dn,4380.0,4432.99,0.4199999999999989,0.0,4455.48,48.55,48.1,49.0
2021-09-24,2021-09-20,2021-09-24,0618,up,4485.0,4432.99,0.12999999999999998,0.0,4455.48,4.25,4.1,4.4
2021-09-24,2021-09-20,2021-09-24,0786,dn,4365.0,4432.99,0.36000000000000226,0.0,4455.48,42.650000000000006,42.2,43.1
2021-09-24,2021-09-20,2021-09-24,0786,up,4500.0,4432.99,0.07499999999999991,0.0,4455.48,2.65,2.55,2.75
2021-09-24,2021-09-20,2021-09-24,100,dn,4345.0,4432.99,0.31000000000000083,0.0,4455.48,35.9,35.5,36.3
2021-09-24,2021-09-20,2021-09-24,100,up,4520.0,4432.99,0.040000000000000036,0.0,4455.48,1.475,1.4,1.55
2021-10-01,2021-09-27,2021-10-01,trigger,dn,4435.0,4455.48,0.38000000000000045,1.0,4357.04,23.1,22.6,23.6
2021-10-01,2021-09-27,2021-10-01,trigger,up,4475.0,4455.48,0.3400000000000002,0.0,4357.04,12.55,12.3,12.8
2021-10-01,2021-09-27,2021-10-01,0382,dn,4420.0,4455.48,0.2500000000000007,1.0,4357.04,18.3,18.1,18.5
2021-10-01,2021-09-27,2021-10-01,0382,up,4490.0,4455.48,0.24999999999999983,0.0,4357.04,7.949999999999999,7.8,8.1
2021-10-01,2021-09-27,2021-10-01,0618,dn,4400.0,4455.48,0.18000000000000008,1.0,4357.04,13.85,13.7,14.0
2021-10-01,2021-09-27,2021-10-01,0618,up,4515.0,4455.48,0.11500000000000003,0.0,4357.04,3.3,3.2,3.4
2021-10-01,2021-09-27,2021-10-01,0786,dn,4385.0,4455.48,0.15,1.0,4357.04,11.35,11.2,11.5
2021-10-01,2021-09-27,2021-10-01,0786,up,4530.0,4455.48,0.06000000000000001,0.0,4357.04,1.875,1.8,1.95
2021-10-01,2021-09-27,2021-10-01,100,dn,4365.0,4455.48,0.11999999999999993,1.0,4357.04,8.75,8.6,8.9
2021-10-01,2021-09-27,2021-10-01,100,up,4550.0,4455.48,0.02999999999999998,0.0,4357.04,0.95,0.9,1.0
2021-10-08,2021-10-04,2021-10-08,trigger,dn,4335.0,4357.04,0.3799999999999997,0.0,4391.34,36.9,36.5,37.3
2021-10-08,2021-10-04,2021-10-08,trigger,up,4380.0,4357.04,0.10999999999999943,1.0,4391.34,18.9,17.4,20.4
2021-10-08,2021-10-04,2021-10-08,0382,dn,4320.0,4357.04,0.32999999999999974,0.0,4391.34,31.4,31.0,31.8
2021-10-08,2021-10-04,2021-10-08,0382,up,4395.0,4357.04,0.33999999999999986,0.0,4391.34,14.35,14.1,14.6
2021-10-08,2021-10-04,2021-10-08,0618,dn,4295.0,4357.04,0.5600000000000002,0.0,4391.34,25.3,23.5,27.1
2021-10-08,2021-10-04,2021-10-08,0618,up,4420.0,4357.04,0.2,0.0,4391.34,7.35,7.1,7.6
2021-10-08,2021-10-04,2021-10-08,0786,dn,4280.0,4357.04,-0.029999999999999714,0.0,4391.34,20.1,19.8,20.4
2021-10-08,2021-10-04,2021-10-08,0786,up,4435.0,4357.04,0.15000000000000008,0.0,4391.34,4.7,4.5,4.9
2021-10-08,2021-10-04,2021-10-08,100,dn,4260.0,4357.04,-0.11999999999999993,0.0,4391.34,15.700000000000001,15.3,16.1
2021-10-08,2021-10-04,2021-10-08,100,up,4455.0,4357.04,0.07000000000000002,0.0,4391.34,2.4,2.3,2.5
2021-10-15,2021-10-11,2021-10-15,trigger,dn,4365.0,4391.34,0.24000000000000057,0.0,4471.37,18.35,18.2,18.5
2021-10-15,2021-10-11,2021-10-15,trigger,up,4415.0,4391.34,0.5399999999999991,1.0,4471.37,26.65,26.5,26.8
2021-10-15,2021-10-11,2021-10-15,0382,dn,4350.0,4391.34,0.19000000000000022,0.0,4471.37,15.05,14.9,15.2
2021-10-15,2021-10-11,2021-10-15,0382,up,4430.0,4391.34,0.44000000000000056,1.0,4471.37,18.950000000000003,18.8,19.1
2021-10-15,2021-10-11,2021-10-15,0618,dn,4330.0,4391.34,0.15,0.0,4471.37,11.45,11.3,11.6
2021-10-15,2021-10-11,2021-10-15,0618,up,4455.0,4391.34,0.2900000000000002,1.0,4471.37,9.4,9.3,9.5
2021-10-15,2021-10-11,2021-10-15,0786,dn,4310.0,4391.34,0.11999999999999993,0.0,4471.37,8.75,8.6,8.9
2021-10-15,2021-10-11,2021-10-15,0786,up,4470.0,4391.34,0.18000000000000008,0.0,4471.37,5.6,5.5,5.7
2021-10-15,2021-10-11,2021-10-15,100,dn,4290.0,4391.34,0.1,0.0,4471.37,6.6,6.5,6.7
2021-10-15,2021-10-11,2021-10-15,100,up,4495.0,4391.34,0.07499999999999996,0.0,4471.37,2.175,2.1,2.25
2021-10-22,2021-10-18,2021-10-22,trigger,dn,4445.0,4471.37,0.25999999999999945,0.0,4544.9,18.049999999999997,17.9,18.2
2021-10-22,2021-10-18,2021-10-22,trigger,up,4495.0,4471.37,0.33000000000000007,1.0,4544.9,11.05,10.9,11.2
2021-10-22,2021-10-18,2021-10-22,0382,dn,4430.0,4471.37,0.21000000000000013,0.0,4544.9,14.4,14.3,14.5
2021-10-22,2021-10-18,2021-10-22,0382,up,4510.0,4471.37,0.21999999999999992,1.0,4544.9,6.6,6.5,6.7
2021-10-22,2021-10-18,2021-10-22,0618,dn,4405.0,4471.37,0.13999999999999985,0.0,4544.9,9.95,9.8,10.1
2021-10-22,2021-10-18,2021-10-22,0618,up,4535.0,4471.37,0.09000000000000004,1.0,4544.9,2.575,2.5,2.65
2021-10-22,2021-10-18,2021-10-22,0786,dn,4390.0,4471.37,0.11999999999999993,0.0,4544.9,8.0,7.9,8.1
2021-10-22,2021-10-18,2021-10-22,0786,up,4555.0,4471.37,0.039999999999999994,0.0,4544.9,1.25,1.2,1.3
2021-10-22,2021-10-18,2021-10-22,100,dn,4365.0,4471.37,0.08000000000000007,0.0,4544.9,5.5,5.4,5.6
2021-10-22,2021-10-18,2021-10-22,100,up,4575.0,4471.37,0.019999999999999973,0.0,4544.9,0.6499999999999999,0.6,0.7
2021-10-29,2021-10-25,2021-10-29,trigger,dn,4520.0,4544.9,0.21999999999999992,0.0,4605.38,12.0,11.9,12.1
2021-10-29,2021-10-25,2021-10-29,trigger,up,4570.0,4544.9,0.3700000000000003,1.0,4605.38,11.5,11.4,11.6
2021-10-29,2021-10-25,2021-10-29,0382,dn,4505.0,4544.9,0.13999999999999985,0.0,4605.38,9.0,8.9,9.1
2021-10-29,2021-10-25,2021-10-29,0382,up,4585.0,4544.9,0.2599999999999998,1.0,4605.38,6.6,6.5,6.7
2021-10-29,2021-10-25,2021-10-29,0618,dn,4480.0,4544.9,0.08999999999999986,0.0,4605.38,5.85,5.8,5.9
2021-10-29,2021-10-25,2021-10-29,0618,up,4610.0,4544.9,0.1,0.0,4605.38,2.0,1.95,2.05
2021-10-29,2021-10-25,2021-10-29,0786,dn,4460.0,4544.9,0.05999999999999987,0.0,4605.38,4.199999999999999,4.1,4.3
2021-10-29,2021-10-25,2021-10-29,0786,up,4630.0,4544.9,0.02999999999999998,0.0,4605.38,0.6499999999999999,0.6,0.7
2021-10-29,2021-10-25,2021-10-29,100,dn,4440.0,4544.9,0.040000000000000036,0.0,4605.38,3.05,3.0,3.1
2021-10-29,2021-10-25,2021-10-29,100,up,4650.0,4544.9,0.004999999999999999,0.0,4605.38,0.25,0.2,0.3
2021-11-05,2021-11-01,2021-11-05,trigger,dn,4580.0,4605.38,0.3300000000000004,0.0,4697.53,18.8,13.8,23.8
2021-11-05,2021-11-01,2021-11-05,trigger,up,4630.0,4605.38,0.25,1.0,4697.53,14.0,9.7,18.3
2021-11-05,2021-11-01,2021-11-05,0382,dn,4565.0,4605.38,0.22000000000000028,0.0,4697.53,14.850000000000001,9.9,19.8
2021-11-05,2021-11-01,2021-11-05,0382,up,4645.0,4605.38,0.6900000000000002,1.0,4697.53,9.55,4.9,14.2
2021-11-05,2021-11-01,2021-11-05,0618,dn,4540.0,4605.38,0.16999999999999993,0.0,4697.53,9.65,5.2,14.1
2021-11-05,2021-11-01,2021-11-05,0618,up,4670.0,4605.38,0.12999999999999998,1.0,4697.53,3.55,3.4,3.7
2021-11-05,2021-11-01,2021-11-05,0786,dn,4525.0,4605.38,0.11999999999999993,0.0,4697.53,7.75,3.8,11.7
2021-11-05,2021-11-01,2021-11-05,0786,up,4685.0,4605.38,0.07000000000000002,1.0,4697.53,1.9,1.8,2.0
2021-11-05,2021-11-01,2021-11-05,100,dn,4500.0,4605.38,-0.050000000000000176,0.0,4697.53,4.6,3.6,5.6
2021-11-05,2021-11-01,2021-11-05,100,up,4710.0,4605.38,0.020000000000000018,0.0,4697.53,0.675,0.6,0.75
2021-11-12,2021-11-08,2021-11-12,trigger,dn,4675.0,4697.53,0.23000000000000007,0.0,4682.85,13.4,13.3,13.5
2021-11-12,2021-11-08,2021-11-12,trigger,up,4720.0,4697.53,0.4099999999999998,0.0,4682.85,16.15,16.0,16.3
2021-11-12,2021-11-08,2021-11-12,0382,dn,4660.0,4697.53,0.17999999999999972,0.0,4682.85,10.2,10.1,10.3
2021-11-12,2021-11-08,2021-11-12,0382,up,4735.0,4697.53,0.2800000000000001,0.0,4682.85,10.6,10.5,10.7
2021-11-12,2021-11-08,2021-11-12,0618,dn,4635.0,4697.53,0.11999999999999993,0.0,4682.85,6.6,6.5,6.7
2021-11-12,2021-11-08,2021-11-12,0618,up,4760.0,4697.53,0.1500000000000002,0.0,4682.85,4.95,4.9,5.0
2021-11-12,2021-11-08,2021-11-12,0786,dn,4615.0,4697.53,0.06999999999999992,0.0,4682.85,4.699999999999999,4.6,4.8
2021-11-12,2021-11-08,2021-11-12,0786,up,4780.0,4697.53,0.08000000000000007,0.0,4682.85,2.625,2.55,2.7
2021-11-12,2021-11-08,2021-11-12,100,dn,4595.0,4697.53,0.05,0.0,4682.85,3.45,3.4,3.5
2021-11-12,2021-11-08,2021-11-12,100,up,4800.0,4697.53,0.039999999999999994,0.0,4682.85,1.4,1.35,1.45
2021-11-19,2021-11-15,2021-11-19,trigger,dn,4660.0,4682.85,0.23999999999999985,0.0,4697.96,12.2,12.1,12.3
2021-11-19,2021-11-15,2021-11-19,trigger,up,4705.0,4682.85,0.45,0.0,4697.96,18.25,18.1,18.4
2021-11-19,2021-11-15,2021-11-19,0382,dn,4645.0,4682.85,0.16999999999999993,0.0,4697.96,9.1,9.0,9.2
2021-11-19,2021-11-15,2021-11-19,0382,up,4720.0,4682.85,0.3400000000000002,0.0,4697.96,12.05,11.9,12.2
2021-11-19,2021-11-15,2021-11-19,0618,dn,4620.0,4682.85,0.09000000000000022,0.0,4697.96,5.65,5.6,5.7
2021-11-19,2021-11-15,2021-11-19,0618,up,4745.0,4682.85,0.17999999999999972,0.0,4697.96,5.199999999999999,5.1,5.3
2021-11-19,2021-11-15,2021-11-19,0786,dn,4600.0,4682.85,0.07999999999999999,0.0,4697.96,4.0,3.9,4.1
2021-11-19,2021-11-15,2021-11-19,0786,up,4765.0,4682.85,0.08999999999999994,0.0,4697.96,2.3499999999999996,2.3,2.4
2021-11-19,2021-11-15,2021-11-19,100,dn,4580.0,4682.85,0.039999999999999855,0.0,4697.96,2.8499999999999996,2.8,2.9
2021-11-19,2021-11-15,2021-11-19,100,up,4785.0,4682.85,0.039999999999999994,0.0,4697.96,1.05,1.0,1.1
2021-11-26,2021-11-22,2021-11-26,trigger,dn,4675.0,4697.96,0.09999999999999991,1.0,4594.62,4.449999999999999,4.3,4.6
2021-11-26,2021-11-22,2021-11-26,trigger,up,4720.0,4697.96,0.6700000000000003,0.0,4594.62,28.0,27.7,28.3
2021-11-26,2021-11-22,2021-11-26,0382,dn,4660.0,4697.96,0.05500000000000007,1.0,4594.62,3.2,3.1,3.3
2021-11-26,2021-11-22,2021-11-26,0382,up,4735.0,4697.96,0.5399999999999998,0.0,4594.62,18.7,18.5,18.9
2021-11-26,2021-11-22,2021-11-26,0618,dn,4635.0,4697.96,0.03499999999999996,1.0,4594.62,2.025,1.95,2.1
2021-11-26,2021-11-22,2021-11-26,0618,up,4760.0,4697.96,0.28999999999999987,0.0,4594.62,7.85,7.7,8.0
2021-11-26,2021-11-22,2021-11-26,0786,dn,4620.0,4697.96,0.025,1.0,4594.62,1.6,1.55,1.65
2021-11-26,2021-11-22,2021-11-26,0786,up,4775.0,4697.96,0.16999999999999993,0.0,4594.62,4.05,3.9,4.2
2021-11-26,2021-11-22,2021-11-26,100,dn,4600.0,4697.96,0.010000000000000009,1.0,4594.62,1.2,1.15,1.25
2021-11-26,2021-11-22,2021-11-26,100,up,4795.0,4697.96,0.06999999999999998,0.0,4594.62,1.525,1.45,1.6
2021-12-03,2021-11-29,2021-12-03,trigger,dn,4570.0,4594.62,0.18000000000000044,1.0,4538.43,21.45,21.2,21.7
2021-12-03,2021-11-29,2021-12-03,trigger,up,4620.0,4594.62,0.6799999999999997,0.0,4538.43,52.8,52.4,53.2
2021-12-03,2021-11-29,2021-12-03,0382,dn,4555.0,4594.62,0.16000000000000014,1.0,4538.43,18.8,18.5,19.1
2021-12-03,2021-11-29,2021-12-03,0382,up,4635.0,4594.62,0.6299999999999997,0.0,4538.43,42.8,42.4,43.2
2021-12-03,2021-11-29,2021-12-03,0618,dn,4530.0,4594.62,0.12000000000000029,0.0,4538.43,15.05,14.8,15.3
2021-12-03,2021-11-29,2021-12-03,0618,up,4660.0,4594.62,0.5299999999999997,0.0,4538.43,28.0,27.7,28.3
2021-12-03,2021-11-29,2021-12-03,0786,dn,4515.0,4594.62,0.11000000000000014,0.0,4538.43,13.25,13.0,13.5
2021-12-03,2021-11-29,2021-12-03,0786,up,4675.0,4594.62,0.46000000000000013,0.0,4538.43,20.5,20.2,20.8
2021-12-03,2021-11-29,2021-12-03,100,dn,4490.0,4594.62,0.07999999999999971,0.0,4538.43,10.7,10.5,10.9
2021-12-03,2021-11-29,2021-12-03,100,up,4700.0,4594.62,0.28999999999999987,0.0,4538.43,10.75,10.5,11.0
2021-12-10,2021-12-06,2021-12-10,trigger,dn,4515.0,4538.43,0.25999999999999945,0.0,4712.02,36.55,36.3,36.8
2021-12-10,2021-12-06,2021-12-10,trigger,up,4565.0,4538.43,0.6099999999999994,1.0,4712.02,55.45,55.2,55.7
2021-12-10,2021-12-06,2021-12-10,0382,dn,4495.0,4538.43,0.23000000000000043,0.0,4712.02,31.55,31.3,31.8
2021-12-10,2021-12-06,2021-12-10,0382,up,4580.0,4538.43,0.5800000000000012,1.0,4712.02,46.400000000000006,46.1,46.7
2021-12-10,2021-12-06,2021-12-10,0618,dn,4470.0,4538.43,0.2,0.0,4712.02,26.15,26.0,26.3
2021-12-10,2021-12-06,2021-12-10,0618,up,4605.0,4538.43,0.5100000000000001,1.0,4712.02,32.75,32.5,33.0
2021-12-10,2021-12-06,2021-12-10,0786,dn,4455.0,4538.43,0.17999999999999972,0.0,4712.02,23.35,23.2,23.5
2021-12-10,2021-12-06,2021-12-10,0786,up,4625.0,4538.43,0.4099999999999994,1.0,4712.02,23.4,23.2,23.6
2021-12-10,2021-12-06,2021-12-10,100,dn,4430.0,4538.43,0.14000000000000057,0.0,4712.02,19.25,19.1,19.4
2021-12-10,2021-12-06,2021-12-10,100,up,4645.0,4538.43,0.33000000000000007,1.0,4712.02,15.8,15.7,15.9
2021-12-17,2021-12-13,2021-12-17,trigger,dn,4685.0,4712.02,0.3700000000000003,1.0,4620.64,33.2,33.0,33.4
2021-12-17,2021-12-13,2021-12-17,trigger,up,4740.0,4712.02,0.3,0.0,4620.64,12.85,12.7,13.0
2021-12-17,2021-12-13,2021-12-17,0382,dn,4670.0,4712.02,0.31999999999999956,1.0,4620.64,27.9,27.7,28.1
2021-12-17,2021-12-13,2021-12-17,0382,up,4755.0,4712.02,0.21999999999999992,0.0,4620.64,8.7,8.6,8.8
2021-12-17,2021-12-13,2021-12-17,0618,dn,4640.0,4712.02,0.22000000000000028,1.0,4620.64,19.65,19.5,19.8
2021-12-17,2021-12-13,2021-12-17,0618,up,4780.0,4712.02,0.1200000000000001,0.0,4620.64,4.4,4.3,4.5
2021-12-17,2021-12-13,2021-12-17,0786,dn,4625.0,4712.02,0.19000000000000056,1.0,4620.64,16.450000000000003,16.3,16.6
2021-12-17,2021-12-13,2021-12-17,0786,up,4800.0,4712.02,0.05999999999999996,0.0,4620.64,2.4749999999999996,2.4,2.55
2021-12-17,2021-12-13,2021-12-17,100,dn,4600.0,4712.02,0.13999999999999985,0.0,4620.64,12.2,12.1,12.3
2021-12-17,2021-12-13,2021-12-17,100,up,4825.0,4712.02,0.02999999999999998,0.0,4620.64,1.275,1.2,1.35
2021-12-24,2021-12-20,2021-12-23,trigger,dn,4595.0,4620.64,0.5400000000000006,0.0,4725.79,61.7,61.3,62.1
2021-12-24,2021-12-20,2021-12-23,trigger,up,4650.0,4620.64,0.2099999999999998,1.0,4725.79,8.899999999999999,8.7,9.1
2021-12-24,2021-12-20,2021-12-23,0382,dn,4575.0,4620.64,0.49000000000000055,0.0,4725.79,51.2,50.8,51.6
2021-12-24,2021-12-20,2021-12-23,0382,up,4665.0,4620.64,0.1400000000000002,1.0,4725.79,6.15,6.0,6.3
2021-12-24,2021-12-20,2021-12-23,0618,dn,4550.0,4620.64,0.4,0.0,4725.79,39.75,39.4,40.1
2021-12-24,2021-12-20,2021-12-23,0618,up,4690.0,4620.64,0.07999999999999999,1.0,4725.79,3.25,3.1,3.4
2021-12-24,2021-12-20,2021-12-23,0786,dn,4530.0,4620.64,0.32999999999999974,0.0,4725.79,32.05,31.8,32.3
2021-12-24,2021-12-20,2021-12-23,0786,up,4710.0,4620.64,0.039999999999999994,1.0,4725.79,1.925,1.85,2.0
2021-12-24,2021-12-20,2021-12-23,100,dn,4505.0,4620.64,0.2799999999999997,0.0,4725.79,24.15,23.9,24.4
2021-12-24,2021-12-20,2021-12-23,100,up,4735.0,4620.64,0.025,0.0,4725.79,1.025,0.95,1.1
2021-12-31,2021-12-27,2021-12-31,trigger,dn,4695.0,4725.79,0.18000000000000008,0.0,4766.18,11.85,11.7,12.0
2021-12-31,2021-12-27,2021-12-31,trigger,up,4755.0,4725.79,0.5400000000000006,1.0,4766.18,25.25,25.1,25.4
2021-12-31,2021-12-27,2021-12-31,0382,dn,4680.0,4725.79,0.13999999999999985,0.0,4766.18,9.45,9.3,9.6
2021-12-31,2021-12-27,2021-12-31,0382,up,4770.0,4725.79,0.43000000000000044,0.0,4766.18,17.700000000000003,17.6,17.8
2021-12-31,2021-12-27,2021-12-31,0618,dn,4650.0,4725.79,0.08000000000000007,0.0,4766.18,6.0,5.9,6.1
2021-12-31,2021-12-27,2021-12-31,0618,up,4800.0,4725.79,0.21999999999999992,0.0,4766.18,7.5,7.4,7.6
2021-12-31,2021-12-27,2021-12-31,0786,dn,4630.0,4725.79,0.060000000000000143,0.0,4766.18,4.4,4.3,4.5
2021-12-31,2021-12-27,2021-12-31,0786,up,4820.0,4725.79,0.12000000000000002,0.0,4766.18,3.9,3.8,4.0
2021-12-31,2021-12-27,2021-12-31,100,dn,4605.0,4725.79,0.039999999999999945,0.0,4766.18,3.1,3.0,3.2
2021-12-31,2021-12-27,2021-12-31,100,up,4845.0,4725.79,0.05,0.0,4766.18,1.675,1.6,1.75
2022-01-07,2022-01-03,2022-01-07,trigger,dn,4740.0,4766.18,0.2900000000000006,1.0,4677.03,17.85,17.6,18.1
2022-01-07,2022-01-03,2022-01-07,trigger,up,4795.0,4766.18,0.36000000000000015,0.0,4677.03,14.100000000000001,13.9,14.3
2022-01-07,2022-01-03,2022-01-07,0382,dn,4720.0,4766.18,0.21999999999999958,1.0,4677.03,12.7,12.5,12.9
2022-01-07,2022-01-03,2022-01-07,0382,up,4810.0,4766.18,0.27000000000000013,0.0,4677.03,9.15,9.0,9.3
2022-01-07,2022-01-03,2022-01-07,0618,dn,4695.0,4766.18,0.12999999999999973,1.0,4677.03,8.2,8.0,8.4
2022-01-07,2022-01-03,2022-01-07,0618,up,4840.0,4766.18,0.11000000000000006,0.0,4677.03,3.2,3.1,3.3
2022-01-07,2022-01-03,2022-01-07,0786,dn,4675.0,4766.18,0.08000000000000007,0.0,4677.03,5.85,5.7,6.0
2022-01-07,2022-01-03,2022-01-07,0786,up,4860.0,4766.18,0.05,0.0,4677.03,1.425,1.35,1.5
2022-01-07,2022-01-03,2022-01-07,100,dn,4650.0,4766.18,0.05999999999999996,0.0,4677.03,3.9499999999999997,3.8,4.1
2022-01-07,2022-01-03,2022-01-07,100,up,4885.0,4766.18,0.015000000000000003,0.0,4677.03,0.525,0.45,0.6
2022-01-14,2022-01-10,2022-01-14,trigger,dn,4650.0,4677.03,0.55,0.0,4662.85,62.45,61.4,63.5
2022-01-14,2022-01-10,2022-01-14,trigger,up,4705.0,4677.03,0.15999999999999998,0.0,4662.85,6.3,6.1,6.5
2022-01-14,2022-01-10,2022-01-14,0382,dn,4630.0,4677.03,0.4099999999999994,0.0,4662.85,52.349999999999994,51.8,52.9
2022-01-14,2022-01-10,2022-01-14,0382,up,4725.0,4677.03,0.1,0.0,4662.85,3.65,3.5,3.8
2022-01-14,2022-01-10,2022-01-14,0618,dn,4600.0,4677.03,0.3899999999999991,0.0,4662.85,39.8,39.6,40.0
2022-01-14,2022-01-10,2022-01-14,0618,up,4750.0,4677.03,0.04500000000000002,0.0,4662.85,1.8,1.75,1.85
2022-01-14,2022-01-10,2022-01-14,0786,dn,4580.0,4677.03,0.3200000000000003,0.0,4662.85,32.75,32.5,33.0
2022-01-14,2022-01-10,2022-01-14,0786,up,4770.0,4677.03,0.025,0.0,4662.85,1.05,1.0,1.1
2022-01-14,2022-01-10,2022-01-14,100,dn,4555.0,4677.03,0.2699999999999996,0.0,4662.85,25.45,25.2,25.7
2022-01-14,2022-01-10,2022-01-14,100,up,4800.0,4677.03,0.015000000000000003,0.0,4662.85,0.5,0.45,0.55
2022-01-21,2022-01-18,2022-01-21,trigger,dn,4635.0,4662.85,0.6,1.0,4397.94,61.35,60.5,62.2
2022-01-21,2022-01-18,2022-01-21,trigger,up,4690.0,4662.85,0.16999999999999993,0.0,4397.94,6.6,6.5,6.7
2022-01-21,2022-01-18,2022-01-21,0382,dn,4615.0,4662.85,0.4799999999999997,1.0,4397.94,50.25,49.6,50.9
2022-01-21,2022-01-18,2022-01-21,0382,up,4710.0,4662.85,0.10999999999999996,0.0,4397.94,3.9,3.8,4.0
2022-01-21,2022-01-18,2022-01-21,0618,dn,4585.0,4662.85,0.3800000000000011,1.0,4397.94,36.7,36.2,37.2
2022-01-21,2022-01-18,2022-01-21,0618,up,4740.0,4662.85,0.04500000000000002,0.0,4397.94,1.625,1.55,1.7
2022-01-21,2022-01-18,2022-01-21,0786,dn,4565.0,4662.85,0.31000000000000016,1.0,4397.94,29.55,29.1,30.0
2022-01-21,2022-01-18,2022-01-21,0786,up,4760.0,4662.85,0.019999999999999973,0.0,4397.94,0.8999999999999999,0.85,0.95
2022-01-21,2022-01-18,2022-01-21,100,dn,4540.0,4662.85,0.2699999999999996,1.0,4397.94,22.2,22.0,22.4
2022-01-21,2022-01-18,2022-01-21,100,up,4785.0,4662.85,0.009999999999999998,0.0,4397.94,0.45,0.4,0.5
2022-01-28,2022-01-24,2022-01-28,trigger,dn,4365.0,4397.94,0.5900000000000005,0.0,4431.85,112.05,111.1,113.0
2022-01-28,2022-01-24,2022-01-28,trigger,up,4430.0,4397.94,0.3,0.0,4431.85,27.5,27.1,27.9
2022-01-28,2022-01-24,2022-01-28,0382,dn,4345.0,4397.94,0.5400000000000006,0.0,4431.85,101.05,100.1,102.0
2022-01-28,2022-01-24,2022-01-28,0382,up,4450.0,4397.94,0.2600000000000001,0.0,4431.85,22.0,21.7,22.3
2022-01-28,2022-01-24,2022-01-28,0618,dn,4315.0,4397.94,0.4599999999999994,0.0,4431.85,85.75,85.3,86.2
2022-01-28,2022-01-24,2022-01-28,0618,up,4480.0,4397.94,0.2,0.0,4431.85,15.2,15.0,15.4
2022-01-28,2022-01-24,2022-01-28,0786,dn,4290.0,4397.94,0.4200000000000017,0.0,4431.85,74.65,74.2,75.1
2022-01-28,2022-01-24,2022-01-28,0786,up,4505.0,4397.94,0.15999999999999978,0.0,4431.85,10.85,10.6,11.1
2022-01-28,2022-01-24,2022-01-28,100,dn,4265.0,4397.94,0.3700000000000017,0.0,4431.85,64.65,64.2,65.1
2022-01-28,2022-01-24,2022-01-28,100,up,4535.0,4397.94,0.1,0.0,4431.85,7.0,6.8,7.2
2022-02-04,2022-01-31,2022-02-04,trigger,dn,4400.0,4431.85,0.31999999999999884,0.0,4500.53,40.599999999999994,40.4,40.8
2022-02-04,2022-01-31,2022-02-04,trigger,up,4465.0,4431.85,0.5099999999999995,1.0,4500.53,47.05,46.8,47.3
2022-02-04,2022-01-31,2022-02-04,0382,dn,4380.0,4431.85,0.2799999999999983,0.0,4500.53,34.599999999999994,34.4,34.8
2022-02-04,2022-01-31,2022-02-04,0382,up,4485.0,4431.85,0.45,1.0,4500.53,37.3,37.1,37.5
2022-02-04,2022-01-31,2022-02-04,0618,dn,4345.0,4431.85,0.22000000000000028,0.0,4500.53,25.75,25.6,25.9
2022-02-04,2022-01-31,2022-02-04,0618,up,4520.0,4431.85,0.3300000000000011,0.0,4500.53,23.200000000000003,23.1,23.3
2022-02-04,2022-01-31,2022-02-04,0786,dn,4320.0,4431.85,0.17999999999999972,0.0,4500.53,20.65,20.5,20.8
2022-02-04,2022-01-31,2022-02-04,0786,up,4545.0,4431.85,0.2599999999999998,0.0,4500.53,15.6,15.5,15.7
2022-02-04,2022-01-31,2022-02-04,100,dn,4290.0,4431.85,0.15,0.0,4500.53,15.6,15.5,15.7
2022-02-04,2022-01-31,2022-02-04,100,up,4575.0,4431.85,0.18000000000000008,0.0,4500.53,9.15,9.0,9.3
2022-02-11,2022-02-07,2022-02-11,trigger,dn,4465.0,4500.53,0.2900000000000006,1.0,4418.64,28.1,27.9,28.3
2022-02-11,2022-02-07,2022-02-11,trigger,up,4535.0,4500.53,0.46000000000000085,0.0,4418.64,31.6,31.5,31.7
2022-02-11,2022-02-07,2022-02-11,0382,dn,4445.0,4500.53,0.23999999999999916,1.0,4418.64,22.65,22.5,22.8
2022-02-11,2022-02-07,2022-02-11,0382,up,4555.0,4500.53,0.3799999999999997,0.0,4418.64,23.0,22.9,23.1
2022-02-11,2022-02-07,2022-02-11,0618,dn,4410.0,4500.53,0.16999999999999993,0.0,4418.64,15.15,15.0,15.3
2022-02-11,2022-02-07,2022-02-11,0618,up,4590.0,4500.53,0.2400000000000002,0.0,4418.64,11.9,11.8,12.0
2022-02-11,2022-02-07,2022-02-11,0786,dn,4385.0,4500.53,0.1400000000000002,0.0,4418.64,11.15,11.0,11.3
2022-02-11,2022-02-07,2022-02-11,0786,up,4615.0,4500.53,0.15,0.0,4418.64,6.800000000000001,6.7,6.9
2022-02-11,2022-02-07,2022-02-11,100,dn,4355.0,4500.53,0.08999999999999986,0.0,4418.64,7.6,7.4,7.8
2022-02-11,2022-02-07,2022-02-11,100,up,4645.0,4500.53,0.08000000000000007,0.0,4418.64,3.2,3.1,3.3
2022-02-18,2022-02-14,2022-02-18,trigger,dn,4385.0,4418.64,0.3699999999999989,1.0,4348.87,48.75,48.4,49.1
2022-02-18,2022-02-14,2022-02-18,trigger,up,4455.0,4418.64,0.44000000000000056,0.0,4348.87,35.8,35.5,36.1
2022-02-18,2022-02-14,2022-02-18,0382,dn,4360.0,4418.64,0.30999999999999944,1.0,4348.87,40.099999999999994,39.8,40.4
2022-02-18,2022-02-14,2022-02-18,0382,up,4475.0,4418.64,0.39000000000000057,0.0,4348.87,27.6,27.3,27.9
2022-02-18,2022-02-14,2022-02-18,0618,dn,4325.0,4418.64,0.23999999999999985,0.0,4348.87,30.15,29.9,30.4
2022-02-18,2022-02-14,2022-02-18,0618,up,4510.0,4418.64,0.2600000000000001,0.0,4348.87,16.2,16.0,16.4
2022-02-18,2022-02-14,2022-02-18,0786,dn,4305.0,4418.64,0.22000000000000028,0.0,4348.87,25.55,25.3,25.8
2022-02-18,2022-02-14,2022-02-18,0786,up,4535.0,4418.64,0.17999999999999972,0.0,4348.87,10.45,10.3,10.6
2022-02-18,2022-02-14,2022-02-18,100,dn,4270.0,4418.64,0.1700000000000003,0.0,4348.87,18.85,18.7,19.0
2022-02-18,2022-02-14,2022-02-18,100,up,4565.0,4418.64,0.11999999999999993,0.0,4348.87,5.9,5.8,6.0
2022-03-04,2022-02-28,2022-03-04,trigger,dn,4350.0,4384.65,0.45,1.0,4328.87,63.05,62.3,63.8
2022-03-04,2022-02-28,2022-03-04,trigger,up,4420.0,4384.65,0.35,0.0,4328.87,28.4,28.1,28.7
2022-03-04,2022-02-28,2022-03-04,0382,dn,4325.0,4384.65,0.3799999999999997,0.0,4328.87,52.75,52.4,53.1
2022-03-04,2022-02-28,2022-03-04,0382,up,4445.0,4384.65,0.2900000000000006,0.0,4328.87,20.1,19.8,20.4
2022-03-04,2022-02-28,2022-03-04,0618,dn,4285.0,4384.65,0.28999999999999915,0.0,4328.87,39.3,39.0,39.6
2022-03-04,2022-02-28,2022-03-04,0618,up,4480.0,4384.65,0.2,0.0,4328.87,11.45,11.2,11.7
2022-03-04,2022-02-28,2022-03-04,0786,dn,4260.0,4384.65,0.24000000000000127,0.0,4328.87,32.400000000000006,32.1,32.7
2022-03-04,2022-02-28,2022-03-04,0786,up,4510.0,4384.65,0.010000000000000142,0.0,4328.87,5.9,5.1,6.7
2022-03-04,2022-02-28,2022-03-04,100,dn,4225.0,4384.65,0.2,0.0,4328.87,24.5,24.2,24.8
2022-03-04,2022-02-28,2022-03-04,100,up,4540.0,4384.65,0.06000000000000005,0.0,4328.87,3.45,3.3,3.6
2022-03-11,2022-03-07,2022-03-11,trigger,dn,4290.0,4328.87,0.44000000000000056,1.0,4204.31,68.5,68.2,68.8
2022-03-11,2022-03-07,2022-03-11,trigger,up,4365.0,4328.87,0.35,0.0,4204.31,27.25,27.0,27.5
2022-03-11,2022-03-07,2022-03-11,0382,dn,4270.0,4328.87,0.4099999999999994,1.0,4204.31,60.0,59.7,60.3
2022-03-11,2022-03-07,2022-03-11,0382,up,4390.0,4328.87,0.3,0.0,4204.31,19.1,18.9,19.3
2022-03-11,2022-03-07,2022-03-11,0618,dn,4235.0,4328.87,0.3300000000000011,1.0,4204.31,46.95,46.7,47.2
2022-03-11,2022-03-07,2022-03-11,0618,up,4425.0,4328.87,0.18999999999999986,0.0,4204.31,10.45,10.3,10.6
2022-03-11,2022-03-07,2022-03-11,0786,dn,4205.0,4328.87,0.28000000000000114,0.0,4204.31,37.7,37.4,38.0
2022-03-11,2022-03-07,2022-03-11,0786,up,4450.0,4328.87,0.12999999999999973,0.0,4204.31,6.199999999999999,6.1,6.3
2022-03-11,2022-03-07,2022-03-11,100,dn,4175.0,4328.87,0.23999999999999985,0.0,4204.31,29.95,29.7,30.2
2022-03-11,2022-03-07,2022-03-11,100,up,4485.0,4328.87,0.06499999999999995,0.0,4204.31,2.6,2.5,2.7
2022-03-18,2022-03-14,2022-03-18,trigger,dn,4165.0,4204.31,0.3400000000000006,0.0,4463.12,42.900000000000006,42.7,43.1
2022-03-18,2022-03-14,2022-03-18,trigger,up,4240.0,4204.31,0.48000000000000115,1.0,4463.12,50.900000000000006,50.7,51.1
2022-03-18,2022-03-14,2022-03-18,0382,dn,4145.0,4204.31,0.2900000000000006,0.0,4463.12,36.55,36.3,36.8
2022-03-18,2022-03-14,2022-03-18,0382,up,4265.0,4204.31,0.42000000000000026,1.0,4463.12,39.35,39.2,39.5
2022-03-18,2022-03-14,2022-03-18,0618,dn,4105.0,4204.31,0.22000000000000028,0.0,4463.12,26.1,25.9,26.3
2022-03-18,2022-03-14,2022-03-18,0618,up,4300.0,4204.31,0.3200000000000003,1.0,4463.12,26.1,25.9,26.3
2022-03-18,2022-03-14,2022-03-18,0786,dn,4080.0,4204.31,0.17999999999999972,0.0,4463.12,20.9,20.7,21.1
2022-03-18,2022-03-14,2022-03-18,0786,up,4330.0,4204.31,0.2299999999999997,1.0,4463.12,17.6,17.4,17.8
2022-03-18,2022-03-14,2022-03-18,100,dn,4045.0,4204.31,0.11999999999999958,0.0,4463.12,15.2,15.0,15.4
2022-03-18,2022-03-14,2022-03-18,100,up,4360.0,4204.31,0.16999999999999957,1.0,4463.12,11.45,11.3,11.6
2022-03-25,2022-03-21,2022-03-25,trigger,dn,4425.0,4463.12,0.3200000000000003,0.0,4543.06,33.15,33.0,33.3
2022-03-25,2022-03-21,2022-03-25,trigger,up,4505.0,4463.12,0.3600000000000009,1.0,4543.06,21.450000000000003,21.3,21.6
2022-03-25,2022-03-21,2022-03-25,0382,dn,4400.0,4463.12,0.25999999999999945,0.0,4543.06,25.9,25.8,26.0
2022-03-25,2022-03-21,2022-03-25,0382,up,4525.0,4463.12,0.2699999999999999,1.0,4543.06,14.9,14.8,15.0
2022-03-25,2022-03-21,2022-03-25,0618,dn,4360.0,4463.12,0.1700000000000003,0.0,4543.06,17.25,17.1,17.4
2022-03-25,2022-03-21,2022-03-25,0618,up,4565.0,4463.12,0.1400000000000002,0.0,4543.06,6.4,6.3,6.5
2022-03-25,2022-03-21,2022-03-25,0786,dn,4330.0,4463.12,0.13000000000000006,0.0,4543.06,12.65,12.5,12.8
2022-03-25,2022-03-21,2022-03-25,0786,up,4595.0,4463.12,0.07999999999999999,0.0,4543.06,3.1,3.0,3.2
2022-03-25,2022-03-21,2022-03-25,100,dn,4295.0,4463.12,0.08999999999999986,0.0,4543.06,8.7,8.6,8.8
2022-03-25,2022-03-21,2022-03-25,100,up,4630.0,4463.12,0.02999999999999998,0.0,4543.06,1.25,1.2,1.3
2022-04-01,2022-03-28,2022-04-01,trigger,dn,4505.0,4543.06,0.2699999999999996,0.0,4545.86,21.7,21.5,21.9
2022-04-01,2022-03-28,2022-04-01,trigger,up,4580.0,4543.06,0.43000000000000044,0.0,4545.86,22.85,22.7,23.0
2022-04-01,2022-03-28,2022-04-01,0382,dn,4480.0,4543.06,0.2,0.0,4545.86,15.65,15.5,15.8
2022-04-01,2022-03-28,2022-04-01,0382,up,4605.0,4543.06,0.3,0.0,4545.86,13.35,13.2,13.5
2022-04-01,2022-03-28,2022-04-01,0618,dn,4440.0,4543.06,0.11999999999999993,0.0,4545.86,9.0,8.9,9.1
2022-04-01,2022-03-28,2022-04-01,0618,up,4645.0,4543.06,0.13000000000000017,0.0,4545.86,4.550000000000001,4.4,4.7
2022-04-01,2022-03-28,2022-04-01,0786,dn,4415.0,4543.06,0.08000000000000007,0.0,4545.86,6.300000000000001,6.2,6.4
2022-04-01,2022-03-28,2022-04-01,0786,up,4670.0,4543.06,0.06499999999999999,0.0,4545.86,2.025,1.95,2.1
2022-04-01,2022-03-28,2022-04-01,100,dn,4380.0,4543.06,0.04999999999999991,0.0,4545.86,3.9,3.8,4.0
2022-04-01,2022-03-28,2022-04-01,100,up,4705.0,4543.06,0.019999999999999973,0.0,4545.86,0.6499999999999999,0.6,0.7
2022-04-08,2022-04-04,2022-04-08,trigger,dn,4510.0,4545.86,0.23999999999999985,1.0,4488.28,13.75,13.6,13.9
2022-04-08,2022-04-04,2022-04-08,trigger,up,4585.0,4545.86,0.4,0.0,4488.28,19.35,19.2,19.5
2022-04-08,2022-04-04,2022-04-08,0382,dn,4485.0,4545.86,0.15999999999999978,0.0,4488.28,8.7,8.6,8.8
2022-04-08,2022-04-04,2022-04-08,0382,up,4610.0,4545.86,0.2599999999999998,0.0,4488.28,10.95,10.8,11.1
2022-04-08,2022-04-04,2022-04-08,0618,dn,4445.0,4545.86,0.07999999999999999,0.0,4488.28,3.9,3.8,4.0
2022-04-08,2022-04-04,2022-04-08,0618,up,4645.0,4545.86,0.11999999999999984,0.0,4488.28,4.199999999999999,4.1,4.3
2022-04-08,2022-04-04,2022-04-08,0786,dn,4420.0,4545.86,0.04499999999999993,0.0,4488.28,2.375,2.3,2.45
2022-04-08,2022-04-04,2022-04-08,0786,up,4675.0,4545.86,0.05,0.0,4488.28,1.6,1.55,1.65
2022-04-08,2022-04-04,2022-04-08,100,dn,4385.0,4545.86,0.01499999999999999,0.0,4488.28,1.3,1.25,1.35
2022-04-08,2022-04-04,2022-04-08,100,up,4710.0,4545.86,0.01499999999999999,0.0,4488.28,0.5,0.45,0.55
2022-04-15,2022-04-11,2022-04-14,trigger,dn,4450.0,4488.28,0.41000000000000086,1.0,4392.59,34.15,33.9,34.4
2022-04-15,2022-04-11,2022-04-14,trigger,up,4525.0,4488.28,0.21999999999999992,0.0,4392.59,8.15,8.0,8.3
2022-04-15,2022-04-11,2022-04-14,0382,dn,4425.0,4488.28,0.31000000000000016,1.0,4392.59,24.85,24.6,25.1
2022-04-15,2022-04-11,2022-04-14,0382,up,4550.0,4488.28,0.10999999999999996,0.0,4392.59,3.75,3.6,3.9
2022-04-15,2022-04-11,2022-04-14,0618,dn,4390.0,4488.28,0.21999999999999992,0.0,4392.59,15.25,15.1,15.4
2022-04-15,2022-04-11,2022-04-14,0618,up,4585.0,4488.28,0.03500000000000001,0.0,4392.59,1.125,1.05,1.2
2022-04-15,2022-04-11,2022-04-14,0786,dn,4360.0,4488.28,0.15,0.0,4392.59,9.55,9.4,9.7
2022-04-15,2022-04-11,2022-04-14,0786,up,4615.0,4488.28,0.009999999999999998,0.0,4392.59,0.45,0.4,0.5
2022-04-15,2022-04-11,2022-04-14,100,dn,4330.0,4488.28,0.1,0.0,4392.59,5.75,5.6,5.9
2022-04-15,2022-04-11,2022-04-14,100,up,4650.0,4488.28,0.0,0.0,4392.59,0.2,0.15,0.25
2022-04-22,2022-04-18,2022-04-22,trigger,dn,4355.0,4392.59,0.3200000000000003,1.0,4271.78,28.450000000000003,28.3,28.6
2022-04-22,2022-04-18,2022-04-22,trigger,up,4430.0,4392.59,0.4,0.0,4271.78,23.15,23.0,23.3
2022-04-22,2022-04-18,2022-04-22,0382,dn,4335.0,4392.59,0.2799999999999997,1.0,4271.78,22.5,22.4,22.6
2022-04-22,2022-04-18,2022-04-22,0382,up,4450.0,4392.59,0.3200000000000003,0.0,4271.78,15.8,15.7,15.9
2022-04-22,2022-04-18,2022-04-22,0618,dn,4295.0,4392.59,0.1700000000000003,1.0,4271.78,13.55,13.4,13.7
2022-04-22,2022-04-18,2022-04-22,0618,up,4490.0,4392.59,0.15999999999999978,0.0,4271.78,6.1,6.0,6.2
2022-04-22,2022-04-18,2022-04-22,0786,dn,4270.0,4392.59,0.13000000000000006,0.0,4271.78,9.75,9.6,9.9
2022-04-22,2022-04-18,2022-04-22,0786,up,4515.0,4392.59,0.07999999999999989,0.0,4271.78,2.925,2.85,3.0
2022-04-22,2022-04-18,2022-04-22,100,dn,4235.0,4392.59,0.08000000000000007,0.0,4271.78,6.1,6.0,6.2
2022-04-22,2022-04-18,2022-04-22,100,up,4550.0,4392.59,0.02999999999999998,0.0,4271.78,0.95,0.9,1.0
2022-04-29,2022-04-25,2022-04-29,trigger,dn,4235.0,4271.78,0.48000000000000115,1.0,4131.93,69.35,68.6,70.1
2022-04-29,2022-04-25,2022-04-29,trigger,up,4310.0,4271.78,0.2799999999999997,0.0,4131.93,19.75,19.6,19.9
2022-04-29,2022-04-25,2022-04-29,0382,dn,4210.0,4271.78,0.44000000000000056,1.0,4131.93,57.5,57.2,57.8
2022-04-29,2022-04-25,2022-04-29,0382,up,4335.0,4271.78,0.23000000000000007,0.0,4131.93,13.25,13.1,13.4
2022-04-29,2022-04-25,2022-04-29,0618,dn,4170.0,4271.78,0.3400000000000006,1.0,4131.93,41.8,41.6,42.0
2022-04-29,2022-04-25,2022-04-29,0618,up,4370.0,4271.78,0.13999999999999985,0.0,4131.93,6.949999999999999,6.8,7.1
2022-04-29,2022-04-25,2022-04-29,0786,dn,4145.0,4271.78,0.2900000000000006,1.0,4131.93,33.7,33.5,33.9
2022-04-29,2022-04-25,2022-04-29,0786,up,4400.0,4271.78,0.07999999999999999,0.0,4131.93,3.8,3.7,3.9
2022-04-29,2022-04-25,2022-04-29,100,dn,4110.0,4271.78,0.2299999999999997,0.0,4131.93,24.549999999999997,24.4,24.7
2022-04-29,2022-04-25,2022-04-29,100,up,4435.0,4271.78,0.02999999999999998,0.0,4131.93,1.875,1.8,1.95
2022-05-06,2022-05-02,2022-05-06,trigger,dn,4095.0,4131.93,0.32999999999999974,0.0,4123.34,54.6,50.0,59.2
2022-05-06,2022-05-02,2022-05-06,trigger,up,4170.0,4131.93,0.43999999999999917,0.0,4123.34,55.3,50.7,59.9
2022-05-06,2022-05-02,2022-05-06,0382,dn,4070.0,4131.93,0.2900000000000006,0.0,4123.34,46.5,41.9,51.1
2022-05-06,2022-05-02,2022-05-06,0382,up,4195.0,4131.93,0.5900000000000005,0.0,4123.34,43.900000000000006,39.1,48.7
2022-05-06,2022-05-02,2022-05-06,0618,dn,4030.0,4131.93,0.12999999999999973,0.0,4123.34,35.0,31.7,38.3
2022-05-06,2022-05-02,2022-05-06,0618,up,4235.0,4131.93,0.4199999999999996,0.0,4123.34,29.05,26.0,32.1
2022-05-06,2022-05-02,2022-05-06,0786,dn,4005.0,4131.93,0.36000000000000015,0.0,4123.34,29.85,25.7,34.0
2022-05-06,2022-05-02,2022-05-06,0786,up,4260.0,4131.93,0.4799999999999997,0.0,4123.34,21.65,17.5,25.8
2022-05-06,2022-05-02,2022-05-06,100,dn,3965.0,4131.93,0.16999999999999957,0.0,4123.34,22.9,21.1,24.7
2022-05-06,2022-05-02,2022-05-06,100,up,4295.0,4131.93,0.19000000000000022,0.0,4123.34,13.65,12.0,15.3
2022-05-13,2022-05-09,2022-05-13,trigger,dn,4085.0,4123.34,0.5299999999999983,1.0,4023.89,80.8,80.6,81.0
2022-05-13,2022-05-09,2022-05-13,trigger,up,4165.0,4123.34,0.2700000000000003,0.0,4023.89,25.6,25.5,25.7
2022-05-13,2022-05-09,2022-05-13,0382,dn,4060.0,4123.34,0.49000000000000055,1.0,4023.89,67.95,67.7,68.2
2022-05-13,2022-05-09,2022-05-13,0382,up,4190.0,4123.34,0.24000000000000057,0.0,4023.89,19.200000000000003,19.1,19.3
2022-05-13,2022-05-09,2022-05-13,0618,dn,4020.0,4123.34,0.4,0.0,4023.89,50.2,50.0,50.4
2022-05-13,2022-05-09,2022-05-13,0618,up,4230.0,4123.34,0.16000000000000014,0.0,4023.89,11.4,11.3,11.5
2022-05-13,2022-05-09,2022-05-13,0786,dn,3990.0,4123.34,0.31999999999999884,0.0,4023.89,39.05,38.9,39.2
2022-05-13,2022-05-09,2022-05-13,0786,up,4255.0,4123.34,0.11000000000000014,0.0,4023.89,7.9,7.8,8.0
2022-05-13,2022-05-09,2022-05-13,100,dn,3955.0,4123.34,0.25,0.0,4023.89,28.5,28.4,28.6
2022-05-13,2022-05-09,2022-05-13,100,up,4295.0,4123.34,0.08000000000000015,0.0,4023.89,4.300000000000001,4.2,4.4
2022-05-20,2022-05-16,2022-05-20,trigger,dn,3980.0,4023.89,0.4299999999999997,1.0,3901.36,55.3,55.0,55.6
2022-05-20,2022-05-16,2022-05-20,trigger,up,4065.0,4023.89,0.36000000000000015,0.0,3901.36,30.5,30.3,30.7
2022-05-20,2022-05-16,2022-05-20,0382,dn,3955.0,4023.89,0.3800000000000011,1.0,3901.36,45.0,44.8,45.2
2022-05-20,2022-05-16,2022-05-20,0382,up,4090.0,4023.89,0.2900000000000006,0.0,3901.36,22.35,22.2,22.5
2022-05-20,2022-05-16,2022-05-20,0618,dn,3915.0,4023.89,0.28999999999999987,1.0,3901.36,31.3,31.1,31.5
2022-05-20,2022-05-16,2022-05-20,0618,up,4135.0,4023.89,0.17999999999999972,0.0,3901.36,11.45,11.3,11.6
2022-05-20,2022-05-16,2022-05-20,0786,dn,3885.0,4023.89,0.23000000000000043,0.0,3901.36,23.3,23.1,23.5
2022-05-20,2022-05-16,2022-05-20,0786,up,4165.0,4023.89,0.12999999999999973,0.0,3901.36,6.699999999999999,6.6,6.8
2022-05-20,2022-05-16,2022-05-20,100,dn,3845.0,4023.89,0.15999999999999978,0.0,3901.36,15.35,15.2,15.5
2022-05-20,2022-05-16,2022-05-20,100,up,4200.0,4023.89,0.05999999999999996,0.0,3901.36,3.3,3.2,3.4
2022-05-27,2022-05-23,2022-05-27,trigger,dn,3860.0,3901.36,0.3,0.0,4158.24,34.25,34.0,34.5
2022-05-27,2022-05-23,2022-05-27,trigger,up,3945.0,3901.36,0.4799999999999983,1.0,4158.24,50.3,50.1,50.5
2022-05-27,2022-05-23,2022-05-27,0382,dn,3830.0,3901.36,0.25,0.0,4158.24,26.0,25.8,26.2
2022-05-27,2022-05-23,2022-05-27,0382,up,3970.0,3901.36,0.4099999999999994,1.0,4158.24,38.95,38.7,39.2
2022-05-27,2022-05-23,2022-05-27,0618,dn,3785.0,3901.36,0.16000000000000014,0.0,4158.24,16.6,16.4,16.8
2022-05-27,2022-05-23,2022-05-27,0618,up,4015.0,3901.36,0.2799999999999997,1.0,4158.24,22.7,22.5,22.9
2022-05-27,2022-05-23,2022-05-27,0786,dn,3755.0,3901.36,0.12000000000000029,0.0,4158.24,12.05,11.9,12.2
2022-05-27,2022-05-23,2022-05-27,0786,up,4045.0,3901.36,0.2099999999999998,1.0,4158.24,14.85,14.7,15.0
2022-05-27,2022-05-23,2022-05-27,100,dn,3715.0,3901.36,0.08000000000000007,0.0,4158.24,7.75,7.6,7.9
2022-05-27,2022-05-23,2022-05-27,100,up,4085.0,3901.36,0.1400000000000002,1.0,4158.24,7.800000000000001,7.7,7.9
2022-06-03,2022-05-31,2022-06-03,trigger,dn,4115.0,4158.24,0.43000000000000116,1.0,4108.54,47.95,44.3,51.6
2022-06-03,2022-05-31,2022-06-03,trigger,up,4205.0,4158.24,0.23999999999999985,0.0,4108.54,14.7,14.5,14.9
2022-06-03,2022-05-31,2022-06-03,0382,dn,4085.0,4158.24,0.3700000000000003,0.0,4108.54,35.0,31.6,38.4
2022-06-03,2022-05-31,2022-06-03,0382,up,4230.0,4158.24,0.17999999999999972,0.0,4108.54,9.45,9.2,9.7
2022-06-03,2022-05-31,2022-06-03,0618,dn,4040.0,4158.24,0.2600000000000001,0.0,4108.54,20.95,18.5,23.4
2022-06-03,2022-05-31,2022-06-03,0618,up,4275.0,4158.24,0.07999999999999999,0.0,4108.54,3.65,3.5,3.8
2022-06-03,2022-05-31,2022-06-03,0786,dn,4010.0,4158.24,0.16999999999999993,0.0,4108.54,14.5,14.3,14.7
2022-06-03,2022-05-31,2022-06-03,0786,up,4310.0,4158.24,0.02999999999999998,0.0,4108.54,1.575,1.5,1.65
2022-06-03,2022-05-31,2022-06-03,100,dn,3965.0,4158.24,0.1,0.0,4108.54,7.9,7.7,8.1
2022-06-03,2022-05-31,2022-06-03,100,up,4350.0,4158.24,0.019999999999999973,0.0,4108.54,0.6499999999999999,0.6,0.7
2022-06-10,2022-06-06,2022-06-10,trigger,dn,4065.0,4108.54,0.2,1.0,3900.86,17.5,17.4,17.6
2022-06-10,2022-06-06,2022-06-10,trigger,up,4150.0,4108.54,0.55,0.0,3900.86,48.55,48.4,48.7
2022-06-10,2022-06-06,2022-06-10,0382,dn,4040.0,4108.54,0.16000000000000014,1.0,3900.86,13.0,12.9,13.1
2022-06-10,2022-06-06,2022-06-10,0382,up,4180.0,4108.54,0.44000000000000056,0.0,3900.86,33.45,33.3,33.6
2022-06-10,2022-06-06,2022-06-10,0618,dn,3995.0,4108.54,0.08000000000000007,1.0,3900.86,7.300000000000001,7.2,7.4
2022-06-10,2022-06-06,2022-06-10,0618,up,4225.0,4108.54,0.27999999999999936,0.0,3900.86,16.799999999999997,16.7,16.9
2022-06-10,2022-06-06,2022-06-10,0786,dn,3965.0,4108.54,0.06999999999999992,1.0,3900.86,4.949999999999999,4.8,5.1
2022-06-10,2022-06-06,2022-06-10,0786,up,4255.0,4108.54,0.18999999999999986,0.0,3900.86,9.6,9.5,9.7
2022-06-10,2022-06-06,2022-06-10,100,dn,3925.0,4108.54,0.040000000000000036,1.0,3900.86,2.95,2.9,3.0
2022-06-10,2022-06-06,2022-06-10,100,up,4295.0,4108.54,0.1,0.0,3900.86,3.9,3.8,4.0
2022-06-17,2022-06-13,2022-06-17,trigger,dn,3855.0,3900.86,0.5899999999999977,1.0,3674.84,101.35,101.0,101.7
2022-06-17,2022-06-13,2022-06-17,trigger,up,3945.0,3900.86,0.20999999999999944,0.0,3674.84,17.049999999999997,16.9,17.2
2022-06-17,2022-06-13,2022-06-17,0382,dn,3830.0,3900.86,0.5400000000000006,1.0,3674.84,87.0,86.7,87.3
2022-06-17,2022-06-13,2022-06-17,0382,up,3975.0,3900.86,0.16000000000000014,0.0,3674.84,11.55,11.4,11.7
2022-06-17,2022-06-13,2022-06-17,0618,dn,3785.0,3900.86,0.4399999999999977,1.0,3674.84,64.6,64.3,64.9
2022-06-17,2022-06-13,2022-06-17,0618,up,4020.0,3900.86,0.08999999999999986,0.0,3674.84,6.1,6.0,6.2
2022-06-17,2022-06-13,2022-06-17,0786,dn,3750.0,3900.86,0.3799999999999997,1.0,3674.84,50.15,49.9,50.4
2022-06-17,2022-06-13,2022-06-17,0786,up,4050.0,3900.86,0.05999999999999996,0.0,3674.84,3.9,3.8,4.0
2022-06-17,2022-06-13,2022-06-17,100,dn,3710.0,3900.86,0.28000000000000114,1.0,3674.84,36.7,36.5,36.9
2022-06-17,2022-06-13,2022-06-17,100,up,4090.0,3900.86,0.030000000000000027,0.0,3674.84,2.125,2.05,2.2
2022-06-24,2022-06-21,2022-06-24,trigger,dn,3630.0,3674.84,0.11999999999999958,0.0,3911.74,10.399999999999999,10.2,10.6
2022-06-24,2022-06-21,2022-06-24,trigger,up,3720.0,3674.84,0.6599999999999966,1.0,3911.74,73.94999999999999,73.3,74.6
2022-06-24,2022-06-21,2022-06-24,0382,dn,3600.0,3674.84,0.08999999999999986,0.0,3911.74,7.199999999999999,7.1,7.3
2022-06-24,2022-06-21,2022-06-24,0382,up,3750.0,3674.84,0.5599999999999994,1.0,3911.74,55.25,54.8,55.7
2022-06-24,2022-06-21,2022-06-24,0618,dn,3555.0,3674.84,0.029999999999999895,0.0,3911.74,4.199999999999999,4.1,4.3
2022-06-24,2022-06-21,2022-06-24,0618,up,3795.0,3674.84,0.41000000000000014,1.0,3911.74,33.0,32.8,33.2
2022-06-24,2022-06-21,2022-06-24,0786,dn,3520.0,3674.84,0.02999999999999998,0.0,3911.74,2.9,2.8,3.0
2022-06-24,2022-06-21,2022-06-24,0786,up,3830.0,3674.84,0.3,1.0,3911.74,20.3,20.1,20.5
2022-06-24,2022-06-21,2022-06-24,100,dn,3480.0,3674.84,0.01499999999999999,0.0,3911.74,1.9749999999999999,1.9,2.05
2022-06-24,2022-06-21,2022-06-24,100,up,3870.0,3674.84,0.17999999999999972,1.0,3911.74,10.45,10.3,10.6
2022-07-01,2022-06-27,2022-07-01,trigger,dn,3865.0,3911.74,0.3800000000000011,1.0,3825.33,37.7,37.5,37.9
2022-07-01,2022-06-27,2022-07-01,trigger,up,3960.0,3911.74,0.30999999999999944,0.0,3825.33,24.4,24.2,24.6
2022-07-01,2022-06-27,2022-07-01,0382,dn,3835.0,3911.74,0.3,1.0,3825.33,27.4,27.2,27.6
2022-07-01,2022-06-27,2022-07-01,0382,up,3990.0,3911.74,0.23000000000000043,0.0,3825.33,16.200000000000003,16.1,16.3
2022-07-01,2022-06-27,2022-07-01,0618,dn,3790.0,3911.74,0.19000000000000022,0.0,3825.33,16.3,16.1,16.5
2022-07-01,2022-06-27,2022-07-01,0618,up,4035.0,3911.74,0.13000000000000006,0.0,3825.33,8.15,8.0,8.3
2022-07-01,2022-06-27,2022-07-01,0786,dn,3755.0,3911.74,0.12999999999999973,0.0,3825.33,10.75,10.6,10.9
2022-07-01,2022-06-27,2022-07-01,0786,up,4070.0,3911.74,0.08000000000000007,0.0,3825.33,4.6,4.5,4.7
2022-07-01,2022-06-27,2022-07-01,100,dn,3710.0,3911.74,0.05999999999999979,0.0,3825.33,6.199999999999999,6.1,6.3
2022-07-01,2022-06-27,2022-07-01,100,up,4110.0,3911.74,0.03499999999999996,0.0,3825.33,2.325,2.25,2.4
2022-07-08,2022-07-05,2022-07-08,trigger,dn,3780.0,3825.33,0.5800000000000012,0.0,3899.38,61.95,61.2,62.7
2022-07-08,2022-07-05,2022-07-08,trigger,up,3875.0,3825.33,0.13999999999999985,1.0,3899.38,6.6,6.3,6.9
2022-07-08,2022-07-05,2022-07-08,0382,dn,3750.0,3825.33,0.4700000000000003,0.0,3899.38,46.2,45.5,46.9
2022-07-08,2022-07-05,2022-07-08,0382,up,3900.0,3825.33,0.08999999999999994,0.0,3899.38,3.9,3.8,4.0
2022-07-08,2022-07-05,2022-07-08,0618,dn,3700.0,3825.33,0.31000000000000016,0.0,3899.38,26.1,25.5,26.7
2022-07-08,2022-07-05,2022-07-08,0618,up,3950.0,3825.33,0.030000000000000027,0.0,3899.38,1.225,1.15,1.3
2022-07-08,2022-07-05,2022-07-08,0786,dn,3670.0,3825.33,0.21999999999999958,0.0,3899.38,17.45,17.2,17.7
2022-07-08,2022-07-05,2022-07-08,0786,up,3980.0,3825.33,0.010000000000000009,0.0,3899.38,0.6000000000000001,0.55,0.65
2022-07-08,2022-07-05,2022-07-08,100,dn,3625.0,3825.33,0.13999999999999985,0.0,3899.38,8.85,8.5,9.2
2022-07-08,2022-07-05,2022-07-08,100,up,4025.0,3825.33,0.004999999999999993,0.0,3899.38,0.22499999999999998,0.15,0.3
2022-07-15,2022-07-11,2022-07-15,trigger,dn,3855.0,3899.38,0.45,0.0,3863.16,45.45,45.3,45.6
2022-07-15,2022-07-11,2022-07-15,trigger,up,3945.0,3899.38,0.23000000000000007,0.0,3863.16,13.35,13.2,13.5
2022-07-15,2022-07-11,2022-07-15,0382,dn,3825.0,3899.38,0.35999999999999943,0.0,3863.16,33.15,33.0,33.3
2022-07-15,2022-07-11,2022-07-15,0382,up,3975.0,3899.38,0.15,0.0,3863.16,7.4,7.3,7.5
2022-07-15,2022-07-11,2022-07-15,0618,dn,3775.0,3899.38,0.22000000000000028,0.0,3863.16,18.35,18.2,18.5
2022-07-15,2022-07-11,2022-07-15,0618,up,4020.0,3899.38,0.06500000000000003,0.0,3863.16,2.6500000000000004,2.6,2.7
2022-07-15,2022-07-11,2022-07-15,0786,dn,3745.0,3899.38,0.15999999999999978,0.0,3863.16,12.45,12.3,12.6
2022-07-15,2022-07-11,2022-07-15,0786,up,4055.0,3899.38,0.030000000000000027,0.0,3863.16,1.1,1.05,1.15
2022-07-15,2022-07-11,2022-07-15,100,dn,3700.0,3899.38,0.07999999999999971,0.0,3863.16,6.699999999999999,6.6,6.8
2022-07-15,2022-07-11,2022-07-15,100,up,4100.0,3899.38,0.0050000000000000044,0.0,3863.16,0.375,0.35,0.4
2022-07-22,2022-07-18,2022-07-22,trigger,dn,3815.0,3863.16,0.2099999999999998,0.0,3961.63,14.85,14.7,15.0
2022-07-22,2022-07-18,2022-07-22,trigger,up,3910.0,3863.16,0.4799999999999997,1.0,3961.63,32.55,32.4,32.7
2022-07-22,2022-07-18,2022-07-22,0382,dn,3790.0,3863.16,0.15,0.0,3961.63,10.2,10.1,10.3
2022-07-22,2022-07-18,2022-07-22,0382,up,3940.0,3863.16,0.35,1.0,3961.63,19.75,19.6,19.9
2022-07-22,2022-07-18,2022-07-22,0618,dn,3740.0,3863.16,0.08000000000000007,0.0,3961.63,4.5,4.4,4.6
2022-07-22,2022-07-18,2022-07-22,0618,up,3985.0,3863.16,0.17999999999999972,0.0,3961.63,7.699999999999999,7.6,7.8
2022-07-22,2022-07-18,2022-07-22,0786,dn,3710.0,3863.16,0.05,0.0,3961.63,2.6500000000000004,2.6,2.7
2022-07-22,2022-07-18,2022-07-22,0786,up,4020.0,3863.16,0.07000000000000002,0.0,3961.63,3.1,3.0,3.2
2022-07-22,2022-07-18,2022-07-22,100,dn,3665.0,3863.16,0.019999999999999973,0.0,3961.63,1.2,1.15,1.25
2022-07-22,2022-07-18,2022-07-22,100,up,4060.0,3863.16,0.020000000000000018,0.0,3961.63,1.05,1.0,1.1
2022-07-29,2022-07-25,2022-07-29,trigger,dn,3915.0,3961.63,0.28999999999999915,0.0,4130.29,28.15,28.0,28.3
2022-07-29,2022-07-25,2022-07-29,trigger,up,4010.0,3961.63,0.3899999999999991,1.0,4130.29,26.4,26.2,26.6
2022-07-29,2022-07-25,2022-07-29,0382,dn,3885.0,3961.63,0.23999999999999916,0.0,4130.29,20.049999999999997,19.9,20.2
2022-07-29,2022-07-25,2022-07-29,0382,up,4035.0,3961.63,0.3,1.0,4130.29,17.6,17.5,17.7
2022-07-29,2022-07-25,2022-07-29,0618,dn,3840.0,3961.63,0.15,0.0,4130.29,11.2,11.1,11.3
2022-07-29,2022-07-25,2022-07-29,0618,up,4085.0,3961.63,0.13999999999999985,1.0,4130.29,6.5,6.4,6.6
2022-07-29,2022-07-25,2022-07-29,0786,dn,3805.0,3961.63,0.1,0.0,4130.29,6.699999999999999,6.6,6.8
2022-07-29,2022-07-25,2022-07-29,0786,up,4115.0,3961.63,0.08000000000000007,1.0,4130.29,3.2,3.1,3.3
2022-07-29,2022-07-25,2022-07-29,100,dn,3765.0,3961.63,0.05999999999999996,0.0,4130.29,3.5,3.4,3.6
2022-07-29,2022-07-25,2022-07-29,100,up,4160.0,3961.63,0.020000000000000018,0.0,4130.29,1.05,1.0,1.1
2022-08-05,2022-08-01,2022-08-05,trigger,dn,4085.0,4130.29,0.28999999999999915,0.0,4145.19,23.4,22.1,24.7
2022-08-05,2022-08-01,2022-08-05,trigger,up,4175.0,4130.29,0.3,0.0,4145.19,16.45,15.2,17.7
2022-08-05,2022-08-01,2022-08-05,0382,dn,4055.0,4130.29,0.3,0.0,4145.19,16.0,15.5,16.5
2022-08-05,2022-08-01,2022-08-05,0382,up,4205.0,4130.29,0.17999999999999972,0.0,4145.19,9.149999999999999,8.2,10.1
2022-08-05,2022-08-01,2022-08-05,0618,dn,4005.0,4130.29,0.11000000000000014,0.0,4145.19,7.550000000000001,6.7,8.4
2022-08-05,2022-08-01,2022-08-05,0618,up,4255.0,4130.29,0.07000000000000002,0.0,4145.19,2.725,2.6,2.85
2022-08-05,2022-08-01,2022-08-05,0786,dn,3975.0,4130.29,0.06999999999999992,0.0,4145.19,4.85,4.7,5.0
2022-08-05,2022-08-01,2022-08-05,100,dn,3930.0,4130.29,0.03499999999999996,0.0,4145.19,2.525,2.4,2.65
2022-08-12,2022-08-08,2022-08-12,trigger,dn,4100.0,4145.19,0.2,0.0,4280.15,14.0,13.9,14.1
2022-08-12,2022-08-08,2022-08-12,trigger,up,4190.0,4145.19,0.5,1.0,4280.15,35.05,34.9,35.2
2022-08-12,2022-08-08,2022-08-12,0382,dn,4070.0,4145.19,0.13000000000000006,0.0,4280.15,9.05,9.0,9.1
2022-08-12,2022-08-08,2022-08-12,0382,up,4220.0,4145.19,0.3700000000000003,1.0,4280.15,21.85,21.7,22.0
2022-08-12,2022-08-08,2022-08-12,0618,dn,4025.0,4145.19,0.05999999999999979,0.0,4280.15,4.6,4.5,4.7
2022-08-12,2022-08-08,2022-08-12,0618,up,4265.0,4145.19,0.2,1.0,4280.15,8.8,8.7,8.9
2022-08-12,2022-08-08,2022-08-12,0786,dn,3995.0,4145.19,0.040000000000000036,0.0,4280.15,2.95,2.9,3.0
2022-08-12,2022-08-08,2022-08-12,0786,up,4295.0,4145.19,0.10999999999999979,0.0,4280.15,4.199999999999999,4.1,4.3
2022-08-12,2022-08-08,2022-08-12,100,dn,3955.0,4145.19,0.020000000000000018,0.0,4280.15,1.625,1.55,1.7
2022-08-19,2022-08-15,2022-08-19,trigger,dn,4235.0,4280.15,0.2799999999999997,1.0,4228.48,17.9,17.8,18.0
2022-08-19,2022-08-15,2022-08-19,trigger,up,4325.0,4280.15,0.3,0.0,4228.48,14.3,14.2,14.4
2022-08-19,2022-08-15,2022-08-19,0382,dn,4210.0,4280.15,0.18000000000000008,0.0,4228.48,11.8,11.7,11.9
2022-08-19,2022-08-15,2022-08-19,0382,up,4350.0,4280.15,0.2,0.0,4228.48,8.1,8.0,8.2
2022-08-19,2022-08-15,2022-08-19,0618,dn,4165.0,4280.15,0.09000000000000004,0.0,4228.48,5.55,5.5,5.6
2022-08-19,2022-08-15,2022-08-19,0618,up,4395.0,4280.15,0.06500000000000003,0.0,4228.48,2.4000000000000004,2.35,2.45
2022-08-19,2022-08-15,2022-08-19,0786,dn,4130.0,4280.15,0.03499999999999996,0.0,4228.48,3.2,3.1,3.3
2022-08-19,2022-08-15,2022-08-19,0786,up,4430.0,4280.15,0.019999999999999973,0.0,4228.48,0.8999999999999999,0.85,0.95
2022-08-19,2022-08-15,2022-08-19,100,dn,4090.0,4280.15,0.019999999999999973,0.0,4228.48,1.9,1.85,1.95
2022-08-19,2022-08-15,2022-08-19,100,up,4470.0,4280.15,0.009999999999999998,0.0,4228.48,0.35,0.3,0.4
2022-08-26,2022-08-22,2022-08-26,trigger,dn,4185.0,4228.48,0.5200000000000017,1.0,4057.66,49.2,49.0,49.4
2022-08-26,2022-08-22,2022-08-26,trigger,up,4270.0,4228.48,0.15,0.0,4057.66,7.449999999999999,7.3,7.6
2022-08-26,2022-08-22,2022-08-26,0382,dn,4160.0,4228.48,0.4199999999999989,1.0,4057.66,37.099999999999994,36.9,37.3
2022-08-26,2022-08-22,2022-08-26,0382,up,4300.0,4228.48,0.08000000000000007,0.0,4057.66,3.7,3.6,3.8
2022-08-26,2022-08-22,2022-08-26,0618,dn,4115.0,4228.48,0.2799999999999997,1.0,4057.66,21.049999999999997,20.9,21.2
2022-08-26,2022-08-22,2022-08-26,0618,up,4340.0,4228.48,0.030000000000000027,0.0,4057.66,1.3,1.25,1.35
2022-08-26,2022-08-22,2022-08-26,0786,dn,4085.0,4228.48,0.19000000000000022,1.0,4057.66,13.65,13.5,13.8
2022-08-26,2022-08-22,2022-08-26,0786,up,4375.0,4228.48,0.009999999999999998,0.0,4057.66,0.45,0.4,0.5
2022-08-26,2022-08-22,2022-08-26,100,dn,4045.0,4228.48,0.11000000000000014,0.0,4057.66,7.25,7.1,7.4
2022-08-26,2022-08-22,2022-08-26,100,up,4410.0,4228.48,0.0050000000000000044,0.0,4057.66,0.15000000000000002,0.1,0.2
2022-09-02,2022-08-29,2022-09-02,trigger,dn,4015.0,4057.66,0.4,1.0,3924.26,40.599999999999994,40.4,40.8
2022-09-02,2022-08-29,2022-09-02,trigger,up,4100.0,4057.66,0.31000000000000016,0.0,3924.26,19.2,19.0,19.4
2022-09-02,2022-08-29,2022-09-02,0382,dn,3990.0,4057.66,0.31999999999999956,1.0,3924.26,31.7,31.5,31.9
2022-09-02,2022-08-29,2022-09-02,0382,up,4125.0,4057.66,0.2299999999999997,0.0,3924.26,12.2,12.0,12.4
2022-09-02,2022-08-29,2022-09-02,0618,dn,3945.0,4057.66,0.22000000000000028,1.0,3924.26,19.65,19.5,19.8
2022-09-02,2022-08-29,2022-09-02,0618,up,4170.0,4057.66,0.10999999999999996,0.0,3924.26,4.55,4.5,4.6
2022-09-02,2022-08-29,2022-09-02,0786,dn,3915.0,4057.66,0.15999999999999978,0.0,3924.26,13.95,13.8,14.1
2022-09-02,2022-08-29,2022-09-02,0786,up,4200.0,4057.66,0.05500000000000003,0.0,3924.26,2.2,2.15,2.25
2022-09-02,2022-08-29,2022-09-02,100,dn,3875.0,4057.66,0.1,0.0,3924.26,8.6,8.5,8.7
2022-09-02,2022-08-29,2022-09-02,100,up,4240.0,4057.66,0.020000000000000018,0.0,3924.26,0.8,0.75,0.85
2022-09-09,2022-09-06,2022-09-09,trigger,dn,3880.0,3924.26,0.32999999999999974,0.0,4067.36,26.9,25.5,28.3
2022-09-09,2022-09-06,2022-09-09,trigger,up,3965.0,3924.26,0.3400000000000006,1.0,4067.36,21.75,20.4,23.1
2022-09-09,2022-09-06,2022-09-09,0382,dn,3855.0,3924.26,0.23999999999999985,0.0,4067.36,19.45,17.9,21.0
2022-09-09,2022-09-06,2022-09-09,0382,up,3995.0,3924.26,0.2600000000000001,1.0,4067.36,13.0,11.8,14.2
2022-09-09,2022-09-06,2022-09-09,0618,dn,3810.0,3924.26,0.16000000000000014,0.0,4067.36,10.3,9.2,11.4
2022-09-09,2022-09-06,2022-09-09,0618,up,4035.0,3924.26,0.1400000000000002,1.0,4067.36,5.800000000000001,4.9,6.7
2022-09-09,2022-09-06,2022-09-09,0786,dn,3780.0,3924.26,0.1,0.0,4067.36,6.550000000000001,5.7,7.4
2022-09-09,2022-09-06,2022-09-09,0786,up,4065.0,3924.26,0.07000000000000002,0.0,4067.36,2.9,2.8,3.0
2022-09-09,2022-09-06,2022-09-09,100,dn,3745.0,3924.26,0.05,0.0,4067.36,3.85,3.7,4.0
2022-09-09,2022-09-06,2022-09-09,100,up,4105.0,3924.26,0.025,0.0,4067.36,1.075,1.0,1.15
2022-09-16,2022-09-12,2022-09-16,trigger,dn,4025.0,4067.36,0.19999999999999965,1.0,3873.33,16.15,16.0,16.3
2022-09-16,2022-09-12,2022-09-16,trigger,up,4110.0,4067.36,0.5100000000000009,0.0,3873.33,45.9,45.4,46.4
2022-09-16,2022-09-12,2022-09-16,0382,dn,4000.0,4067.36,0.13999999999999985,1.0,3873.33,11.6,11.5,11.7
2022-09-16,2022-09-12,2022-09-16,0382,up,4135.0,4067.36,0.4,0.0,3873.33,33.75,33.3,34.2
2022-09-16,2022-09-12,2022-09-16,0618,dn,3955.0,4067.36,0.08000000000000007,1.0,3873.33,6.4,6.3,6.5
2022-09-16,2022-09-12,2022-09-16,0618,up,4180.0,4067.36,0.25999999999999945,0.0,3873.33,17.75,17.6,17.9
2022-09-16,2022-09-12,2022-09-16,0786,dn,3925.0,4067.36,0.05,1.0,3873.33,4.35,4.3,4.4
2022-09-16,2022-09-12,2022-09-16,0786,up,4210.0,4067.36,0.18000000000000008,0.0,3873.33,10.8,10.7,10.9
2022-09-16,2022-09-12,2022-09-16,100,dn,3885.0,4067.36,0.030000000000000072,1.0,3873.33,2.7,2.65,2.75
2022-09-16,2022-09-12,2022-09-16,100,up,4250.0,4067.36,0.08999999999999986,0.0,3873.33,5.1,5.0,5.2
2022-09-23,2022-09-19,2022-09-23,trigger,dn,3830.0,3873.33,0.3799999999999997,1.0,3693.23,41.65,41.5,41.8
2022-09-23,2022-09-19,2022-09-23,trigger,up,3920.0,3873.33,0.3700000000000003,0.0,3693.23,31.450000000000003,31.3,31.6
2022-09-23,2022-09-19,2022-09-23,0382,dn,3800.0,3873.33,0.31999999999999884,1.0,3693.23,31.049999999999997,30.9,31.2
2022-09-23,2022-09-19,2022-09-23,0382,up,3945.0,3873.33,0.3,0.0,3693.23,22.799999999999997,22.7,22.9
2022-09-23,2022-09-19,2022-09-23,0618,dn,3755.0,3873.33,0.22000000000000028,1.0,3693.23,18.9,18.8,19.0
2022-09-23,2022-09-19,2022-09-23,0618,up,3990.0,3873.33,0.17999999999999972,0.0,3693.23,11.7,11.6,11.8
2022-09-23,2022-09-19,2022-09-23,0786,dn,3725.0,3873.33,0.16000000000000014,1.0,3693.23,13.0,12.9,13.1
2022-09-23,2022-09-19,2022-09-23,0786,up,4020.0,3873.33,0.11999999999999993,0.0,3693.23,7.1,7.0,7.2
2022-09-23,2022-09-19,2022-09-23,100,dn,3685.0,3873.33,0.10999999999999996,0.0,3693.23,7.6,7.5,7.7
2022-09-23,2022-09-19,2022-09-23,100,up,4060.0,3873.33,0.05999999999999996,0.0,3693.23,3.5,3.4,3.6
2022-09-30,2022-09-26,2022-09-30,trigger,dn,3645.0,3693.23,0.33999999999999914,1.0,3585.62,37.3,37.0,37.6
2022-09-30,2022-09-26,2022-09-30,trigger,up,3740.0,3693.23,0.41000000000000086,0.0,3585.62,38.400000000000006,38.1,38.7
2022-09-30,2022-09-26,2022-09-30,0382,dn,3620.0,3693.23,0.2700000000000003,1.0,3585.62,29.8,29.3,30.3
2022-09-30,2022-09-26,2022-09-30,0382,up,3765.0,3693.23,0.35999999999999943,0.0,3585.62,28.549999999999997,28.2,28.9
2022-09-30,2022-09-26,2022-09-30,0618,dn,3575.0,3693.23,0.18999999999999986,0.0,3585.62,19.15,18.9,19.4
2022-09-30,2022-09-26,2022-09-30,0618,up,3815.0,3693.23,0.23000000000000007,0.0,3585.62,14.15,13.9,14.4
2022-09-30,2022-09-26,2022-09-30,0786,dn,3540.0,3693.23,0.18000000000000008,0.0,3585.62,13.0,12.7,13.3
2022-09-30,2022-09-26,2022-09-30,0786,up,3845.0,3693.23,0.1400000000000002,0.0,3585.62,8.600000000000001,8.4,8.8
2022-09-30,2022-09-26,2022-09-30,100,dn,3500.0,3693.23,0.1,0.0,3585.62,7.85,7.7,8.0
2022-09-30,2022-09-26,2022-09-30,100,up,3885.0,3693.23,0.07999999999999989,0.0,3585.62,4.1,4.0,4.2
2022-10-07,2022-10-03,2022-10-07,trigger,dn,3540.0,3585.62,0.45,0.0,3639.66,23.55,20.3,26.8
2022-10-07,2022-10-03,2022-10-07,trigger,up,3630.0,3585.62,0.41000000000000086,1.0,3639.66,45.9,40.9,50.9
2022-10-07,2022-10-03,2022-10-07,0382,dn,3515.0,3585.62,0.2,0.0,3639.66,17.45,16.9,18.0
2022-10-07,2022-10-03,2022-10-07,0382,up,3660.0,3585.62,0.2900000000000006,0.0,3639.66,32.6,28.3,36.9
2022-10-07,2022-10-03,2022-10-07,0618,dn,3470.0,3585.62,0.13000000000000006,0.0,3639.66,9.75,9.3,10.2
2022-10-07,2022-10-03,2022-10-07,0618,up,3705.0,3585.62,0.5299999999999997,0.0,3639.66,18.75,14.9,22.6
2022-10-07,2022-10-03,2022-10-07,0786,dn,3435.0,3585.62,0.08000000000000007,0.0,3639.66,6.0,5.7,6.3
2022-10-07,2022-10-03,2022-10-07,0786,up,3735.0,3585.62,0.19000000000000022,0.0,3639.66,11.1,10.6,11.6
2022-10-07,2022-10-03,2022-10-07,100,dn,3395.0,3585.62,0.06000000000000005,0.0,3639.66,3.45,3.3,3.6
2022-10-07,2022-10-03,2022-10-07,100,up,3775.0,3585.62,0.1,0.0,3639.66,5.3,5.0,5.6
2022-10-14,2022-10-10,2022-10-14,trigger,dn,3595.0,3639.66,0.3899999999999991,1.0,3583.07,43.599999999999994,43.4,43.8
2022-10-14,2022-10-10,2022-10-14,trigger,up,3685.0,3639.66,0.3700000000000003,0.0,3583.07,33.45,33.3,33.6
2022-10-14,2022-10-10,2022-10-14,0382,dn,3565.0,3639.66,0.3300000000000011,0.0,3583.07,32.7,32.6,32.8
2022-10-14,2022-10-10,2022-10-14,0382,up,3715.0,3639.66,0.2799999999999997,0.0,3583.07,23.35,23.2,23.5
2022-10-14,2022-10-10,2022-10-14,0618,dn,3520.0,3639.66,0.22000000000000028,0.0,3583.07,20.15,20.0,20.3
2022-10-14,2022-10-10,2022-10-14,0618,up,3760.0,3639.66,0.18999999999999986,0.0,3583.07,12.35,12.2,12.5
2022-10-14,2022-10-10,2022-10-14,0786,dn,3490.0,3639.66,0.16999999999999993,0.0,3583.07,14.15,14.0,14.3
2022-10-14,2022-10-10,2022-10-14,0786,up,3790.0,3639.66,0.11999999999999993,0.0,3583.07,7.4,7.3,7.5
2022-10-14,2022-10-10,2022-10-14,100,dn,3445.0,3639.66,0.1,0.0,3583.07,8.0,7.9,8.1
2022-10-14,2022-10-10,2022-10-14,100,up,3835.0,3639.66,0.05499999999999998,0.0,3583.07,3.1,3.0,3.2
2022-10-21,2022-10-17,2022-10-21,trigger,dn,3535.0,3583.07,0.15,0.0,3752.75,11.6,11.5,11.7
2022-10-21,2022-10-17,2022-10-21,trigger,up,3630.0,3583.07,0.6400000000000006,1.0,3752.75,76.3,76.1,76.5
2022-10-21,2022-10-17,2022-10-21,0382,dn,3510.0,3583.07,0.1,0.0,3752.75,8.3,8.2,8.4
2022-10-21,2022-10-17,2022-10-21,0382,up,3660.0,3583.07,0.5400000000000006,1.0,3752.75,58.45,58.3,58.6
2022-10-21,2022-10-17,2022-10-21,0618,dn,3465.0,3583.07,0.05999999999999979,0.0,3752.75,4.6,4.5,4.7
2022-10-21,2022-10-17,2022-10-21,0618,up,3705.0,3583.07,0.4,1.0,3752.75,36.65,36.5,36.8
2022-10-21,2022-10-17,2022-10-21,0786,dn,3430.0,3583.07,0.030000000000000072,0.0,3752.75,3.0,2.9,3.1
2022-10-21,2022-10-17,2022-10-21,0786,up,3735.0,3583.07,0.31999999999999884,1.0,3752.75,25.549999999999997,25.4,25.7
2022-10-21,2022-10-17,2022-10-21,100,dn,3390.0,3583.07,0.020000000000000018,0.0,3752.75,2.0,1.95,2.05
2022-10-21,2022-10-17,2022-10-21,100,up,3780.0,3583.07,0.2,0.0,3752.75,13.75,13.6,13.9
2022-10-28,2022-10-24,2022-10-28,trigger,dn,3705.0,3752.75,0.25999999999999945,0.0,3901.06,23.299999999999997,23.2,23.4
2022-10-28,2022-10-24,2022-10-28,trigger,up,3800.0,3752.75,0.46999999999999886,1.0,3901.06,48.599999999999994,48.4,48.8
2022-10-28,2022-10-24,2022-10-28,0382,dn,3680.0,3752.75,0.21000000000000085,0.0,3901.06,17.450000000000003,17.3,17.6
2022-10-28,2022-10-24,2022-10-28,0382,up,3825.0,3752.75,0.39000000000000057,1.0,3901.06,37.6,37.5,37.7
2022-10-28,2022-10-24,2022-10-28,0618,dn,3635.0,3752.75,0.11999999999999993,0.0,3901.06,9.9,9.8,10.0
2022-10-28,2022-10-24,2022-10-28,0618,up,3875.0,3752.75,0.25999999999999945,1.0,3901.06,21.0,20.9,21.1
2022-10-28,2022-10-24,2022-10-28,0786,dn,3600.0,3752.75,0.07999999999999971,0.0,3901.06,6.199999999999999,6.1,6.3
2022-10-28,2022-10-24,2022-10-28,0786,up,3905.0,3752.75,0.18999999999999986,0.0,3901.06,14.2,14.1,14.3
2022-10-28,2022-10-24,2022-10-28,100,dn,3560.0,3752.75,0.06000000000000005,0.0,3901.06,3.6,3.5,3.7
2022-10-28,2022-10-24,2022-10-28,100,up,3945.0,3752.75,0.1,0.0,3901.06,8.0,7.9,8.1
2022-11-04,2022-10-31,2022-11-04,trigger,dn,3855.0,3901.06,0.4599999999999994,1.0,3770.55,52.75,52.6,52.9
2022-11-04,2022-10-31,2022-11-04,trigger,up,3945.0,3901.06,0.2900000000000006,0.0,3770.55,26.35,26.2,26.5
2022-11-04,2022-10-31,2022-11-04,0382,dn,3830.0,3901.06,0.4,1.0,3770.55,41.8,41.7,41.9
2022-11-04,2022-10-31,2022-11-04,0382,up,3975.0,3901.06,0.2299999999999997,0.0,3770.55,18.35,18.2,18.5
2022-11-04,2022-10-31,2022-11-04,0618,dn,3785.0,3901.06,0.28999999999999915,1.0,3770.55,26.049999999999997,25.9,26.2
2022-11-04,2022-10-31,2022-11-04,0618,up,4020.0,3901.06,0.13999999999999985,0.0,3770.55,10.0,9.9,10.1
2022-11-04,2022-10-31,2022-11-04,0786,dn,3750.0,3901.06,0.22000000000000028,0.0,3770.55,17.1,17.0,17.2
2022-11-04,2022-10-31,2022-11-04,100,dn,3710.0,3901.06,0.1400000000000002,0.0,3770.55,9.9,9.8,10.0
2022-11-11,2022-11-07,2022-11-11,trigger,dn,3725.0,3770.55,0.3799999999999997,0.0,3992.93,37.8,37.7,37.9
2022-11-11,2022-11-07,2022-11-11,trigger,up,3815.0,3770.55,0.3799999999999997,1.0,3992.93,38.15,38.0,38.3
2022-11-11,2022-11-07,2022-11-11,0382,dn,3695.0,3770.55,0.31000000000000083,0.0,3992.93,27.450000000000003,27.3,27.6
2022-11-11,2022-11-07,2022-11-11,0382,up,3845.0,3770.55,0.30999999999999944,1.0,3992.93,27.549999999999997,27.4,27.7
2022-11-11,2022-11-07,2022-11-11,0618,dn,3650.0,3770.55,0.2,0.0,3992.93,15.8,15.7,15.9
2022-11-11,2022-11-07,2022-11-11,0618,up,3890.0,3770.55,0.21000000000000013,1.0,3992.93,15.65,15.5,15.8
2022-11-11,2022-11-07,2022-11-11,0786,dn,3620.0,3770.55,0.16000000000000014,0.0,3992.93,10.4,10.3,10.5
2022-11-11,2022-11-07,2022-11-11,0786,up,3920.0,3770.55,0.15999999999999978,1.0,3992.93,10.1,10.0,10.2
2022-11-11,2022-11-07,2022-11-11,100,dn,3575.0,3770.55,0.08000000000000007,0.0,3992.93,5.0,4.9,5.1
2022-11-11,2022-11-07,2022-11-11,100,up,3965.0,3770.55,0.08000000000000007,1.0,3992.93,4.800000000000001,4.7,4.9
2022-11-18,2022-11-14,2022-11-18,trigger,dn,3945.0,3992.93,0.35,0.0,3965.34,27.05,26.8,27.3
2022-11-18,2022-11-14,2022-11-18,trigger,up,4040.0,3992.93,0.2799999999999997,0.0,3965.34,16.7,16.5,16.9
2022-11-18,2022-11-14,2022-11-18,0382,dn,3915.0,3992.93,0.2600000000000001,0.0,3965.34,18.0,17.8,18.2
2022-11-18,2022-11-14,2022-11-18,0382,up,4070.0,3992.93,0.17999999999999972,0.0,3965.34,9.7,9.6,9.8
2022-11-18,2022-11-14,2022-11-18,0618,dn,3870.0,3992.93,0.13999999999999985,0.0,3965.34,9.2,9.1,9.3
2022-11-18,2022-11-14,2022-11-18,0618,up,4115.0,3992.93,0.07999999999999989,0.0,3965.34,4.1,4.0,4.2
2022-11-18,2022-11-14,2022-11-18,0786,dn,3835.0,3992.93,0.08000000000000007,0.0,3965.34,5.300000000000001,5.2,5.4
2022-11-18,2022-11-14,2022-11-18,0786,up,4150.0,3992.93,0.03500000000000001,0.0,3965.34,2.0,1.95,2.05
2022-11-18,2022-11-14,2022-11-18,100,dn,3795.0,3992.93,0.040000000000000036,0.0,3965.34,2.9000000000000004,2.85,2.95
2022-11-25,2022-11-21,2022-11-25,trigger,dn,3920.0,3965.34,0.2800000000000001,0.0,4026.12,15.0,14.9,15.1
2022-11-25,2022-11-21,2022-11-25,trigger,up,4010.0,3965.34,0.2400000000000002,1.0,4026.12,10.8,10.7,10.9
2022-11-25,2022-11-21,2022-11-25,0382,dn,3890.0,3965.34,0.16999999999999993,0.0,4026.12,7.9,7.8,8.0
2022-11-25,2022-11-21,2022-11-25,0382,up,4040.0,3965.34,0.11999999999999993,0.0,4026.12,4.9,4.8,5.0
2022-11-25,2022-11-21,2022-11-25,0618,dn,3845.0,3965.34,0.05999999999999996,0.0,4026.12,2.7,2.65,2.75
2022-11-25,2022-11-21,2022-11-25,0618,up,4085.0,3965.34,0.040000000000000036,0.0,4026.12,1.35,1.3,1.4
2022-11-25,2022-11-21,2022-11-25,0786,dn,3815.0,3965.34,0.025,0.0,4026.12,1.4,1.35,1.45
2022-11-25,2022-11-21,2022-11-25,0786,up,4115.0,3965.34,0.020000000000000018,0.0,4026.12,0.6000000000000001,0.55,0.65
2022-11-25,2022-11-21,2022-11-25,100,dn,3775.0,3965.34,0.010000000000000009,0.0,4026.12,0.75,0.7,0.8
2022-12-02,2022-11-28,2022-12-02,trigger,dn,3980.0,4026.12,0.35999999999999943,0.0,4071.7,28.75,28.6,28.9
2022-12-02,2022-11-28,2022-12-02,trigger,up,4070.0,4026.12,0.2400000000000002,0.0,4071.7,11.3,11.2,11.4
2022-12-02,2022-11-28,2022-12-02,0382,dn,3955.0,4026.12,0.26999999999999885,0.0,4071.7,20.799999999999997,20.7,20.9
2022-12-02,2022-11-28,2022-12-02,0382,up,4095.0,4026.12,0.15999999999999978,0.0,4071.7,6.1,6.0,6.2
2022-12-02,2022-11-28,2022-12-02,0618,dn,3910.0,4026.12,0.16000000000000014,0.0,4071.7,11.0,10.9,11.1
2022-12-02,2022-11-28,2022-12-02,0618,up,4140.0,4026.12,0.05,0.0,4071.7,1.75,1.7,1.8
2022-12-02,2022-11-28,2022-12-02,0786,dn,3880.0,4026.12,0.1,0.0,4071.7,6.9,6.8,7.0
2022-12-02,2022-11-28,2022-12-02,0786,up,4170.0,4026.12,0.019999999999999973,0.0,4071.7,0.7,0.65,0.75
2022-12-02,2022-11-28,2022-12-02,100,dn,3840.0,4026.12,0.05,0.0,4071.7,3.7,3.6,3.8
2022-12-09,2022-12-05,2022-12-09,trigger,dn,4030.0,4071.7,0.4299999999999997,1.0,3934.38,27.799999999999997,24.9,30.7
2022-12-09,2022-12-05,2022-12-09,trigger,up,4115.0,4071.7,0.15,0.0,3934.38,6.1,4.1,8.1
2022-12-09,2022-12-05,2022-12-09,0382,dn,4000.0,4071.7,0.06999999999999992,1.0,3934.38,15.85,14.7,17.0
2022-12-09,2022-12-05,2022-12-09,0382,up,4140.0,4071.7,0.07999999999999999,0.0,3934.38,3.15,3.0,3.3
2022-12-09,2022-12-05,2022-12-09,0618,dn,3960.0,4071.7,0.0,1.0,3934.38,7.25,6.0,8.5
2022-12-09,2022-12-05,2022-12-09,0618,up,4185.0,4071.7,0.020000000000000018,0.0,3934.38,0.925,0.85,1.0
2022-12-09,2022-12-05,2022-12-09,0786,dn,3925.0,4071.7,0.07000000000000002,0.0,3934.38,3.85,3.7,4.0
2022-12-09,2022-12-05,2022-12-09,0786,up,4215.0,4071.7,0.009999999999999998,0.0,3934.38,0.45,0.4,0.5
2022-12-09,2022-12-05,2022-12-09,100,dn,3885.0,4071.7,0.025,0.0,3934.38,1.75,1.65,1.85
2022-12-16,2022-12-12,2022-12-16,trigger,dn,3890.0,3934.38,0.3400000000000006,1.0,3852.36,37.75,37.6,37.9
2022-12-16,2022-12-12,2022-12-16,trigger,up,3975.0,3934.38,0.4600000000000023,0.0,3852.36,49.400000000000006,49.2,49.6
2022-12-16,2022-12-12,2022-12-16,0382,dn,3865.0,3934.38,0.2900000000000006,1.0,3852.36,29.700000000000003,29.6,29.8
2022-12-16,2022-12-12,2022-12-16,0382,up,4005.0,3934.38,0.3800000000000011,0.0,3852.36,36.45,36.3,36.6
2022-12-16,2022-12-12,2022-12-16,0618,dn,3820.0,3934.38,0.22000000000000028,0.0,3852.36,18.200000000000003,18.1,18.3
2022-12-16,2022-12-12,2022-12-16,0618,up,4045.0,3934.38,0.28999999999999915,0.0,3852.36,22.65,22.5,22.8
2022-12-16,2022-12-12,2022-12-16,0786,dn,3790.0,3934.38,0.15999999999999978,0.0,3852.36,12.6,12.5,12.7
2022-12-16,2022-12-12,2022-12-16,0786,up,4075.0,3934.38,0.21999999999999992,0.0,3852.36,14.9,14.8,15.0
2022-12-16,2022-12-12,2022-12-16,100,dn,3750.0,3934.38,0.1,0.0,3852.36,7.5,7.4,7.6
2022-12-16,2022-12-12,2022-12-16,100,up,4115.0,3934.38,0.11999999999999993,0.0,3852.36,7.9,7.8,8.0
2022-12-23,2022-12-19,2022-12-23,trigger,dn,3810.0,3852.36,0.32999999999999974,0.0,3844.82,22.4,22.2,22.6
2022-12-23,2022-12-19,2022-12-23,trigger,up,3895.0,3852.36,0.2799999999999997,0.0,3844.82,15.45,15.3,15.6
2022-12-23,2022-12-19,2022-12-23,0382,dn,3780.0,3852.36,0.21999999999999992,0.0,3844.82,14.0,13.9,14.1
2022-12-23,2022-12-19,2022-12-23,0382,up,3925.0,3852.36,0.16999999999999993,0.0,3844.82,8.5,8.4,8.6
2022-12-23,2022-12-19,2022-12-23,0618,dn,3735.0,3852.36,0.11999999999999993,0.0,3844.82,6.5,6.4,6.6
2022-12-23,2022-12-19,2022-12-23,0618,up,3970.0,3852.36,0.07000000000000002,0.0,3844.82,3.1,3.0,3.2
2022-12-23,2022-12-19,2022-12-23,0786,dn,3705.0,3852.36,0.05999999999999996,0.0,3844.82,3.8,3.7,3.9
2022-12-23,2022-12-19,2022-12-23,0786,up,4000.0,3852.36,0.02999999999999998,0.0,3844.82,1.5,1.45,1.55
2022-12-23,2022-12-19,2022-12-23,100,dn,3665.0,3852.36,0.024999999999999956,0.0,3844.82,1.9749999999999999,1.9,2.05
2022-12-23,2022-12-19,2022-12-23,100,up,4040.0,3852.36,0.010000000000000009,0.0,3844.82,0.6000000000000001,0.55,0.65
2022-12-30,2022-12-27,2022-12-30,trigger,dn,3800.0,3844.82,0.33999999999999914,0.0,3839.5,22.65,22.5,22.8
2022-12-30,2022-12-27,2022-12-30,trigger,up,3890.0,3844.82,0.18999999999999986,0.0,3839.5,8.6,8.5,8.7
2022-12-30,2022-12-27,2022-12-30,0382,dn,3775.0,3844.82,0.2400000000000002,0.0,3839.5,15.3,15.2,15.4
2022-12-30,2022-12-27,2022-12-30,0382,up,3915.0,3844.82,0.1,0.0,3839.5,4.6,4.5,4.7
2022-12-30,2022-12-27,2022-12-30,0618,dn,3730.0,3844.82,0.10999999999999979,0.0,3839.5,7.199999999999999,7.1,7.3
2022-12-30,2022-12-27,2022-12-30,0618,up,3960.0,3844.82,0.02999999999999998,0.0,3839.5,1.45,1.4,1.5
2022-12-30,2022-12-27,2022-12-30,0786,dn,3700.0,3844.82,0.06999999999999992,0.0,3839.5,4.35,4.3,4.4
2022-12-30,2022-12-27,2022-12-30,0786,up,3990.0,3844.82,0.010000000000000009,0.0,3839.5,0.7,0.65,0.75
2022-12-30,2022-12-27,2022-12-30,100,dn,3660.0,3844.82,0.030000000000000072,0.0,3839.5,2.25,2.2,2.3
2022-12-30,2022-12-27,2022-12-30,100,up,4030.0,3844.82,0.0,0.0,3839.5,0.3,0.25,0.35
2023-01-06,2023-01-03,2023-01-06,trigger,dn,3800.0,3839.5,0.35,0.0,3895.08,25.75,25.6,25.9
2023-01-06,2023-01-03,2023-01-06,trigger,up,3880.0,3839.5,0.32999999999999974,1.0,3895.08,19.5,19.3,19.7
2023-01-06,2023-01-03,2023-01-06,0382,dn,3770.0,3839.5,0.2600000000000001,0.0,3895.08,16.25,16.1,16.4
2023-01-06,2023-01-03,2023-01-06,0382,up,3905.0,3839.5,0.23999999999999985,0.0,3895.08,11.95,11.8,12.1
2023-01-06,2023-01-03,2023-01-06,0618,dn,3730.0,3839.5,0.15,0.0,3895.08,7.800000000000001,7.7,7.9
2023-01-06,2023-01-03,2023-01-06,0618,up,3950.0,3839.5,0.10999999999999996,0.0,3895.08,3.9499999999999997,3.8,4.1
2023-01-06,2023-01-03,2023-01-06,0786,dn,3700.0,3839.5,0.07999999999999989,0.0,3895.08,4.199999999999999,4.1,4.3
2023-01-06,2023-01-03,2023-01-06,0786,up,3980.0,3839.5,0.04500000000000002,0.0,3895.08,1.625,1.55,1.7
2023-01-06,2023-01-03,2023-01-06,100,dn,3665.0,3839.5,0.03499999999999996,0.0,3895.08,2.025,1.95,2.1
2023-01-06,2023-01-03,2023-01-06,100,up,4015.0,3839.5,0.01499999999999999,0.0,3895.08,0.575,0.5,0.65
2023-01-13,2023-01-09,2023-01-13,trigger,dn,3855.0,3895.08,0.25999999999999945,0.0,3999.09,20.25,20.1,20.4
2023-01-13,2023-01-09,2023-01-13,trigger,up,3935.0,3895.08,0.5200000000000002,1.0,3999.09,47.85,47.6,48.1
2023-01-13,2023-01-09,2023-01-13,0382,dn,3830.0,3895.08,0.2,0.0,3999.09,14.3,14.2,14.4
2023-01-13,2023-01-09,2023-01-13,0382,up,3960.0,3895.08,0.4299999999999983,1.0,3999.09,36.05,35.8,36.3
2023-01-13,2023-01-09,2023-01-13,0618,dn,3790.0,3895.08,0.13999999999999985,0.0,3999.09,7.6,7.5,7.7
2023-01-13,2023-01-09,2023-01-13,0618,up,4000.0,3895.08,0.2900000000000006,0.0,3999.09,21.1,21.0,21.2
2023-01-13,2023-01-09,2023-01-13,0786,dn,3760.0,3895.08,0.08000000000000007,0.0,3999.09,4.5,4.4,4.6
2023-01-13,2023-01-09,2023-01-13,0786,up,4030.0,3895.08,0.21999999999999992,0.0,3999.09,13.1,13.0,13.2
2023-01-13,2023-01-09,2023-01-13,100,dn,3725.0,3895.08,0.040000000000000036,0.0,3999.09,2.4000000000000004,2.35,2.45
2023-01-13,2023-01-09,2023-01-13,100,up,4065.0,3895.08,0.1400000000000002,0.0,3999.09,6.800000000000001,6.7,6.9
2023-01-20,2023-01-17,2023-01-20,trigger,dn,3960.0,3999.09,0.25,0.0,3972.61,13.55,13.4,13.7
2023-01-20,2023-01-17,2023-01-20,trigger,up,4040.0,3999.09,0.2800000000000001,0.0,3972.61,11.9,11.8,12.0
2023-01-20,2023-01-17,2023-01-20,0382,dn,3935.0,3999.09,0.15999999999999978,0.0,3972.61,8.2,8.1,8.3
2023-01-20,2023-01-17,2023-01-20,0382,up,4065.0,3999.09,0.15999999999999978,0.0,3972.61,6.1,6.0,6.2
2023-01-20,2023-01-17,2023-01-20,0618,dn,3895.0,3999.09,0.0700000000000001,0.0,3972.61,3.6500000000000004,3.6,3.7
2023-01-20,2023-01-17,2023-01-20,0618,up,4105.0,3999.09,0.05,0.0,3972.61,1.85,1.8,1.9
2023-01-20,2023-01-17,2023-01-20,0786,dn,3865.0,3999.09,0.03499999999999996,0.0,3972.61,2.0999999999999996,2.05,2.15
2023-01-20,2023-01-17,2023-01-20,0786,up,4130.0,3999.09,0.02999999999999998,0.0,3972.61,0.8999999999999999,0.85,0.95
2023-01-20,2023-01-17,2023-01-20,100,dn,3830.0,3999.09,0.010000000000000009,0.0,3972.61,1.2,1.15,1.25
2023-01-20,2023-01-17,2023-01-20,100,up,4170.0,3999.09,0.009999999999999986,0.0,3972.61,0.32499999999999996,0.3,0.35
2023-01-27,2023-01-23,2023-01-27,trigger,dn,3935.0,3972.61,0.2,0.0,4070.56,12.1,12.0,12.2
2023-01-27,2023-01-23,2023-01-27,trigger,up,4010.0,3972.61,0.43000000000000116,1.0,4070.56,23.450000000000003,23.3,23.6
2023-01-27,2023-01-23,2023-01-27,0382,dn,3910.0,3972.61,0.13999999999999985,0.0,4070.56,7.699999999999999,7.6,7.8
2023-01-27,2023-01-23,2023-01-27,0382,up,4035.0,3972.61,0.2900000000000002,1.0,4070.56,13.9,13.8,14.0
2023-01-27,2023-01-23,2023-01-27,0618,dn,3870.0,3972.61,0.06000000000000005,0.0,4070.56,3.6,3.5,3.7
2023-01-27,2023-01-23,2023-01-27,0618,up,4075.0,3972.61,0.14000000000000004,0.0,4070.56,4.95,4.9,5.0
2023-01-27,2023-01-23,2023-01-27,0786,dn,3840.0,3972.61,0.03500000000000005,0.0,4070.56,2.075,2.05,2.1
2023-01-27,2023-01-23,2023-01-27,0786,up,4105.0,3972.61,0.06000000000000001,0.0,4070.56,1.95,1.9,2.0
2023-01-27,2023-01-23,2023-01-27,100,dn,3805.0,3972.61,0.019999999999999973,0.0,4070.56,1.2,1.15,1.25
2023-02-03,2023-01-30,2023-02-03,trigger,dn,4030.0,4070.56,0.3799999999999997,0.0,4136.48,35.75,35.6,35.9
2023-02-03,2023-01-30,2023-02-03,trigger,up,4110.0,4070.56,0.35,1.0,4136.48,24.549999999999997,24.4,24.7
2023-02-03,2023-01-30,2023-02-03,0382,dn,4010.0,4070.56,0.32999999999999974,0.0,4136.48,28.549999999999997,28.4,28.7
2023-02-03,2023-01-30,2023-02-03,0382,up,4135.0,4070.56,0.27000000000000063,0.0,4136.48,16.450000000000003,16.3,16.6
2023-02-03,2023-01-30,2023-02-03,0618,dn,3970.0,4070.56,0.2400000000000002,0.0,4136.48,17.1,17.0,17.2
2023-02-03,2023-01-30,2023-02-03,0618,up,4170.0,4070.56,0.16000000000000014,0.0,4136.48,8.5,8.4,8.6
2023-02-03,2023-01-30,2023-02-03,0786,dn,3940.0,4070.56,0.16999999999999993,0.0,4136.48,10.95,10.8,11.1
2023-02-03,2023-01-30,2023-02-03,0786,up,4200.0,4070.56,0.1,0.0,4136.48,4.45,4.4,4.5
2023-02-03,2023-01-30,2023-02-03,100,dn,3905.0,4070.56,0.1,0.0,4136.48,6.1,6.0,6.2
2023-02-10,2023-02-06,2023-02-10,trigger,dn,4095.0,4136.48,0.3800000000000011,1.0,4090.46,26.700000000000003,26.6,26.8
2023-02-10,2023-02-06,2023-02-10,trigger,up,4175.0,4136.48,0.23999999999999985,0.0,4090.46,13.1,13.0,13.2
2023-02-10,2023-02-06,2023-02-10,0382,dn,4075.0,4136.48,0.28999999999999915,0.0,4090.46,19.799999999999997,19.7,19.9
2023-02-10,2023-02-06,2023-02-10,0382,up,4200.0,4136.48,0.16000000000000014,0.0,4090.46,7.800000000000001,7.7,7.9
2023-02-10,2023-02-06,2023-02-10,0618,dn,4035.0,4136.48,0.18000000000000008,0.0,4090.46,10.4,10.3,10.5
2023-02-10,2023-02-06,2023-02-10,0618,up,4240.0,4136.48,0.075,0.0,4090.46,3.0250000000000004,2.95,3.1
2023-02-10,2023-02-06,2023-02-10,0786,dn,4005.0,4136.48,0.10999999999999996,0.0,4090.46,6.05,6.0,6.1
2023-02-10,2023-02-06,2023-02-10,0786,up,4265.0,4136.48,0.039999999999999994,0.0,4090.46,1.55,1.5,1.6
2023-02-10,2023-02-06,2023-02-10,100,dn,3970.0,4136.48,0.05499999999999998,0.0,4090.46,3.05,3.0,3.1
2023-02-17,2023-02-13,2023-02-17,trigger,dn,4050.0,4090.46,0.26999999999999885,0.0,4079.09,25.799999999999997,25.7,25.9
2023-02-17,2023-02-13,2023-02-17,trigger,up,4130.0,4090.46,0.4799999999999997,0.0,4079.09,40.05,39.9,40.2
2023-02-17,2023-02-13,2023-02-17,0382,dn,4030.0,4090.46,0.23999999999999916,0.0,4079.09,20.65,20.5,20.8
2023-02-17,2023-02-13,2023-02-17,0382,up,4150.0,4090.46,0.42000000000000026,0.0,4079.09,30.85,30.7,31.0
2023-02-17,2023-02-13,2023-02-17,0618,dn,3990.0,4090.46,0.15999999999999978,0.0,4079.09,12.6,12.5,12.7
2023-02-17,2023-02-13,2023-02-17,0618,up,4190.0,4090.46,0.2800000000000004,0.0,4079.09,16.450000000000003,16.3,16.6
2023-02-17,2023-02-13,2023-02-17,0786,dn,3965.0,4090.46,0.11999999999999993,0.0,4079.09,9.0,8.9,9.1
2023-02-17,2023-02-13,2023-02-17,0786,up,4220.0,4090.46,0.17999999999999972,0.0,4079.09,9.2,9.1,9.3
2023-02-17,2023-02-13,2023-02-17,100,dn,3930.0,4090.46,0.08000000000000007,0.0,4079.09,5.5,5.4,5.6
2023-02-17,2023-02-13,2023-02-17,100,up,4250.0,4090.46,0.1,0.0,4079.09,4.699999999999999,4.6,4.8
2023-02-24,2023-02-21,2023-02-24,trigger,dn,4040.0,4079.09,0.4799999999999983,1.0,3970.04,38.099999999999994,37.9,38.3
2023-02-24,2023-02-21,2023-02-24,trigger,up,4115.0,4079.09,0.17999999999999972,0.0,3970.04,6.949999999999999,6.8,7.1
2023-02-24,2023-02-21,2023-02-24,0382,dn,4020.0,4079.09,0.4,1.0,3970.04,29.1,28.9,29.3
2023-02-24,2023-02-21,2023-02-24,0382,up,4140.0,4079.09,0.1,0.0,3970.04,3.5,3.4,3.6
2023-02-24,2023-02-21,2023-02-24,0618,dn,3980.0,4079.09,0.2400000000000002,1.0,3970.04,15.9,15.7,16.1
2023-02-24,2023-02-21,2023-02-24,0618,up,4175.0,4079.09,0.03500000000000001,0.0,3970.04,1.225,1.15,1.3
2023-02-24,2023-02-21,2023-02-24,0786,dn,3955.0,4079.09,0.16000000000000014,0.0,3970.04,10.55,10.4,10.7
2023-02-24,2023-02-21,2023-02-24,0786,up,4205.0,4079.09,0.015000000000000003,0.0,3970.04,0.5,0.45,0.55
2023-02-24,2023-02-21,2023-02-24,100,dn,3920.0,4079.09,0.1,0.0,3970.04,5.75,5.6,5.9
2023-02-24,2023-02-21,2023-02-24,100,up,4235.0,4079.09,0.0050000000000000044,0.0,3970.04,0.2,0.15,0.25
2023-03-03,2023-02-27,2023-03-03,trigger,dn,3935.0,3970.04,0.15999999999999978,0.0,4045.64,9.7,9.5,9.9
2023-03-03,2023-02-27,2023-03-03,trigger,up,4005.0,3970.04,0.5500000000000014,1.0,4045.64,35.35,35.1,35.6
2023-03-03,2023-02-27,2023-03-03,0382,dn,3910.0,3970.04,0.11999999999999993,0.0,4045.64,6.0,5.9,6.1
2023-03-03,2023-02-27,2023-03-03,0382,up,4030.0,3970.04,0.4299999999999997,1.0,4045.64,22.75,22.5,23.0
2023-03-03,2023-02-27,2023-03-03,0618,dn,3875.0,3970.04,0.05999999999999996,0.0,4045.64,2.8499999999999996,2.8,2.9
2023-03-03,2023-02-27,2023-03-03,0618,up,4065.0,3970.04,0.23999999999999985,0.0,4045.64,10.45,10.3,10.6
2023-03-03,2023-02-27,2023-03-03,0786,dn,3845.0,3970.04,0.02999999999999998,0.0,4045.64,1.5,1.45,1.55
2023-03-03,2023-02-27,2023-03-03,0786,up,4095.0,3970.04,0.1400000000000002,0.0,4045.64,4.550000000000001,4.4,4.7
2023-03-03,2023-02-27,2023-03-03,100,dn,3815.0,3970.04,0.015000000000000036,0.0,4045.64,0.8500000000000001,0.8,0.9
2023-03-03,2023-02-27,2023-03-03,100,up,4125.0,3970.04,0.05499999999999998,0.0,4045.64,1.65,1.6,1.7
2023-03-10,2023-03-06,2023-03-10,trigger,dn,4010.0,4045.64,0.2600000000000001,1.0,3861.59,17.1,16.9,17.3
2023-03-10,2023-03-06,2023-03-10,trigger,up,4080.0,4045.64,0.43999999999999984,0.0,3861.59,28.3,28.0,28.6
2023-03-10,2023-03-06,2023-03-10,0382,dn,3985.0,4045.64,0.2,1.0,3861.59,11.35,11.2,11.5
2023-03-10,2023-03-06,2023-03-10,0382,up,4105.0,4045.64,0.3300000000000004,0.0,3861.59,18.35,18.1,18.6
2023-03-10,2023-03-06,2023-03-10,0618,dn,3950.0,4045.64,0.12000000000000029,1.0,3861.59,6.050000000000001,5.9,6.2
2023-03-10,2023-03-06,2023-03-10,0618,up,4140.0,4045.64,0.18999999999999986,0.0,3861.59,8.95,8.8,9.1
2023-03-10,2023-03-06,2023-03-10,0786,dn,3925.0,4045.64,0.06000000000000005,1.0,3861.59,3.7,3.6,3.8
2023-03-10,2023-03-06,2023-03-10,0786,up,4165.0,4045.64,0.13000000000000006,0.0,3861.59,4.9,4.7,5.1
2023-03-10,2023-03-06,2023-03-10,100,dn,3890.0,4045.64,0.039999999999999994,1.0,3861.59,1.95,1.9,2.0
2023-03-10,2023-03-06,2023-03-10,100,up,4200.0,4045.64,0.04500000000000002,0.0,3861.59,1.85,1.8,1.9
2023-03-17,2023-03-13,2023-03-17,trigger,dn,3825.0,3861.59,0.3600000000000009,0.0,3916.64,45.35,45.1,45.6
2023-03-17,2023-03-13,2023-03-17,trigger,up,3900.0,3861.59,0.44000000000000056,1.0,3916.64,38.6,38.2,39.0
2023-03-17,2023-03-13,2023-03-17,0382,dn,3800.0,3861.59,0.3300000000000011,0.0,3916.64,36.95,36.7,37.2
2023-03-17,2023-03-13,2023-03-17,0382,up,3925.0,3861.59,0.3799999999999997,0.0,3916.64,28.4,28.0,28.8
2023-03-17,2023-03-13,2023-03-17,0618,dn,3765.0,3861.59,0.20999999999999944,0.0,3916.64,27.4,27.1,27.7
2023-03-17,2023-03-13,2023-03-17,0618,up,3960.0,3861.59,0.2600000000000001,0.0,3916.64,17.05,16.8,17.3
2023-03-17,2023-03-13,2023-03-17,0786,dn,3735.0,3861.59,0.17999999999999972,0.0,3916.64,21.25,21.1,21.4
2023-03-17,2023-03-13,2023-03-17,0786,up,3985.0,3861.59,0.19000000000000022,0.0,3916.64,11.15,11.0,11.3
2023-03-17,2023-03-13,2023-03-17,100,dn,3700.0,3861.59,0.11000000000000014,0.0,3916.64,15.75,15.6,15.9
2023-03-17,2023-03-13,2023-03-17,100,up,4020.0,3861.59,0.1,0.0,3916.64,5.75,5.6,5.9
2023-03-24,2023-03-20,2023-03-24,trigger,dn,3880.0,3916.64,0.3300000000000011,0.0,3970.99,35.25,35.0,35.5
2023-03-24,2023-03-20,2023-03-24,trigger,up,3955.0,3916.64,0.5,1.0,3970.99,44.400000000000006,44.1,44.7
2023-03-24,2023-03-20,2023-03-24,0382,dn,3855.0,3916.64,0.2800000000000004,0.0,3970.99,27.8,27.6,28.0
2023-03-24,2023-03-20,2023-03-24,0382,up,3980.0,3916.64,0.43000000000000044,0.0,3970.99,32.35,32.1,32.6
2023-03-24,2023-03-20,2023-03-24,0618,dn,3820.0,3916.64,0.21000000000000013,0.0,3970.99,19.2,19.0,19.4
2023-03-24,2023-03-20,2023-03-24,0618,up,4015.0,3916.64,0.31999999999999956,0.0,3970.99,18.7,18.5,18.9
2023-03-24,2023-03-20,2023-03-24,0786,dn,3790.0,3916.64,0.16000000000000014,0.0,3970.99,13.600000000000001,13.4,13.8
2023-03-24,2023-03-20,2023-03-24,0786,up,4040.0,3916.64,0.23999999999999985,0.0,3970.99,11.45,11.3,11.6
2023-03-24,2023-03-20,2023-03-24,100,dn,3755.0,3916.64,0.12000000000000029,0.0,3970.99,8.8,8.6,9.0
2023-03-24,2023-03-20,2023-03-24,100,up,4075.0,3916.64,0.11999999999999993,0.0,3970.99,5.0,4.9,5.1
2023-03-31,2023-03-27,2023-03-31,trigger,dn,3935.0,3970.99,0.21999999999999922,0.0,4109.31,17.049999999999997,16.9,17.2
2023-03-31,2023-03-27,2023-03-31,trigger,up,4010.0,3970.99,0.5100000000000001,1.0,4109.31,29.35,29.2,29.5
2023-03-31,2023-03-27,2023-03-31,0382,dn,3910.0,3970.99,0.15,0.0,4109.31,12.25,12.1,12.4
2023-03-31,2023-03-27,2023-03-31,0382,up,4030.0,3970.99,0.42000000000000026,1.0,4109.31,19.75,19.6,19.9
2023-03-31,2023-03-27,2023-03-31,0618,dn,3875.0,3970.99,0.1,0.0,4109.31,7.6,7.5,7.7
2023-03-31,2023-03-27,2023-03-31,0618,up,4070.0,3970.99,0.2,1.0,4109.31,6.9,6.8,7.0
2023-03-31,2023-03-27,2023-03-31,0786,dn,3845.0,3970.99,0.0700000000000001,0.0,4109.31,4.95,4.9,5.0
2023-03-31,2023-03-27,2023-03-31,0786,up,4095.0,3970.99,0.09500000000000011,1.0,4109.31,3.2,3.1,3.3
2023-03-31,2023-03-27,2023-03-31,100,dn,3815.0,3970.99,0.03499999999999996,0.0,4109.31,3.2,3.1,3.3
2023-03-31,2023-03-27,2023-03-31,100,up,4130.0,3970.99,0.030000000000000027,0.0,4109.31,1.1,1.05,1.15
2023-04-07,2023-04-03,2023-04-06,trigger,dn,4070.0,4109.31,0.1400000000000002,0.0,4105.02,10.600000000000001,8.3,12.9
2023-04-07,2023-04-03,2023-04-06,trigger,up,4145.0,4109.31,0.41000000000000014,0.0,4105.02,13.9,11.3,16.5
2023-04-07,2023-04-03,2023-04-06,0382,dn,4050.0,4109.31,0.36000000000000015,0.0,4105.02,7.95,6.9,9.0
2023-04-07,2023-04-03,2023-04-06,0382,up,4170.0,4109.31,0.009999999999999964,0.0,4105.02,5.75,4.5,7.0
2023-04-07,2023-04-03,2023-04-06,0618,dn,4010.0,4109.31,-0.195,0.0,4105.02,2.0,1.0,3.0
2023-04-07,2023-04-03,2023-04-06,0786,dn,3985.0,4109.31,0.06000000000000005,0.0,4105.02,1.85,0.0,3.7
2023-04-07,2023-04-03,2023-04-06,100,dn,3950.0,4109.31,0.020000000000000018,0.0,4105.02,0.875,0.8,0.95
2023-04-14,2023-04-10,2023-04-14,trigger,dn,4070.0,4105.02,0.42000000000000026,0.0,4137.64,31.4,31.3,31.5
2023-04-14,2023-04-10,2023-04-14,trigger,up,4140.0,4105.02,0.23000000000000007,0.0,4137.64,10.15,10.0,10.3
2023-04-14,2023-04-10,2023-04-14,0382,dn,4045.0,4105.02,0.3200000000000003,0.0,4137.64,21.950000000000003,21.8,22.1
2023-04-14,2023-04-10,2023-04-14,0382,up,4165.0,4105.02,0.13999999999999985,0.0,4137.64,5.35,5.3,5.4
2023-04-14,2023-04-10,2023-04-14,0618,dn,4010.0,4105.02,0.18999999999999986,0.0,4137.64,12.7,12.6,12.8
2023-04-14,2023-04-10,2023-04-14,0618,up,4200.0,4105.02,0.05999999999999996,0.0,4137.64,1.9,1.85,1.95
2023-04-14,2023-04-10,2023-04-14,0786,dn,3985.0,4105.02,0.13999999999999985,0.0,4137.64,8.5,8.4,8.6
2023-04-14,2023-04-10,2023-04-14,0786,up,4225.0,4105.02,0.020000000000000018,0.0,4137.64,0.8,0.75,0.85
2023-04-14,2023-04-10,2023-04-14,100,dn,3955.0,4105.02,0.07999999999999989,0.0,4137.64,5.05,5.0,5.1
2023-04-14,2023-04-10,2023-04-14,100,up,4255.0,4105.02,0.009999999999999998,0.0,4137.64,0.3,0.25,0.35
2023-04-21,2023-04-17,2023-04-21,trigger,dn,4105.0,4137.64,0.23999999999999985,0.0,4133.52,12.6,12.5,12.7
2023-04-21,2023-04-17,2023-04-21,trigger,up,4170.0,4137.64,0.33000000000000007,0.0,4133.52,13.05,12.9,13.2
2023-04-21,2023-04-17,2023-04-21,0382,dn,4080.0,4137.64,0.13999999999999985,0.0,4133.52,7.5,7.4,7.6
2023-04-21,2023-04-17,2023-04-21,0382,up,4195.0,4137.64,0.17999999999999972,0.0,4133.52,6.199999999999999,6.1,6.3
2023-04-21,2023-04-17,2023-04-21,0618,dn,4045.0,4137.64,0.06000000000000005,0.0,4133.52,3.7,3.6,3.8
2023-04-21,2023-04-17,2023-04-21,0618,up,4230.0,4137.64,0.06000000000000001,0.0,4133.52,1.85,1.8,1.9
2023-04-21,2023-04-17,2023-04-21,0786,dn,4025.0,4137.64,0.040000000000000036,0.0,4133.52,2.6500000000000004,2.6,2.7
2023-04-21,2023-04-17,2023-04-21,0786,up,4255.0,4137.64,0.020000000000000018,0.0,4133.52,0.75,0.7,0.8
2023-04-21,2023-04-17,2023-04-21,100,dn,3990.0,4137.64,0.019999999999999973,0.0,4133.52,1.65,1.6,1.7
2023-04-21,2023-04-17,2023-04-21,100,up,4285.0,4137.64,0.004999999999999993,0.0,4133.52,0.32499999999999996,0.3,0.35
2023-04-28,2023-04-24,2023-04-28,trigger,dn,4100.0,4133.52,0.22000000000000028,0.0,4169.48,12.350000000000001,12.3,12.4
2023-04-28,2023-04-24,2023-04-28,trigger,up,4165.0,4133.52,0.38000000000000006,1.0,4169.48,14.6,14.5,14.7
2023-04-28,2023-04-24,2023-04-28,0382,dn,4080.0,4133.52,0.15999999999999978,0.0,4169.48,8.45,8.4,8.5
2023-04-28,2023-04-24,2023-04-28,0382,up,4185.0,4133.52,0.25,0.0,4169.48,8.0,7.9,8.1
2023-04-28,2023-04-24,2023-04-28,0618,dn,4045.0,4133.52,0.08000000000000007,0.0,4169.48,4.15,4.1,4.2
2023-04-28,2023-04-24,2023-04-28,0618,up,4220.0,4133.52,0.0750000000000001,0.0,4169.48,2.1500000000000004,2.1,2.2
2023-04-28,2023-04-24,2023-04-28,0786,dn,4025.0,4133.52,0.05,0.0,4169.48,2.8,2.75,2.85
2023-04-28,2023-04-24,2023-04-28,0786,up,4245.0,4133.52,0.020000000000000018,0.0,4169.48,0.8,0.75,0.85
2023-04-28,2023-04-24,2023-04-28,100,dn,3995.0,4133.52,0.025,0.0,4169.48,1.625,1.6,1.65
2023-04-28,2023-04-24,2023-04-28,100,up,4275.0,4133.52,0.004999999999999993,0.0,4169.48,0.3,0.25,0.35
2023-05-05,2023-05-01,2023-05-05,trigger,dn,4135.0,4169.48,0.25,0.0,4136.25,16.75,15.4,18.1
2023-05-05,2023-05-01,2023-05-05,trigger,up,4200.0,4169.48,0.42000000000000026,0.0,4136.25,20.950000000000003,20.8,21.1
2023-05-05,2023-05-01,2023-05-05,0382,dn,4115.0,4169.48,0.19000000000000022,0.0,4136.25,12.15,10.9,13.4
2023-05-05,2023-05-01,2023-05-05,0382,up,4220.0,4169.48,0.35,0.0,4136.25,13.55,13.2,13.9
2023-05-05,2023-05-01,2023-05-05,0618,dn,4085.0,4169.48,0.09000000000000022,0.0,4136.25,7.15,6.2,8.1
2023-05-05,2023-05-01,2023-05-05,0618,up,4255.0,4169.48,0.14000000000000004,0.0,4136.25,5.05,4.0,6.1
2023-05-05,2023-05-01,2023-05-05,0786,dn,4060.0,4169.48,0.08000000000000007,0.0,4136.25,4.65,4.5,4.8
2023-05-05,2023-05-01,2023-05-05,0786,up,4280.0,4169.48,0.06999999999999998,0.0,4136.25,2.3,2.2,2.4
2023-05-05,2023-05-01,2023-05-05,100,dn,4030.0,4169.48,0.05,0.0,4136.25,2.65,2.55,2.75
2023-05-12,2023-05-08,2023-05-12,trigger,dn,4105.0,4136.25,0.28999999999999987,0.0,4124.08,19.3,19.1,19.5
2023-05-12,2023-05-08,2023-05-12,trigger,up,4170.0,4136.25,0.33999999999999986,0.0,4124.08,12.6,12.5,12.7
2023-05-12,2023-05-08,2023-05-12,0382,dn,4085.0,4136.25,0.21999999999999992,0.0,4124.08,14.1,14.0,14.2
2023-05-12,2023-05-08,2023-05-12,0382,up,4190.0,4136.25,0.21999999999999992,0.0,4124.08,6.9,6.8,7.0
2023-05-12,2023-05-08,2023-05-12,0618,dn,4050.0,4136.25,0.11999999999999993,0.0,4124.08,7.949999999999999,7.8,8.1
2023-05-12,2023-05-08,2023-05-12,0618,up,4220.0,4136.25,0.075,0.0,4124.08,2.375,2.3,2.45
2023-05-12,2023-05-08,2023-05-12,0786,dn,4025.0,4136.25,0.08000000000000007,0.0,4124.08,5.25,5.1,5.4
2023-05-12,2023-05-08,2023-05-12,0786,up,4245.0,4136.25,0.02999999999999998,0.0,4124.08,0.95,0.9,1.0
2023-05-12,2023-05-08,2023-05-12,100,dn,4000.0,4136.25,0.05,0.0,4124.08,3.45,3.4,3.5
2023-05-12,2023-05-08,2023-05-12,100,up,4275.0,4136.25,0.0050000000000000044,0.0,4124.08,0.35,0.3,0.4
2023-05-19,2023-05-15,2023-05-19,trigger,dn,4095.0,4124.08,0.2799999999999997,0.0,4191.98,18.1,18.0,18.2
2023-05-19,2023-05-15,2023-05-19,trigger,up,4155.0,4124.08,0.2800000000000001,1.0,4191.98,9.4,9.3,9.5
2023-05-19,2023-05-15,2023-05-19,0382,dn,4075.0,4124.08,0.2,0.0,4191.98,13.0,12.9,13.1
2023-05-19,2023-05-15,2023-05-19,0382,up,4175.0,4124.08,0.16999999999999993,1.0,4191.98,4.55,4.5,4.6
2023-05-19,2023-05-15,2023-05-19,0618,dn,4040.0,4124.08,0.11999999999999993,0.0,4191.98,7.4,7.3,7.5
2023-05-19,2023-05-15,2023-05-19,0618,up,4205.0,4124.08,0.05,0.0,4191.98,1.25,1.2,1.3
2023-05-19,2023-05-15,2023-05-19,0786,dn,4020.0,4124.08,0.0700000000000001,0.0,4191.98,5.4,5.3,5.5
2023-05-19,2023-05-15,2023-05-19,0786,up,4230.0,4124.08,0.020000000000000018,0.0,4191.98,0.42500000000000004,0.4,0.45
2023-05-19,2023-05-15,2023-05-19,100,dn,3990.0,4124.08,0.05,0.0,4191.98,3.55,3.5,3.6
2023-05-19,2023-05-15,2023-05-19,100,up,4255.0,4124.08,0.0,0.0,4191.98,0.175,0.15,0.2
2023-05-26,2023-05-22,2023-05-26,trigger,dn,4160.0,4191.98,0.21999999999999992,0.0,4205.45,13.4,13.3,13.5
2023-05-26,2023-05-22,2023-05-26,trigger,up,4225.0,4191.98,0.35999999999999976,0.0,4205.45,15.2,15.1,15.3
2023-05-26,2023-05-22,2023-05-26,0382,dn,4140.0,4191.98,0.16000000000000014,0.0,4205.45,9.4,9.3,9.5
2023-05-26,2023-05-22,2023-05-26,0382,up,4240.0,4191.98,0.2799999999999997,0.0,4205.45,10.2,10.1,10.3
2023-05-26,2023-05-22,2023-05-26,0618,dn,4110.0,4191.98,0.1,0.0,4205.45,5.5,5.4,5.6
2023-05-26,2023-05-22,2023-05-26,0618,up,4275.0,4191.98,0.10499999999999998,0.0,4205.45,3.4,3.3,3.5
2023-05-26,2023-05-22,2023-05-26,0786,dn,4090.0,4191.98,0.07000000000000002,0.0,4205.45,3.9,3.8,4.0
2023-05-26,2023-05-22,2023-05-26,0786,up,4295.0,4191.98,0.05,0.0,4205.45,1.725,1.7,1.75
2023-05-26,2023-05-22,2023-05-26,100,dn,4060.0,4191.98,0.040000000000000036,0.0,4205.45,2.4000000000000004,2.35,2.45
2023-05-26,2023-05-22,2023-05-26,100,up,4325.0,4191.98,0.01499999999999999,0.0,4205.45,0.6499999999999999,0.6,0.7
2023-06-02,2023-05-30,2023-06-02,trigger,dn,4175.0,4205.45,0.1700000000000003,0.0,4282.37,12.3,8.3,16.3
2023-06-02,2023-05-30,2023-06-02,trigger,up,4235.0,4205.45,0.5,1.0,4282.37,19.35,18.9,19.8
2023-06-02,2023-05-30,2023-06-02,0382,dn,4155.0,4205.45,0.13000000000000006,0.0,4282.37,8.65,8.4,8.9
2023-06-02,2023-05-30,2023-06-02,0382,up,4255.0,4205.45,0.20000000000000034,1.0,4282.37,11.350000000000001,8.4,14.3
2023-06-02,2023-05-30,2023-06-02,0618,dn,4125.0,4205.45,-0.11999999999999993,0.0,4282.37,5.050000000000001,4.7,5.4
2023-06-02,2023-05-30,2023-06-02,0618,up,4285.0,4205.45,0.2800000000000001,0.0,4282.37,4.15,2.3,6.0
2023-06-02,2023-05-30,2023-06-02,0786,dn,4105.0,4205.45,0.06000000000000005,0.0,4282.37,3.6,3.5,3.7
2023-06-02,2023-05-30,2023-06-02,0786,up,4305.0,4205.45,0.075,0.0,4282.37,2.575,2.5,2.65
2023-06-02,2023-05-30,2023-06-02,100,dn,4075.0,4205.45,0.030000000000000072,0.0,4282.37,2.2750000000000004,2.2,2.35
2023-06-02,2023-05-30,2023-06-02,100,up,4335.0,4205.45,0.02999999999999998,0.0,4282.37,0.95,0.9,1.0
2023-06-09,2023-06-05,2023-06-09,trigger,dn,4250.0,4282.37,0.21000000000000013,0.0,4298.86,9.5,9.1,9.9
2023-06-09,2023-06-05,2023-06-09,trigger,up,4315.0,4282.37,0.2600000000000001,0.0,4298.86,11.75,11.4,12.1
2023-06-09,2023-06-05,2023-06-09,0382,dn,4235.0,4282.37,0.15,0.0,4298.86,6.7,6.4,7.0
2023-06-09,2023-06-05,2023-06-09,0382,up,4330.0,4282.37,0.21999999999999992,0.0,4298.86,7.85,7.5,8.2
2023-06-09,2023-06-05,2023-06-09,0618,dn,4205.0,4282.37,0.07000000000000002,0.0,4298.86,3.45,3.3,3.6
2023-06-09,2023-06-05,2023-06-09,0618,up,4360.0,4282.37,0.09000000000000004,0.0,4298.86,3.25,3.1,3.4
2023-06-09,2023-06-05,2023-06-09,0786,dn,4180.0,4282.37,0.030000000000000027,0.0,4298.86,2.125,2.05,2.2
2023-06-09,2023-06-05,2023-06-09,0786,up,4385.0,4282.37,0.039999999999999945,0.0,4298.86,1.5499999999999998,1.45,1.65
2023-06-09,2023-06-05,2023-06-09,100,dn,4155.0,4282.37,0.020000000000000018,0.0,4298.86,1.425,1.35,1.5
2023-06-09,2023-06-05,2023-06-09,100,up,4410.0,4282.37,0.019999999999999973,0.0,4298.86,0.825,0.75,0.9
2023-06-16,2023-06-12,2023-06-16,trigger,dn,4270.0,4298.86,0.2400000000000002,0.0,4409.59,13.15,13.0,13.3
2023-06-16,2023-06-12,2023-06-16,trigger,up,4330.0,4298.86,0.42000000000000026,1.0,4409.59,21.85,21.7,22.0
2023-06-16,2023-06-12,2023-06-16,0382,dn,4250.0,4298.86,0.16000000000000014,0.0,4409.59,8.9,8.8,9.0
2023-06-16,2023-06-12,2023-06-16,0382,up,4345.0,4298.86,0.3400000000000002,1.0,4409.59,16.05,15.9,16.2
2023-06-16,2023-06-12,2023-06-16,0618,dn,4220.0,4298.86,0.08000000000000007,0.0,4409.59,5.0,4.9,5.1
2023-06-16,2023-06-12,2023-06-16,0618,up,4375.0,4298.86,0.2,1.0,4409.59,7.9,7.8,8.0
2023-06-16,2023-06-12,2023-06-16,0786,dn,4200.0,4298.86,0.05999999999999996,0.0,4409.59,3.5,3.4,3.6
2023-06-16,2023-06-12,2023-06-16,0786,up,4395.0,4298.86,0.11999999999999993,1.0,4409.59,4.6,4.5,4.7
2023-06-16,2023-06-12,2023-06-16,100,dn,4175.0,4298.86,0.03499999999999996,0.0,4409.59,2.3499999999999996,2.3,2.4
2023-06-16,2023-06-12,2023-06-16,100,up,4425.0,4298.86,0.05,0.0,4409.59,1.95,1.9,2.0
2023-06-23,2023-06-20,2023-06-23,trigger,dn,4380.0,4409.59,0.36999999999999994,1.0,4348.33,16.25,16.1,16.4
2023-06-23,2023-06-20,2023-06-23,trigger,up,4440.0,4409.59,0.16000000000000014,0.0,4348.33,5.5,5.4,5.6
2023-06-23,2023-06-20,2023-06-23,0382,dn,4360.0,4409.59,0.2599999999999998,1.0,4348.33,9.7,9.6,9.8
2023-06-23,2023-06-20,2023-06-23,0382,up,4460.0,4409.59,0.08999999999999986,0.0,4348.33,2.8499999999999996,2.8,2.9
2023-06-23,2023-06-20,2023-06-23,0618,dn,4330.0,4409.59,0.10999999999999996,0.0,4348.33,4.1,4.0,4.2
2023-06-23,2023-06-20,2023-06-23,0618,up,4485.0,4409.59,0.039999999999999994,0.0,4348.33,1.25,1.2,1.3
2023-06-23,2023-06-20,2023-06-23,0786,dn,4310.0,4409.59,0.054999999999999896,0.0,4348.33,2.3499999999999996,2.3,2.4
2023-06-23,2023-06-20,2023-06-23,0786,up,4510.0,4409.59,0.015000000000000013,0.0,4348.33,0.55,0.5,0.6
2023-06-23,2023-06-20,2023-06-23,100,dn,4285.0,4409.59,0.030000000000000027,0.0,4348.33,1.3,1.25,1.35
2023-06-23,2023-06-20,2023-06-23,100,up,4535.0,4409.59,0.010000000000000004,0.0,4348.33,0.275,0.25,0.3
2023-06-30,2023-06-26,2023-06-30,trigger,dn,4320.0,4348.33,0.19000000000000022,0.0,4450.38,8.65,8.5,8.8
2023-06-30,2023-06-26,2023-06-30,trigger,up,4375.0,4348.33,0.4100000000000005,1.0,4450.38,17.450000000000003,17.3,17.6
2023-06-30,2023-06-26,2023-06-30,0382,dn,4300.0,4348.33,0.11999999999999993,0.0,4450.38,5.5,5.4,5.6
2023-06-30,2023-06-26,2023-06-30,0382,up,4395.0,4348.33,0.2800000000000001,1.0,4450.38,10.25,10.1,10.4
2023-06-30,2023-06-26,2023-06-30,0618,dn,4275.0,4348.33,0.05999999999999996,0.0,4450.38,3.2,3.1,3.3
2023-06-30,2023-06-26,2023-06-30,0618,up,4425.0,4348.33,0.12000000000000002,1.0,4450.38,3.9,3.8,4.0
2023-06-30,2023-06-26,2023-06-30,0786,dn,4255.0,4348.33,0.040000000000000036,0.0,4450.38,2.2,2.15,2.25
2023-06-30,2023-06-26,2023-06-30,0786,up,4445.0,4348.33,0.06999999999999998,1.0,4450.38,1.9,1.85,1.95
2023-06-30,2023-06-26,2023-06-30,100,dn,4225.0,4348.33,0.019999999999999973,0.0,4450.38,1.4,1.35,1.45
2023-06-30,2023-06-26,2023-06-30,100,up,4470.0,4348.33,0.019999999999999973,0.0,4450.38,0.7,0.65,0.75
2023-07-07,2023-07-03,2023-07-07,trigger,dn,4420.0,4450.38,0.21999999999999992,1.0,4398.95,9.2,6.6,11.8
2023-07-07,2023-07-03,2023-07-07,trigger,up,4480.0,4450.38,0.3999999999999998,0.0,4398.95,8.7,6.0,11.4
2023-07-07,2023-07-03,2023-07-07,0382,dn,4405.0,4450.38,0.11000000000000014,1.0,4398.95,6.25,3.8,8.7
2023-07-07,2023-07-03,2023-07-07,0382,up,4495.0,4450.38,0.18000000000000008,0.0,4398.95,5.15,2.7,7.6
2023-07-07,2023-07-03,2023-07-07,0618,dn,4375.0,4450.38,0.06500000000000003,0.0,4398.95,3.0,2.9,3.1
2023-07-07,2023-07-03,2023-07-07,0618,up,4525.0,4450.38,0.05999999999999996,0.0,4398.95,1.5499999999999998,1.45,1.65
2023-07-07,2023-07-03,2023-07-07,0786,dn,4355.0,4450.38,0.02999999999999998,0.0,4398.95,1.9749999999999999,1.9,2.05
2023-07-07,2023-07-03,2023-07-07,0786,up,4545.0,4450.38,0.025,0.0,4398.95,0.675,0.6,0.75
2023-07-07,2023-07-03,2023-07-07,100,dn,4330.0,4450.38,0.019999999999999973,0.0,4398.95,1.325,1.25,1.4
2023-07-07,2023-07-03,2023-07-07,100,up,4575.0,4450.38,0.009999999999999998,0.0,4398.95,0.25,0.2,0.3
2023-07-14,2023-07-10,2023-07-14,trigger,dn,4370.0,4398.95,0.2400000000000002,0.0,4505.42,12.4,12.3,12.5
2023-07-14,2023-07-10,2023-07-14,trigger,up,4425.0,4398.95,0.4099999999999998,1.0,4505.42,17.65,17.5,17.8
2023-07-14,2023-07-10,2023-07-14,0382,dn,4355.0,4398.95,0.15999999999999978,0.0,4505.42,9.1,9.0,9.2
2023-07-14,2023-07-10,2023-07-14,0382,up,4445.0,4398.95,0.2799999999999997,1.0,4505.42,10.45,10.3,10.6
2023-07-14,2023-07-10,2023-07-14,0618,dn,4325.0,4398.95,0.09000000000000004,0.0,4505.42,5.0,4.9,5.1
2023-07-14,2023-07-10,2023-07-14,0618,up,4470.0,4398.95,0.15,1.0,4505.42,4.85,4.8,4.9
2023-07-14,2023-07-10,2023-07-14,0786,dn,4305.0,4398.95,0.05999999999999996,0.0,4505.42,3.45,3.4,3.5
2023-07-14,2023-07-10,2023-07-14,0786,up,4490.0,4398.95,0.08000000000000007,1.0,4505.42,2.5,2.45,2.55
2023-07-14,2023-07-10,2023-07-14,100,dn,4280.0,4398.95,0.03499999999999996,0.0,4505.42,2.25,2.2,2.3
2023-07-14,2023-07-10,2023-07-14,100,up,4520.0,4398.95,0.02999999999999998,0.0,4505.42,0.8999999999999999,0.85,0.95
2023-07-21,2023-07-17,2023-07-21,trigger,dn,4475.0,4505.42,0.21000000000000013,0.0,4536.34,8.75,8.7,8.8
2023-07-21,2023-07-17,2023-07-21,trigger,up,4535.0,4505.42,0.3400000000000002,0.0,4536.34,12.3,12.2,12.4
2023-07-21,2023-07-17,2023-07-21,0382,dn,4460.0,4505.42,0.13999999999999985,0.0,4536.34,6.0,5.9,6.1
2023-07-21,2023-07-17,2023-07-21,0382,up,4550.0,4505.42,0.22000000000000028,0.0,4536.34,7.800000000000001,7.7,7.9
2023-07-21,2023-07-17,2023-07-21,0618,dn,4430.0,4505.42,0.060000000000000143,0.0,4536.34,2.9000000000000004,2.85,2.95
2023-07-21,2023-07-17,2023-07-21,0618,up,4580.0,4505.42,0.09499999999999993,0.0,4536.34,2.7249999999999996,2.65,2.8
2023-07-21,2023-07-17,2023-07-21,0786,dn,4410.0,4505.42,0.02999999999999998,0.0,4536.34,1.9,1.85,1.95
2023-07-21,2023-07-17,2023-07-21,0786,up,4600.0,4505.42,0.04500000000000002,0.0,4536.34,1.225,1.2,1.25
2023-07-21,2023-07-17,2023-07-21,100,dn,4385.0,4505.42,0.01499999999999999,0.0,4536.34,1.275,1.25,1.3
2023-07-21,2023-07-17,2023-07-21,100,up,4625.0,4505.42,0.01499999999999999,0.0,4536.34,0.475,0.45,0.5
2023-07-28,2023-07-24,2023-07-28,trigger,dn,4510.0,4536.34,0.2599999999999998,0.0,4582.23,13.6,13.5,13.7
2023-07-28,2023-07-24,2023-07-28,trigger,up,4565.0,4536.34,0.4,1.0,4582.23,20.0,19.9,20.1
2023-07-28,2023-07-24,2023-07-28,0382,dn,4490.0,4536.34,0.17999999999999972,0.0,4582.23,8.95,8.9,9.0
2023-07-28,2023-07-24,2023-07-28,0382,up,4580.0,4536.34,0.3400000000000002,0.0,4582.23,14.3,14.2,14.4
2023-07-28,2023-07-24,2023-07-28,0618,dn,4465.0,4536.34,0.1,0.0,4582.23,5.15,5.1,5.2
2023-07-28,2023-07-24,2023-07-28,0618,up,4610.0,4536.34,0.18000000000000008,0.0,4582.23,6.300000000000001,6.2,6.4
2023-07-28,2023-07-24,2023-07-28,0786,dn,4445.0,4536.34,0.06499999999999986,0.0,4582.23,3.3499999999999996,3.3,3.4
2023-07-28,2023-07-24,2023-07-28,0786,up,4630.0,4536.34,0.1,0.0,4582.23,3.3,3.2,3.4
2023-07-28,2023-07-24,2023-07-28,100,dn,4420.0,4536.34,0.03499999999999996,0.0,4582.23,2.025,2.0,2.05
2023-07-28,2023-07-24,2023-07-28,100,up,4655.0,4536.34,0.05,0.0,4582.23,1.4,1.35,1.45
2023-08-04,2023-07-31,2023-08-04,trigger,dn,4555.0,4582.23,0.2600000000000001,1.0,4478.03,12.5,12.4,12.6
2023-08-04,2023-07-31,2023-08-04,trigger,up,4610.0,4582.23,0.33999999999999986,0.0,4478.03,13.35,13.2,13.5
2023-08-04,2023-07-31,2023-08-04,0382,dn,4540.0,4582.23,0.18999999999999986,1.0,4478.03,8.95,8.8,9.1
2023-08-04,2023-07-31,2023-08-04,0382,up,4625.0,4582.23,0.25,0.0,4478.03,8.7,8.6,8.8
2023-08-04,2023-07-31,2023-08-04,0618,dn,4510.0,4582.23,0.1,1.0,4478.03,4.6,4.5,4.7
2023-08-04,2023-07-31,2023-08-04,0618,up,4655.0,4582.23,0.10999999999999996,0.0,4478.03,3.2,3.1,3.3
2023-08-04,2023-07-31,2023-08-04,0786,dn,4495.0,4582.23,0.06499999999999986,1.0,4478.03,3.3499999999999996,3.3,3.4
2023-08-04,2023-07-31,2023-08-04,0786,up,4670.0,4582.23,0.06000000000000001,0.0,4478.03,1.8,1.75,1.85
2023-08-04,2023-07-31,2023-08-04,100,dn,4470.0,4582.23,0.039999999999999945,0.0,4478.03,2.0999999999999996,2.05,2.15
2023-08-04,2023-07-31,2023-08-04,100,up,4695.0,4582.23,0.019999999999999973,0.0,4478.03,0.7,0.65,0.75
2023-08-11,2023-08-07,2023-08-11,trigger,dn,4450.0,4478.03,0.21000000000000013,0.0,4464.05,13.4,13.3,13.5
2023-08-11,2023-08-07,2023-08-11,trigger,up,4505.0,4478.03,0.5099999999999995,0.0,4464.05,25.65,25.5,25.8
2023-08-11,2023-08-07,2023-08-11,0382,dn,4435.0,4478.03,0.18000000000000008,0.0,4464.05,10.5,10.4,10.6
2023-08-11,2023-08-07,2023-08-11,0382,up,4520.0,4478.03,0.4299999999999997,0.0,4464.05,18.4,18.3,18.5
2023-08-11,2023-08-07,2023-08-11,0618,dn,4405.0,4478.03,0.1,0.0,4464.05,6.4,6.3,6.5
2023-08-11,2023-08-07,2023-08-11,0618,up,4550.0,4478.03,0.23999999999999985,0.0,4464.05,8.0,7.9,8.1
2023-08-11,2023-08-07,2023-08-11,0786,dn,4390.0,4478.03,0.08000000000000007,0.0,4464.05,5.0,4.9,5.1
2023-08-11,2023-08-07,2023-08-11,0786,up,4570.0,4478.03,0.13999999999999996,0.0,4464.05,4.1,4.0,4.2
2023-08-11,2023-08-07,2023-08-11,100,dn,4365.0,4478.03,0.039999999999999945,0.0,4464.05,3.4,3.3,3.5
2023-08-11,2023-08-07,2023-08-11,100,up,4590.0,4478.03,0.06999999999999998,0.0,4464.05,1.95,1.9,2.0
2023-08-18,2023-08-14,2023-08-18,trigger,dn,4440.0,4464.05,0.3200000000000003,1.0,4369.71,20.65,20.5,20.8
2023-08-18,2023-08-14,2023-08-18,trigger,up,4490.0,4464.05,0.3799999999999997,0.0,4369.71,16.9,16.8,17.0
2023-08-18,2023-08-14,2023-08-18,0382,dn,4420.0,4464.05,0.2400000000000002,1.0,4369.71,14.8,14.7,14.9
2023-08-18,2023-08-14,2023-08-18,0382,up,4505.0,4464.05,0.3,0.0,4369.71,11.6,11.5,11.7
2023-08-18,2023-08-14,2023-08-18,0618,dn,4395.0,4464.05,0.18000000000000008,1.0,4369.71,9.5,9.4,9.6
2023-08-18,2023-08-14,2023-08-18,0618,up,4535.0,4464.05,0.15000000000000008,0.0,4369.71,4.65,4.6,4.7
2023-08-18,2023-08-14,2023-08-18,0786,dn,4375.0,4464.05,0.1,1.0,4369.71,6.5,6.4,6.6
2023-08-18,2023-08-14,2023-08-18,0786,up,4550.0,4464.05,0.09500000000000001,0.0,4369.71,2.725,2.7,2.75
2023-08-18,2023-08-14,2023-08-18,100,dn,4350.0,4464.05,0.06999999999999992,0.0,4369.71,4.1,4.0,4.2
2023-08-18,2023-08-14,2023-08-18,100,up,4575.0,4464.05,0.039999999999999994,0.0,4369.71,1.05,1.0,1.1
2023-08-25,2023-08-21,2023-08-25,trigger,dn,4345.0,4369.71,0.23999999999999985,0.0,4405.71,14.95,14.8,15.1
2023-08-25,2023-08-21,2023-08-25,trigger,up,4395.0,4369.71,0.5399999999999998,1.0,4405.71,33.75,33.5,34.0
2023-08-25,2023-08-21,2023-08-25,0382,dn,4325.0,4369.71,0.18000000000000008,0.0,4405.71,10.6,10.5,10.7
2023-08-25,2023-08-21,2023-08-25,0382,up,4415.0,4369.71,0.45,0.0,4405.71,23.6,23.4,23.8
2023-08-25,2023-08-21,2023-08-25,0618,dn,4300.0,4369.71,0.11000000000000014,0.0,4405.71,6.75,6.7,6.8
2023-08-25,2023-08-21,2023-08-25,0618,up,4440.0,4369.71,0.33000000000000007,0.0,4405.71,13.65,13.5,13.8
2023-08-25,2023-08-21,2023-08-25,0786,dn,4280.0,4369.71,0.07999999999999971,0.0,4405.71,4.699999999999999,4.6,4.8
2023-08-25,2023-08-21,2023-08-25,0786,up,4460.0,4369.71,0.21999999999999992,0.0,4405.71,8.0,7.9,8.1
2023-08-25,2023-08-21,2023-08-25,100,dn,4255.0,4369.71,0.05,0.0,4405.71,3.05,3.0,3.1
2023-08-25,2023-08-21,2023-08-25,100,up,4485.0,4369.71,0.11499999999999995,0.0,4405.71,3.6,3.5,3.7
2023-09-01,2023-08-28,2023-09-01,trigger,dn,4380.0,4405.71,0.2,0.0,4515.77,10.7,10.6,10.8
2023-09-01,2023-08-28,2023-09-01,trigger,up,4435.0,4405.71,0.5300000000000011,1.0,4515.77,28.450000000000003,28.3,28.6
2023-09-01,2023-08-28,2023-09-01,0382,dn,4360.0,4405.71,0.13999999999999985,0.0,4515.77,7.199999999999999,7.1,7.3
2023-09-01,2023-08-28,2023-09-01,0382,up,4450.0,4405.71,0.44000000000000056,1.0,4515.77,20.950000000000003,20.8,21.1
2023-09-01,2023-08-28,2023-09-01,0618,dn,4335.0,4405.71,0.09000000000000004,0.0,4515.77,4.25,4.2,4.3
2023-09-01,2023-08-28,2023-09-01,0618,up,4475.0,4405.71,0.3,1.0,4515.77,11.4,11.3,11.5
2023-09-01,2023-08-28,2023-09-01,0786,dn,4315.0,4405.71,0.05,0.0,4515.77,2.8,2.75,2.85
2023-09-01,2023-08-28,2023-09-01,0786,up,4495.0,4405.71,0.2,1.0,4515.77,6.4,6.3,6.5
2023-09-01,2023-08-28,2023-09-01,100,dn,4290.0,4405.71,0.025,0.0,4515.77,1.725,1.7,1.75
2023-09-01,2023-08-28,2023-09-01,100,up,4520.0,4405.71,0.09000000000000004,0.0,4515.77,2.75,2.7,2.8
2023-09-08,2023-09-05,2023-09-08,trigger,dn,4490.0,4515.77,0.36000000000000015,1.0,4457.49,16.0,15.8,16.2
2023-09-08,2023-09-05,2023-09-08,trigger,up,4545.0,4515.77,0.2,0.0,4457.49,5.75,5.6,5.9
2023-09-08,2023-09-05,2023-09-08,0382,dn,4470.0,4515.77,0.23999999999999985,1.0,4457.49,9.75,9.6,9.9
2023-09-08,2023-09-05,2023-09-08,0382,up,4560.0,4515.77,0.11500000000000003,0.0,4457.49,3.2,3.1,3.3
2023-09-08,2023-09-05,2023-09-08,0618,dn,4445.0,4515.77,0.11999999999999993,0.0,4457.49,5.0,4.9,5.1
2023-09-08,2023-09-05,2023-09-08,0618,up,4585.0,4515.77,0.04500000000000002,0.0,4457.49,1.125,1.05,1.2
2023-09-08,2023-09-05,2023-09-08,0786,dn,4425.0,4515.77,0.06999999999999992,0.0,4457.49,2.925,2.85,3.0
2023-09-08,2023-09-05,2023-09-08,0786,up,4605.0,4515.77,0.01499999999999999,0.0,4457.49,0.5,0.45,0.55
2023-09-08,2023-09-05,2023-09-08,100,dn,4400.0,4515.77,0.030000000000000027,0.0,4457.49,1.6,1.55,1.65
2023-09-15,2023-09-11,2023-09-15,trigger,dn,4430.0,4457.49,0.2,0.0,4450.32,10.0,9.9,10.1
2023-09-15,2023-09-11,2023-09-15,trigger,up,4485.0,4457.49,0.45,0.0,4450.32,19.9,19.8,20.0
2023-09-15,2023-09-11,2023-09-15,0382,dn,4415.0,4457.49,0.1400000000000002,0.0,4450.32,7.300000000000001,7.2,7.4
2023-09-15,2023-09-11,2023-09-15,0382,up,4500.0,4457.49,0.35,0.0,4450.32,13.65,13.5,13.8
2023-09-15,2023-09-11,2023-09-15,0618,dn,4385.0,4457.49,0.06999999999999992,0.0,4450.32,4.1,4.0,4.2
2023-09-15,2023-09-11,2023-09-15,0618,up,4530.0,4457.49,0.15999999999999978,0.0,4450.32,5.6,5.5,5.7
2023-09-15,2023-09-11,2023-09-15,0786,dn,4370.0,4457.49,0.05,0.0,4450.32,3.2,3.1,3.3
2023-09-15,2023-09-11,2023-09-15,0786,up,4545.0,4457.49,0.11000000000000006,0.0,4450.32,3.4,3.3,3.5
2023-09-15,2023-09-11,2023-09-15,100,dn,4345.0,4457.49,0.030000000000000072,0.0,4450.32,2.1500000000000004,2.1,2.2
2023-09-15,2023-09-11,2023-09-15,100,up,4570.0,4457.49,0.05,0.0,4450.32,1.35,1.3,1.4
2023-09-22,2023-09-18,2023-09-22,trigger,dn,4425.0,4450.32,0.3000000000000004,1.0,4320.06,16.6,16.5,16.7
2023-09-22,2023-09-18,2023-09-22,trigger,up,4475.0,4450.32,0.3799999999999997,0.0,4320.06,15.2,15.1,15.3
2023-09-22,2023-09-18,2023-09-22,0382,dn,4410.0,4450.32,0.23999999999999985,1.0,4320.06,12.5,12.4,12.6
2023-09-22,2023-09-18,2023-09-22,0382,up,4490.0,4450.32,0.2800000000000001,0.0,4320.06,10.0,9.9,10.1
2023-09-22,2023-09-18,2023-09-22,0618,dn,4380.0,4450.32,0.1400000000000002,1.0,4320.06,6.9,6.8,7.0
2023-09-22,2023-09-18,2023-09-22,0618,up,4520.0,4450.32,0.12999999999999998,0.0,4320.06,3.6,3.5,3.7
2023-09-22,2023-09-18,2023-09-22,0786,dn,4365.0,4450.32,0.08999999999999986,1.0,4320.06,5.1,5.0,5.2
2023-09-22,2023-09-18,2023-09-22,0786,up,4535.0,4450.32,0.07999999999999999,0.0,4320.06,2.0,1.95,2.05
2023-09-22,2023-09-18,2023-09-22,100,dn,4340.0,4450.32,0.05,1.0,4320.06,3.2,3.1,3.3
2023-09-22,2023-09-18,2023-09-22,100,up,4560.0,4450.32,0.024999999999999977,0.0,4320.06,0.725,0.7,0.75
2023-09-29,2023-09-25,2023-09-29,trigger,dn,4295.0,4320.06,0.28999999999999915,1.0,4288.05,23.549999999999997,23.4,23.7
2023-09-29,2023-09-25,2023-09-29,trigger,up,4345.0,4320.06,0.4799999999999997,0.0,4288.05,22.9,22.8,23.0
2023-09-29,2023-09-25,2023-09-29,0382,dn,4275.0,4320.06,0.21999999999999886,0.0,4288.05,18.299999999999997,18.2,18.4
2023-09-29,2023-09-25,2023-09-29,0382,up,4365.0,4320.06,0.36000000000000015,0.0,4288.05,14.4,14.3,14.5
2023-09-29,2023-09-25,2023-09-29,0618,dn,4250.0,4320.06,0.16000000000000014,0.0,4288.05,13.3,13.2,13.4
2023-09-29,2023-09-25,2023-09-29,0618,up,4390.0,4320.06,0.21999999999999992,0.0,4288.05,7.1,7.0,7.2
2023-09-29,2023-09-25,2023-09-29,0786,dn,4230.0,4320.06,0.12000000000000029,0.0,4288.05,10.3,10.2,10.4
2023-09-29,2023-09-25,2023-09-29,0786,up,4410.0,4320.06,0.12999999999999998,0.0,4288.05,3.6,3.5,3.7
2023-09-29,2023-09-25,2023-09-29,100,dn,4205.0,4320.06,0.09000000000000022,0.0,4288.05,7.550000000000001,7.4,7.7
2023-09-29,2023-09-25,2023-09-29,100,up,4435.0,4320.06,0.04500000000000002,0.0,4288.05,1.35,1.3,1.4
2023-10-06,2023-10-02,2023-10-06,trigger,dn,4260.0,4288.05,0.33999999999999986,0.0,4308.5,24.05,23.8,24.3
2023-10-06,2023-10-02,2023-10-06,trigger,up,4315.0,4288.05,0.38999999999999985,0.0,4308.5,19.95,19.7,20.2
2023-10-06,2023-10-02,2023-10-06,0382,dn,4245.0,4288.05,0.2799999999999997,0.0,4308.5,19.25,19.0,19.5
2023-10-06,2023-10-02,2023-10-06,0382,up,4330.0,4288.05,0.3,0.0,4308.5,14.5,14.3,14.7
2023-10-06,2023-10-02,2023-10-06,0618,dn,4220.0,4288.05,0.2,0.0,4308.5,13.0,12.8,13.2
2023-10-06,2023-10-02,2023-10-06,0618,up,4355.0,4288.05,0.2,0.0,4308.5,7.9,7.7,8.1
2023-10-06,2023-10-02,2023-10-06,0786,dn,4200.0,4288.05,0.13999999999999985,0.0,4308.5,9.35,9.2,9.5
2023-10-06,2023-10-02,2023-10-06,0786,up,4375.0,4288.05,0.12999999999999998,0.0,4308.5,4.5,4.4,4.6
2023-10-06,2023-10-02,2023-10-06,100,dn,4175.0,4288.05,0.1,0.0,4308.5,6.15,6.0,6.3
2023-10-06,2023-10-02,2023-10-06,100,up,4400.0,4288.05,0.05999999999999996,0.0,4308.5,2.025,1.95,2.1
2023-10-13,2023-10-09,2023-10-13,trigger,dn,4280.0,4308.5,0.36000000000000015,0.0,4327.78,25.2,25.0,25.4
2023-10-13,2023-10-09,2023-10-13,trigger,up,4335.0,4308.5,0.3899999999999991,0.0,4327.78,21.049999999999997,20.9,21.2
2023-10-13,2023-10-09,2023-10-13,0382,dn,4265.0,4308.5,0.2900000000000006,0.0,4327.78,20.25,20.1,20.4
2023-10-13,2023-10-09,2023-10-13,0382,up,4350.0,4308.5,0.31999999999999995,0.0,4327.78,15.6,15.5,15.7
2023-10-13,2023-10-09,2023-10-13,0618,dn,4240.0,4308.5,0.21000000000000013,0.0,4327.78,13.9,13.8,14.0
2023-10-13,2023-10-09,2023-10-13,0618,up,4380.0,4308.5,0.2,0.0,4327.78,7.699999999999999,7.6,7.8
2023-10-13,2023-10-09,2023-10-13,0786,dn,4220.0,4308.5,0.15,0.0,4327.78,10.1,10.0,10.2
2023-10-13,2023-10-09,2023-10-13,0786,up,4395.0,4308.5,0.13999999999999985,0.0,4327.78,5.1,5.0,5.2
2023-10-13,2023-10-09,2023-10-13,100,dn,4195.0,4308.5,0.12000000000000029,0.0,4327.78,6.800000000000001,6.7,6.9
2023-10-13,2023-10-09,2023-10-13,100,up,4420.0,4308.5,0.07499999999999996,0.0,4327.78,2.3,2.25,2.35
2023-10-20,2023-10-16,2023-10-20,trigger,dn,4300.0,4327.78,0.18999999999999986,1.0,4224.16,14.45,14.3,14.6
2023-10-20,2023-10-16,2023-10-20,trigger,up,4355.0,4327.78,0.5800000000000012,0.0,4224.16,35.0,34.8,35.2
2023-10-20,2023-10-16,2023-10-20,0382,dn,4285.0,4327.78,0.16000000000000014,1.0,4224.16,11.65,11.5,11.8
2023-10-20,2023-10-16,2023-10-20,0382,up,4370.0,4327.78,0.5,0.0,4224.16,26.75,26.6,26.9
2023-10-20,2023-10-16,2023-10-20,0618,dn,4260.0,4327.78,0.11999999999999993,1.0,4224.16,8.1,8.0,8.2
2023-10-20,2023-10-16,2023-10-20,0618,up,4395.0,4327.78,0.3700000000000003,0.0,4224.16,15.55,15.4,15.7
2023-10-20,2023-10-16,2023-10-20,0786,dn,4240.0,4327.78,0.08000000000000007,1.0,4224.16,6.0,5.9,6.1
2023-10-20,2023-10-16,2023-10-20,0786,up,4415.0,4327.78,0.25,0.0,4224.16,9.05,8.9,9.2
2023-10-20,2023-10-16,2023-10-20,100,dn,4215.0,4327.78,0.039999999999999855,0.0,4224.16,4.199999999999999,4.1,4.3
2023-10-20,2023-10-16,2023-10-20,100,up,4440.0,4327.78,0.12999999999999998,0.0,4224.16,3.9,3.8,4.0
2023-10-27,2023-10-23,2023-10-27,trigger,dn,4195.0,4224.16,0.35999999999999943,1.0,4117.37,28.0,27.9,28.1
2023-10-27,2023-10-23,2023-10-27,trigger,up,4250.0,4224.16,0.4099999999999994,0.0,4117.37,25.299999999999997,25.2,25.4
2023-10-27,2023-10-23,2023-10-27,0382,dn,4180.0,4224.16,0.3,1.0,4117.37,23.0,22.9,23.1
2023-10-27,2023-10-23,2023-10-27,0382,up,4270.0,4224.16,0.32999999999999974,0.0,4117.37,17.65,17.5,17.8
2023-10-27,2023-10-23,2023-10-27,0618,dn,4155.0,4224.16,0.21999999999999958,1.0,4117.37,16.299999999999997,16.2,16.4
2023-10-27,2023-10-23,2023-10-27,0618,up,4295.0,4224.16,0.2299999999999997,0.0,4117.37,10.45,10.3,10.6
2023-10-27,2023-10-23,2023-10-27,0786,dn,4135.0,4224.16,0.16999999999999957,1.0,4117.37,12.2,12.1,12.3
2023-10-27,2023-10-23,2023-10-27,0786,up,4315.0,4224.16,0.16000000000000014,0.0,4117.37,6.4,6.3,6.5
2023-10-27,2023-10-23,2023-10-27,100,dn,4110.0,4224.16,0.11999999999999993,0.0,4117.37,8.5,8.4,8.6
2023-10-27,2023-10-23,2023-10-27,100,up,4340.0,4224.16,0.08000000000000007,0.0,4117.37,3.2,3.1,3.3
2023-11-03,2023-10-30,2023-11-03,trigger,dn,4090.0,4117.37,0.23000000000000043,0.0,4358.34,16.450000000000003,16.3,16.6
2023-11-03,2023-10-30,2023-11-03,trigger,up,4145.0,4117.37,0.6,1.0,4358.34,51.05,50.9,51.2
2023-11-03,2023-10-30,2023-11-03,0382,dn,4070.0,4117.37,0.18000000000000008,0.0,4358.34,12.4,12.3,12.5
2023-11-03,2023-10-30,2023-11-03,0382,up,4165.0,4117.37,0.5300000000000011,1.0,4358.34,39.7,39.6,39.8
2023-11-03,2023-10-30,2023-11-03,0618,up,4190.0,4117.37,0.4299999999999997,1.0,4358.34,27.6,27.5,27.7
2023-11-03,2023-10-30,2023-11-03,0786,dn,4025.0,4117.37,0.08999999999999986,0.0,4358.34,6.25,6.2,6.3
2023-11-03,2023-10-30,2023-11-03,0786,up,4210.0,4117.37,0.3400000000000006,1.0,4358.34,19.700000000000003,19.6,19.8
2023-11-03,2023-10-30,2023-11-03,100,up,4235.0,4117.37,0.2599999999999998,1.0,4358.34,12.1,12.0,12.2
2023-11-10,2023-11-06,2023-11-10,trigger,dn,4330.0,4358.34,0.21999999999999992,0.0,4415.24,13.2,13.1,13.3
2023-11-10,2023-11-06,2023-11-10,trigger,up,4390.0,4358.34,0.38000000000000006,1.0,4415.24,15.4,15.3,15.5
2023-11-10,2023-11-06,2023-11-10,0382,dn,4310.0,4358.34,0.15999999999999978,0.0,4415.24,9.2,9.1,9.3
2023-11-10,2023-11-06,2023-11-10,0382,up,4405.0,4358.34,0.2800000000000001,1.0,4415.24,10.3,10.2,10.4
2023-11-10,2023-11-06,2023-11-10,0618,dn,4280.0,4358.34,0.09000000000000004,0.0,4415.24,5.4,5.3,5.5
2023-11-10,2023-11-06,2023-11-10,0618,up,4435.0,4358.34,0.13000000000000006,0.0,4415.24,4.0,3.9,4.1
2023-11-10,2023-11-06,2023-11-10,0786,dn,4260.0,4358.34,0.05999999999999996,0.0,4415.24,3.8,3.7,3.9
2023-11-10,2023-11-06,2023-11-10,0786,up,4460.0,4358.34,0.05,0.0,4415.24,1.65,1.6,1.7
2023-11-10,2023-11-06,2023-11-10,100,dn,4230.0,4358.34,0.040000000000000036,0.0,4415.24,2.4000000000000004,2.35,2.45
2023-11-10,2023-11-06,2023-11-10,100,up,4485.0,4358.34,0.019999999999999997,0.0,4415.24,0.725,0.7,0.75
2023-11-17,2023-11-13,2023-11-17,trigger,dn,4385.0,4415.24,0.3700000000000003,0.0,4514.02,21.65,21.5,21.8
2023-11-17,2023-11-13,2023-11-17,trigger,up,4445.0,4415.24,0.23999999999999985,1.0,4514.02,9.6,9.5,9.7
2023-11-17,2023-11-13,2023-11-17,0382,dn,4370.0,4415.24,0.29999999999999966,0.0,4514.02,16.4,16.3,16.5
2023-11-17,2023-11-13,2023-11-17,0382,up,4465.0,4415.24,0.16000000000000014,1.0,4514.02,5.4,5.3,5.5
2023-11-17,2023-11-13,2023-11-17,0618,dn,4340.0,4415.24,0.16000000000000014,0.0,4514.02,8.9,8.8,9.0
2023-11-17,2023-11-13,2023-11-17,0618,up,4490.0,4415.24,0.08000000000000007,1.0,4514.02,2.45,2.4,2.5
2023-11-17,2023-11-13,2023-11-17,0786,dn,4320.0,4415.24,0.11999999999999993,0.0,4514.02,5.9,5.8,6.0
2023-11-17,2023-11-13,2023-11-17,0786,up,4515.0,4415.24,0.030000000000000027,0.0,4514.02,1.0750000000000002,1.05,1.1
2023-11-17,2023-11-13,2023-11-17,100,dn,4290.0,4415.24,0.05999999999999996,0.0,4514.02,3.25,3.2,3.3
2023-11-17,2023-11-13,2023-11-17,100,up,4540.0,4415.24,0.010000000000000009,0.0,4514.02,0.525,0.5,0.55
2023-11-24,2023-11-20,2023-11-24,trigger,dn,4485.0,4514.02,0.14000000000000004,0.0,4559.34,5.25,5.2,5.3
2023-11-24,2023-11-20,2023-11-24,trigger,up,4545.0,4514.02,0.38000000000000006,1.0,4559.34,12.8,12.7,12.9
2023-11-24,2023-11-20,2023-11-24,0382,dn,4465.0,4514.02,0.075,0.0,4559.34,2.95,2.9,3.0
2023-11-24,2023-11-20,2023-11-24,0382,up,4560.0,4514.02,0.2599999999999998,0.0,4559.34,7.699999999999999,7.6,7.8
2023-11-24,2023-11-20,2023-11-24,0618,dn,4435.0,4514.02,0.025,0.0,4559.34,1.425,1.35,1.5
2023-11-24,2023-11-20,2023-11-24,0618,up,4590.0,4514.02,0.09499999999999993,0.0,4559.34,2.3,2.25,2.35
2023-11-24,2023-11-20,2023-11-24,0786,dn,4415.0,4514.02,0.020000000000000018,0.0,4559.34,1.0,0.95,1.05
2023-11-24,2023-11-20,2023-11-24,0786,up,4610.0,4514.02,0.03499999999999999,0.0,4559.34,0.8999999999999999,0.85,0.95
2023-11-24,2023-11-20,2023-11-24,100,dn,4390.0,4514.02,0.009999999999999986,0.0,4559.34,0.725,0.7,0.75
2023-11-24,2023-11-20,2023-11-24,100,up,4640.0,4514.02,0.010000000000000004,0.0,4559.34,0.275,0.25,0.3
2023-12-01,2023-11-27,2023-12-01,trigger,dn,4530.0,4559.34,0.3,0.0,4594.63,11.75,11.5,12.0
2023-12-01,2023-11-27,2023-12-01,0618,dn,4485.0,4559.34,0.08499999999999996,0.0,4594.63,3.3,3.2,3.4
2023-12-01,2023-11-27,2023-12-01,0786,dn,4465.0,4559.34,0.05,0.0,4594.63,1.925,1.85,2.0
2023-12-01,2023-11-27,2023-12-01,100,dn,4440.0,4559.34,0.020000000000000018,0.0,4594.63,1.1,1.05,1.15
2023-12-08,2023-12-04,2023-12-08,trigger,dn,4565.0,4594.63,0.4599999999999994,0.0,4604.37,25.9,25.5,26.3
2023-12-08,2023-12-04,2023-12-08,trigger,up,4620.0,4594.63,0.2,0.0,4604.37,7.25,7.1,7.4
2023-12-08,2023-12-04,2023-12-08,0382,dn,4550.0,4594.63,0.3799999999999997,0.0,4604.37,19.5,19.2,19.8
2023-12-08,2023-12-04,2023-12-08,0382,up,4640.0,4594.63,0.12000000000000002,0.0,4604.37,3.85,3.7,4.0
2023-12-08,2023-12-04,2023-12-08,0618,dn,4525.0,4594.63,0.2700000000000003,0.0,4604.37,11.55,11.3,11.8
2023-12-08,2023-12-04,2023-12-08,0618,up,4665.0,4594.63,0.05999999999999996,0.0,4604.37,1.65,1.6,1.7
2023-12-08,2023-12-04,2023-12-08,0786,dn,4505.0,4594.63,0.16000000000000014,0.0,4604.37,7.15,7.0,7.3
2023-12-08,2023-12-04,2023-12-08,0786,up,4685.0,4594.63,0.030000000000000027,0.0,4604.37,0.8,0.75,0.85
2023-12-08,2023-12-04,2023-12-08,100,dn,4480.0,4594.63,0.07999999999999999,0.0,4604.37,3.9499999999999997,3.8,4.1
2023-12-08,2023-12-04,2023-12-08,100,up,4710.0,4594.63,0.004999999999999993,0.0,4604.37,0.35,0.3,0.4
2023-12-15,2023-12-11,2023-12-15,trigger,dn,4580.0,4604.37,0.31999999999999956,0.0,4719.19,16.9,16.8,17.0
2023-12-15,2023-12-11,2023-12-15,trigger,up,4630.0,4604.37,0.3799999999999997,1.0,4719.19,19.1,19.0,19.2
2023-12-15,2023-12-11,2023-12-15,0382,dn,4560.0,4604.37,0.21999999999999992,0.0,4719.19,11.4,11.3,11.5
2023-12-15,2023-12-11,2023-12-15,0382,up,4645.0,4604.37,0.3,1.0,4719.19,13.8,13.7,13.9
2023-12-15,2023-12-11,2023-12-15,0618,dn,4535.0,4604.37,0.1400000000000002,0.0,4719.19,6.800000000000001,6.7,6.9
2023-12-15,2023-12-11,2023-12-15,0618,up,4675.0,4604.37,0.15999999999999998,1.0,4719.19,6.55,6.5,6.6
2023-12-15,2023-12-11,2023-12-15,0786,dn,4515.0,4604.37,0.1,0.0,4719.19,4.5,4.4,4.6
2023-12-15,2023-12-11,2023-12-15,0786,up,4690.0,4604.37,0.10999999999999996,1.0,4719.19,4.35,4.3,4.4
2023-12-15,2023-12-11,2023-12-15,100,dn,4495.0,4604.37,0.060000000000000143,0.0,4719.19,3.0250000000000004,2.95,3.1
2023-12-15,2023-12-11,2023-12-15,100,up,4715.0,4604.37,0.05999999999999992,1.0,4719.19,2.0999999999999996,2.05,2.15
2023-12-22,2023-12-18,2023-12-22,trigger,dn,4690.0,4719.19,0.16000000000000014,0.0,4754.63,6.9,6.8,7.0
2023-12-22,2023-12-18,2023-12-22,trigger,up,4745.0,4719.19,0.45,1.0,4754.63,18.799999999999997,18.7,18.9
2023-12-22,2023-12-18,2023-12-22,0382,dn,4675.0,4719.19,0.11000000000000014,0.0,4754.63,4.75,4.7,4.8
2023-12-22,2023-12-18,2023-12-22,0382,up,4765.0,4719.19,0.3,0.0,4754.63,11.0,10.9,11.1
2023-12-22,2023-12-18,2023-12-22,0618,dn,4650.0,4719.19,0.060000000000000143,0.0,4754.63,2.6500000000000004,2.6,2.7
2023-12-22,2023-12-18,2023-12-22,0618,up,4790.0,4719.19,0.16000000000000014,0.0,4754.63,5.0,4.9,5.1
2023-12-22,2023-12-18,2023-12-22,0786,dn,4630.0,4719.19,0.02999999999999998,0.0,4754.63,1.775,1.75,1.8
2023-12-22,2023-12-18,2023-12-22,0786,up,4810.0,4719.19,0.08499999999999996,0.0,4754.63,2.4749999999999996,2.4,2.55
2023-12-22,2023-12-18,2023-12-22,100,dn,4605.0,4719.19,0.015000000000000036,0.0,4754.63,1.225,1.2,1.25
2023-12-22,2023-12-18,2023-12-22,100,up,4835.0,4719.19,0.02999999999999998,0.0,4754.63,1.025,1.0,1.05
2023-12-29,2023-12-26,2023-12-29,trigger,dn,4730.0,4754.63,0.21999999999999992,0.0,4769.83,9.0,8.9,9.1
2023-12-29,2023-12-26,2023-12-29,trigger,up,4780.0,4754.63,0.44000000000000056,0.0,4769.83,19.0,18.9,19.1
2023-12-29,2023-12-26,2023-12-29,0382,dn,4710.0,4754.63,0.13000000000000006,0.0,4769.83,5.5,5.4,5.6
2023-12-29,2023-12-26,2023-12-29,0382,up,4795.0,4754.63,0.3400000000000002,0.0,4769.83,12.9,12.8,13.0
2023-12-29,2023-12-26,2023-12-29,0618,dn,4685.0,4754.63,0.06999999999999992,0.0,4769.83,3.05,3.0,3.1
2023-12-29,2023-12-26,2023-12-29,0618,up,4825.0,4754.63,0.16000000000000014,0.0,4769.83,5.15,5.1,5.2
2023-12-29,2023-12-26,2023-12-29,0786,dn,4665.0,4754.63,0.039999999999999994,0.0,4769.83,2.0,1.95,2.05
2023-12-29,2023-12-26,2023-12-29,0786,up,4840.0,4754.63,0.10500000000000007,0.0,4769.83,3.0250000000000004,2.95,3.1
2023-12-29,2023-12-26,2023-12-29,100,dn,4645.0,4754.63,0.019999999999999973,0.0,4769.83,1.4,1.35,1.45
2023-12-29,2023-12-26,2023-12-29,100,up,4865.0,4754.63,0.039999999999999994,0.0,4769.83,1.15,1.1,1.2
2024-01-05,2024-01-02,2024-01-05,trigger,dn,4745.0,4769.83,0.4599999999999994,1.0,4697.24,24.25,24.1,24.4
2024-01-05,2024-01-02,2024-01-05,trigger,up,4795.0,4769.83,0.18000000000000008,0.0,4697.24,5.9,5.8,6.0
2024-01-05,2024-01-02,2024-01-05,0382,dn,4730.0,4769.83,0.35999999999999976,1.0,4697.24,17.75,17.6,17.9
2024-01-05,2024-01-02,2024-01-05,0382,up,4810.0,4769.83,0.11999999999999993,0.0,4697.24,3.55,3.5,3.6
2024-01-05,2024-01-02,2024-01-05,0618,dn,4705.0,4769.83,0.23999999999999985,1.0,4697.24,9.95,9.8,10.1
2024-01-05,2024-01-02,2024-01-05,0618,up,4835.0,4769.83,0.05,0.0,4697.24,1.4249999999999998,1.4,1.45
2024-01-05,2024-01-02,2024-01-05,0786,dn,4685.0,4769.83,0.15,0.0,4697.24,6.0,5.9,6.1
2024-01-05,2024-01-02,2024-01-05,0786,up,4855.0,4769.83,0.019999999999999973,0.0,4697.24,0.7,0.65,0.75
2024-01-05,2024-01-02,2024-01-05,100,dn,4665.0,4769.83,0.08999999999999994,0.0,4697.24,3.6,3.5,3.7
2024-01-05,2024-01-02,2024-01-05,100,up,4875.0,4769.83,0.009999999999999998,0.0,4697.24,0.35,0.3,0.4
2024-01-12,2024-01-08,2024-01-12,trigger,dn,4670.0,4697.24,0.21999999999999992,0.0,4783.83,10.75,10.6,10.9
2024-01-12,2024-01-08,2024-01-12,trigger,up,4720.0,4697.24,0.5,1.0,4783.83,26.4,26.2,26.6
2024-01-12,2024-01-08,2024-01-12,0382,dn,4655.0,4697.24,0.16999999999999993,0.0,4783.83,7.85,7.8,7.9
2024-01-12,2024-01-08,2024-01-12,0382,up,4735.0,4697.24,0.4199999999999996,1.0,4783.83,19.3,19.1,19.5
2024-01-12,2024-01-08,2024-01-12,0618,dn,4630.0,4697.24,0.1,0.0,4783.83,4.6,4.5,4.7
2024-01-12,2024-01-08,2024-01-12,0618,up,4760.0,4697.24,0.2800000000000001,1.0,4783.83,10.4,10.3,10.5
2024-01-12,2024-01-08,2024-01-12,0786,dn,4615.0,4697.24,0.054999999999999896,0.0,4783.83,3.3,3.2,3.4
2024-01-12,2024-01-08,2024-01-12,0786,up,4780.0,4697.24,0.17999999999999972,1.0,4783.83,5.699999999999999,5.6,5.8
2024-01-12,2024-01-08,2024-01-12,100,dn,4590.0,4697.24,0.03499999999999996,0.0,4783.83,2.05,2.0,2.1
2024-01-12,2024-01-08,2024-01-12,100,up,4805.0,4697.24,0.07999999999999999,0.0,4783.83,2.3,2.25,2.35
2024-01-19,2024-01-16,2024-01-19,trigger,dn,4760.0,4783.83,0.4199999999999996,0.0,4839.81,21.4,21.2,21.6
2024-01-19,2024-01-16,2024-01-19,trigger,up,4810.0,4783.83,0.2,1.0,4839.81,6.199999999999999,6.1,6.3
2024-01-19,2024-01-16,2024-01-19,0382,dn,4745.0,4783.83,0.3200000000000003,0.0,4839.81,15.55,15.4,15.7
2024-01-19,2024-01-16,2024-01-19,0382,up,4825.0,4783.83,0.11499999999999995,1.0,4839.81,3.6,3.5,3.7
2024-01-19,2024-01-16,2024-01-19,0618,dn,4720.0,4783.83,0.18000000000000008,0.0,4839.81,8.8,8.7,8.9
2024-01-19,2024-01-16,2024-01-19,0618,up,4850.0,4783.83,0.04500000000000002,0.0,4839.81,1.35,1.3,1.4
2024-01-19,2024-01-16,2024-01-19,0786,dn,4700.0,4783.83,0.11999999999999993,0.0,4839.81,5.6,5.5,5.7
2024-01-19,2024-01-16,2024-01-19,0786,up,4865.0,4783.83,0.025000000000000022,0.0,4839.81,0.775,0.75,0.8
2024-01-19,2024-01-16,2024-01-19,100,dn,4680.0,4783.83,0.07000000000000002,0.0,4839.81,3.6,3.5,3.7
2024-01-19,2024-01-16,2024-01-19,100,up,4890.0,4783.83,0.009999999999999998,0.0,4839.81,0.35,0.3,0.4
2024-01-26,2024-01-22,2024-01-26,trigger,dn,4815.0,4839.81,0.15999999999999978,0.0,4890.97,7.699999999999999,7.6,7.8
2024-01-26,2024-01-22,2024-01-26,trigger,up,4865.0,4839.81,0.5400000000000006,1.0,4890.97,27.450000000000003,27.3,27.6
2024-01-26,2024-01-22,2024-01-26,0382,dn,4800.0,4839.81,0.10999999999999996,0.0,4890.97,5.55,5.5,5.6
2024-01-26,2024-01-22,2024-01-26,0382,up,4880.0,4839.81,0.42000000000000026,1.0,4890.97,19.9,19.8,20.0
2024-01-26,2024-01-22,2024-01-26,0618,dn,4775.0,4839.81,0.054999999999999896,0.0,4890.97,3.3,3.2,3.4
2024-01-26,2024-01-22,2024-01-26,0618,up,4905.0,4839.81,0.2699999999999999,0.0,4890.97,10.75,10.7,10.8
2024-01-26,2024-01-22,2024-01-26,0786,dn,4755.0,4839.81,0.03499999999999996,0.0,4890.97,2.25,2.2,2.3
2024-01-26,2024-01-22,2024-01-26,0786,up,4925.0,4839.81,0.1700000000000001,0.0,4890.97,6.05,6.0,6.1
2024-01-26,2024-01-22,2024-01-26,100,dn,4735.0,4839.81,0.025,0.0,4890.97,1.625,1.6,1.65
2024-01-26,2024-01-22,2024-01-26,100,up,4945.0,4839.81,0.1,0.0,4890.97,3.2,3.1,3.3
2024-02-02,2024-01-29,2024-02-02,trigger,dn,4865.0,4890.97,0.3,0.0,4958.61,18.700000000000003,18.6,18.8
2024-02-02,2024-01-29,2024-02-02,0382,dn,4850.0,4890.97,0.25,0.0,4958.61,14.5,14.4,14.6
2024-02-02,2024-01-29,2024-02-02,0618,dn,4825.0,4890.97,0.16999999999999993,0.0,4958.61,9.25,9.2,9.3
2024-02-02,2024-01-29,2024-02-02,0786,dn,4810.0,4890.97,0.13000000000000006,0.0,4958.61,7.0,6.9,7.1
2024-02-02,2024-01-29,2024-02-02,0786,up,4975.0,4890.97,0.16000000000000014,0.0,4958.61,6.65,6.6,6.7
2024-02-02,2024-01-29,2024-02-02,100,dn,4785.0,4890.97,0.07999999999999989,0.0,4958.61,4.35,4.3,4.4
2024-02-09,2024-02-05,2024-02-09,trigger,dn,4935.0,4958.61,0.35999999999999943,0.0,5026.61,19.15,19.0,19.3
2024-02-09,2024-02-05,2024-02-09,trigger,up,4985.0,4958.61,0.3,1.0,5026.61,12.6,12.5,12.7
2024-02-09,2024-02-05,2024-02-09,0382,dn,4920.0,4958.61,0.2799999999999997,0.0,5026.61,14.2,14.1,14.3
2024-02-09,2024-02-05,2024-02-09,0382,up,5000.0,4958.61,0.21999999999999992,1.0,5026.61,8.4,8.3,8.5
2024-02-09,2024-02-05,2024-02-09,0618,dn,4895.0,4958.61,0.16000000000000014,0.0,5026.61,8.4,8.3,8.5
2024-02-09,2024-02-05,2024-02-09,0618,up,5025.0,4958.61,0.12000000000000002,0.0,5026.61,4.0,3.9,4.1
2024-02-09,2024-02-05,2024-02-09,0786,dn,4875.0,4958.61,0.1,0.0,5026.61,5.5,5.4,5.6
2024-02-09,2024-02-05,2024-02-09,0786,up,5040.0,4958.61,0.075,0.0,5026.61,2.425,2.35,2.5
2024-02-09,2024-02-05,2024-02-09,100,dn,4855.0,4958.61,0.08000000000000007,0.0,5026.61,3.7,3.6,3.8
2024-02-09,2024-02-05,2024-02-09,100,up,5065.0,4958.61,0.030000000000000027,0.0,5026.61,1.05,1.0,1.1
2024-02-16,2024-02-12,2024-02-16,trigger,dn,5000.0,5026.61,0.3,0.0,5005.57,15.3,15.2,15.4
2024-02-16,2024-02-12,2024-02-16,trigger,up,5050.0,5026.61,0.3799999999999997,0.0,5005.57,18.0,17.9,18.1
2024-02-16,2024-02-12,2024-02-16,0382,dn,4985.0,5026.61,0.22000000000000028,0.0,5005.57,11.25,11.2,11.3
2024-02-16,2024-02-12,2024-02-16,0382,up,5065.0,5026.61,0.3,0.0,5005.57,12.7,12.6,12.8
2024-02-16,2024-02-12,2024-02-16,0618,dn,4960.0,5026.61,0.13999999999999985,0.0,5005.57,6.699999999999999,6.6,6.8
2024-02-16,2024-02-12,2024-02-16,0618,up,5090.0,5026.61,0.18000000000000008,0.0,5005.57,6.5,6.4,6.6
2024-02-16,2024-02-12,2024-02-16,0786,dn,4945.0,5026.61,0.09000000000000004,0.0,5005.57,4.9,4.8,5.0
2024-02-16,2024-02-12,2024-02-16,0786,up,5110.0,5026.61,0.1,0.0,5005.57,3.45,3.4,3.5
2024-02-16,2024-02-12,2024-02-16,100,dn,4920.0,5026.61,0.05,0.0,5005.57,3.05,3.0,3.1
2024-02-16,2024-02-12,2024-02-16,100,up,5135.0,5026.61,0.04499999999999997,0.0,5005.57,1.45,1.4,1.5
2024-02-23,2024-02-20,2024-02-23,trigger,dn,4980.0,5005.57,0.4599999999999994,0.0,5088.8,29.549999999999997,29.4,29.7
2024-02-23,2024-02-20,2024-02-23,trigger,up,5030.0,5005.57,0.2400000000000002,1.0,5088.8,10.3,10.2,10.4
2024-02-23,2024-02-20,2024-02-23,0382,dn,4965.0,5005.57,0.3799999999999997,0.0,5088.8,23.15,23.0,23.3
2024-02-23,2024-02-20,2024-02-23,0382,up,5045.0,5005.57,0.1700000000000001,1.0,5088.8,6.9,6.8,7.0
2024-02-23,2024-02-20,2024-02-23,0618,dn,4940.0,5005.57,0.2699999999999999,0.0,5088.8,14.95,14.8,15.1
2024-02-23,2024-02-20,2024-02-23,0618,up,5070.0,5005.57,0.09500000000000001,1.0,5088.8,3.4,3.3,3.5
2024-02-23,2024-02-20,2024-02-23,0786,dn,4920.0,5005.57,0.2,0.0,5088.8,10.3,10.2,10.4
2024-02-23,2024-02-20,2024-02-23,0786,up,5090.0,5005.57,0.06000000000000001,0.0,5088.8,1.85,1.8,1.9
2024-02-23,2024-02-20,2024-02-23,100,dn,4900.0,5005.57,0.11999999999999993,0.0,5088.8,7.0,6.9,7.1
2024-02-23,2024-02-20,2024-02-23,100,up,5115.0,5005.57,0.019999999999999997,0.0,5088.8,0.825,0.8,0.85
2024-03-01,2024-02-26,2024-03-01,trigger,dn,5060.0,5088.8,0.2599999999999998,0.0,5137.08,13.899999999999999,13.2,14.6
2024-03-01,2024-02-26,2024-03-01,trigger,up,5115.0,5088.8,0.3700000000000003,1.0,5137.08,17.35,17.1,17.6
2024-03-01,2024-02-26,2024-03-01,0382,dn,5045.0,5088.8,0.2700000000000003,0.0,5137.08,10.5,9.6,11.4
2024-03-01,2024-02-26,2024-03-01,0382,up,5130.0,5088.8,0.2900000000000002,1.0,5137.08,12.3,11.9,12.7
2024-03-01,2024-02-26,2024-03-01,0618,dn,5020.0,5088.8,0.09000000000000004,0.0,5137.08,6.05,5.6,6.5
2024-03-01,2024-02-26,2024-03-01,0618,up,5160.0,5088.8,0.07999999999999989,0.0,5137.08,5.1,4.7,5.5
2024-03-01,2024-02-26,2024-03-01,0786,dn,5000.0,5088.8,0.0700000000000001,0.0,5137.08,4.4,4.3,4.5
2024-03-01,2024-02-26,2024-03-01,0786,up,5175.0,5088.8,0.09499999999999993,0.0,5137.08,3.3,3.2,3.4
2024-03-01,2024-02-26,2024-03-01,100,dn,4975.0,5088.8,0.04500000000000002,0.0,5137.08,2.85,2.75,2.95
2024-03-01,2024-02-26,2024-03-01,100,up,5200.0,5088.8,0.039999999999999994,0.0,5137.08,1.425,1.35,1.5
2024-03-08,2024-03-04,2024-03-08,trigger,dn,5110.0,5137.08,0.31999999999999956,0.0,5123.69,17.299999999999997,17.2,17.4
2024-03-08,2024-03-04,2024-03-08,trigger,up,5165.0,5137.08,0.35999999999999976,0.0,5123.69,15.1,15.0,15.2
2024-03-08,2024-03-04,2024-03-08,0382,dn,5095.0,5137.08,0.2600000000000001,0.0,5123.69,12.9,12.8,13.0
2024-03-08,2024-03-04,2024-03-08,0382,up,5180.0,5137.08,0.2600000000000001,0.0,5123.69,10.3,10.2,10.4
2024-03-08,2024-03-04,2024-03-08,0618,dn,5070.0,5137.08,0.15999999999999978,0.0,5123.69,7.699999999999999,7.6,7.8
2024-03-08,2024-03-04,2024-03-08,0618,up,5205.0,5137.08,0.1400000000000002,0.0,5123.69,4.9,4.8,5.0
2024-03-08,2024-03-04,2024-03-08,0786,dn,5050.0,5137.08,0.1,0.0,5123.69,5.05,5.0,5.1
2024-03-08,2024-03-04,2024-03-08,0786,up,5225.0,5137.08,0.09000000000000004,0.0,5123.69,2.5,2.45,2.55
2024-03-08,2024-03-04,2024-03-08,100,dn,5025.0,5137.08,0.05,0.0,5123.69,3.05,3.0,3.1
2024-03-08,2024-03-04,2024-03-08,100,up,5245.0,5137.08,0.039999999999999966,0.0,5123.69,1.1749999999999998,1.15,1.2
2024-03-15,2024-03-11,2024-03-15,trigger,dn,5095.0,5123.69,0.4199999999999989,0.0,5117.09,33.8,33.7,33.9
2024-03-15,2024-03-11,2024-03-15,trigger,up,5150.0,5123.69,0.31999999999999884,0.0,5117.09,17.799999999999997,17.7,17.9
2024-03-15,2024-03-11,2024-03-15,0382,dn,5080.0,5123.69,0.35999999999999943,0.0,5117.09,27.9,27.8,28.0
2024-03-15,2024-03-11,2024-03-15,0382,up,5165.0,5123.69,0.2600000000000001,0.0,5117.09,13.4,13.3,13.5
2024-03-15,2024-03-11,2024-03-15,0618,dn,5055.0,5123.69,0.2799999999999997,0.0,5117.09,20.0,19.9,20.1
2024-03-15,2024-03-11,2024-03-15,0618,up,5195.0,5123.69,0.15,0.0,5117.09,7.1,7.0,7.2
2024-03-15,2024-03-11,2024-03-15,0786,dn,5035.0,5123.69,0.2,0.0,5117.09,15.1,15.0,15.2
2024-03-15,2024-03-11,2024-03-15,0786,up,5210.0,5123.69,0.11999999999999993,0.0,5117.09,5.05,5.0,5.1
2024-03-15,2024-03-11,2024-03-15,100,dn,5010.0,5123.69,0.15,0.0,5117.09,10.55,10.5,10.6
2024-03-15,2024-03-11,2024-03-15,100,up,5235.0,5123.69,0.06500000000000003,0.0,5117.09,2.7,2.65,2.75
2024-03-22,2024-03-18,2024-03-22,trigger,dn,5090.0,5117.09,0.18000000000000008,0.0,5234.18,12.1,12.0,12.2
2024-03-22,2024-03-18,2024-03-22,trigger,up,5145.0,5117.09,0.6,1.0,5234.18,46.65,46.5,46.8
2024-03-22,2024-03-18,2024-03-22,0382,dn,5075.0,5117.09,0.16000000000000014,0.0,5234.18,9.5,9.4,9.6
2024-03-22,2024-03-18,2024-03-22,0382,up,5160.0,5117.09,0.5399999999999991,1.0,5234.18,38.05,37.9,38.2
2024-03-22,2024-03-18,2024-03-22,0618,dn,5050.0,5117.09,0.1,0.0,5234.18,6.25,6.2,6.3
2024-03-22,2024-03-18,2024-03-22,0618,up,5185.0,5117.09,0.42000000000000026,1.0,5234.18,25.85,25.7,26.0
2024-03-22,2024-03-18,2024-03-22,0786,dn,5030.0,5117.09,0.060000000000000143,0.0,5234.18,4.5,4.4,4.6
2024-03-22,2024-03-18,2024-03-22,0786,up,5205.0,5117.09,0.32999999999999974,1.0,5234.18,18.049999999999997,17.9,18.2
2024-03-22,2024-03-18,2024-03-22,100,dn,5005.0,5117.09,0.050000000000000086,0.0,5234.18,3.1,3.0,3.2
2024-03-22,2024-03-18,2024-03-22,100,up,5225.0,5117.09,0.2600000000000001,1.0,5234.18,12.0,11.9,12.1
2024-03-29,2024-03-25,2024-03-28,trigger,dn,5210.0,5234.18,0.33999999999999986,0.0,5254.35,14.399999999999999,14.2,14.6
2024-03-29,2024-03-25,2024-03-28,trigger,up,5260.0,5234.18,0.2799999999999999,0.0,5254.35,8.2,8.0,8.4
2024-03-29,2024-03-25,2024-03-28,0382,dn,5190.0,5234.18,0.20000000000000034,0.0,5254.35,8.600000000000001,8.4,8.8
2024-03-29,2024-03-25,2024-03-28,0382,up,5275.0,5234.18,0.15999999999999998,0.0,5254.35,4.8,4.6,5.0
2024-03-29,2024-03-25,2024-03-28,0618,dn,5165.0,5234.18,0.1200000000000001,0.0,5254.35,4.4,4.2,4.6
2024-03-29,2024-03-25,2024-03-28,0618,up,5305.0,5234.18,0.05500000000000003,0.0,5254.35,1.475,1.4,1.55
2024-03-29,2024-03-25,2024-03-28,0786,dn,5145.0,5234.18,0.05999999999999996,0.0,5254.35,2.625,2.55,2.7
2024-03-29,2024-03-25,2024-03-28,0786,up,5320.0,5234.18,0.030000000000000027,0.0,5254.35,0.8,0.75,0.85
2024-03-29,2024-03-25,2024-03-28,100,dn,5120.0,5234.18,0.025,0.0,5254.35,1.45,1.4,1.5
2024-03-29,2024-03-25,2024-03-28,100,up,5345.0,5234.18,0.009999999999999986,0.0,5254.35,0.32499999999999996,0.3,0.35
2024-04-05,2024-04-01,2024-04-05,trigger,dn,5230.0,5254.35,0.28999999999999987,1.0,5204.34,13.05,12.0,14.1
2024-04-05,2024-04-01,2024-04-05,trigger,up,5280.0,5254.35,0.41999999999999993,0.0,5204.34,17.55,15.8,19.3
2024-04-05,2024-04-01,2024-04-05,0382,dn,5215.0,5254.35,0.08000000000000007,1.0,5204.34,9.1,7.7,10.5
2024-04-05,2024-04-01,2024-04-05,0618,dn,5185.0,5254.35,0.09000000000000004,0.0,5204.34,4.75,3.6,5.9
2024-04-05,2024-04-01,2024-04-05,0618,up,5320.0,5254.35,0.1700000000000001,0.0,5204.34,5.45,4.2,6.7
2024-04-05,2024-04-01,2024-04-05,0786,dn,5170.0,5254.35,0.07000000000000002,0.0,5204.34,3.5,3.4,3.6
2024-04-05,2024-04-01,2024-04-05,100,dn,5145.0,5254.35,0.040000000000000036,0.0,5204.34,2.2,2.1,2.3
2024-04-12,2024-04-08,2024-04-12,trigger,dn,5180.0,5204.34,0.3200000000000003,1.0,5123.41,25.0,24.9,25.1
2024-04-12,2024-04-08,2024-04-12,trigger,up,5230.0,5204.34,0.44000000000000056,0.0,5123.41,26.200000000000003,26.1,26.3
2024-04-12,2024-04-08,2024-04-12,0382,dn,5165.0,5204.34,0.25999999999999945,1.0,5123.41,20.5,20.4,20.6
2024-04-12,2024-04-08,2024-04-12,0382,up,5245.0,5204.34,0.3799999999999997,0.0,5123.41,19.799999999999997,19.7,19.9
2024-04-12,2024-04-08,2024-04-12,0618,dn,5135.0,5204.34,0.17999999999999972,1.0,5123.41,13.7,13.6,13.8
2024-04-12,2024-04-08,2024-04-12,0618,up,5270.0,5204.34,0.2600000000000001,0.0,5123.41,11.45,11.4,11.5
2024-04-12,2024-04-08,2024-04-12,0786,dn,5120.0,5204.34,0.14999999999999963,0.0,5123.41,11.149999999999999,11.1,11.2
2024-04-12,2024-04-08,2024-04-12,0786,up,5290.0,5204.34,0.18000000000000008,0.0,5123.41,6.9,6.8,7.0
2024-04-12,2024-04-08,2024-04-12,100,dn,5095.0,5204.34,0.1,0.0,5123.41,7.9,7.8,8.0
2024-04-12,2024-04-08,2024-04-12,100,up,5315.0,5204.34,0.1,0.0,5123.41,3.3,3.2,3.4
2024-04-19,2024-04-15,2024-04-19,trigger,dn,5095.0,5123.41,0.16999999999999993,1.0,4967.23,12.5,12.4,12.6
2024-04-19,2024-04-15,2024-04-19,trigger,up,5150.0,5123.41,0.6299999999999997,0.0,4967.23,46.3,46.1,46.5
2024-04-19,2024-04-15,2024-04-19,0382,dn,5080.0,5123.41,0.13999999999999985,1.0,4967.23,10.1,10.0,10.2
2024-04-19,2024-04-15,2024-04-19,0382,up,5165.0,5123.41,0.5599999999999994,0.0,4967.23,37.15,37.0,37.3
2024-04-19,2024-04-15,2024-04-19,0618,dn,5055.0,5123.41,0.1,1.0,4967.23,7.1,7.0,7.2
2024-04-19,2024-04-15,2024-04-19,0618,up,5190.0,5123.41,0.45,0.0,4967.23,24.15,24.0,24.3
2024-04-19,2024-04-15,2024-04-19,0786,dn,5035.0,5123.41,0.06999999999999992,1.0,4967.23,5.35,5.3,5.4
2024-04-19,2024-04-15,2024-04-19,0786,up,5210.0,5123.41,0.33999999999999986,0.0,4967.23,16.0,15.9,16.1
2024-04-19,2024-04-15,2024-04-19,100,dn,5015.0,5123.41,0.05,1.0,4967.23,4.1,4.0,4.2
2024-04-19,2024-04-15,2024-04-19,100,up,5235.0,5123.41,0.21999999999999992,0.0,4967.23,8.7,8.6,8.8
2024-04-26,2024-04-22,2024-04-26,trigger,dn,4940.0,4967.23,0.25999999999999945,0.0,5099.96,19.15,19.0,19.3
2024-04-26,2024-04-22,2024-04-26,trigger,up,4995.0,4967.23,0.5200000000000002,1.0,5099.96,39.75,39.6,39.9
2024-04-26,2024-04-22,2024-04-26,0382,dn,4920.0,4967.23,0.2,0.0,5099.96,14.45,14.3,14.6
2024-04-26,2024-04-22,2024-04-26,0382,up,5010.0,4967.23,0.46999999999999886,1.0,5099.96,32.099999999999994,31.9,32.3
2024-04-26,2024-04-22,2024-04-26,0618,dn,4895.0,4967.23,0.13999999999999985,0.0,5099.96,10.0,9.9,10.1
2024-04-26,2024-04-22,2024-04-26,0618,up,5040.0,4967.23,0.33999999999999914,1.0,5099.96,19.549999999999997,19.4,19.7
2024-04-26,2024-04-22,2024-04-26,0786,dn,4875.0,4967.23,0.1,0.0,5099.96,7.4,7.3,7.5
2024-04-26,2024-04-22,2024-04-26,0786,up,5060.0,4967.23,0.2600000000000001,1.0,5099.96,13.25,13.1,13.4
2024-04-26,2024-04-22,2024-04-26,100,dn,4850.0,4967.23,0.08000000000000007,0.0,5099.96,5.1,5.0,5.2
2024-04-26,2024-04-22,2024-04-26,100,up,5085.0,4967.23,0.18000000000000008,1.0,5099.96,7.6,7.5,7.7
2024-05-03,2024-04-29,2024-05-03,trigger,dn,5070.0,5099.96,0.28000000000000114,0.0,5127.79,21.450000000000003,21.3,21.6
2024-05-03,2024-04-29,2024-05-03,trigger,up,5130.0,5099.96,0.4700000000000003,0.0,5127.79,30.700000000000003,30.6,30.8
2024-05-03,2024-04-29,2024-05-03,0382,dn,5055.0,5099.96,0.23000000000000115,0.0,5127.79,17.450000000000003,17.3,17.6
2024-05-03,2024-04-29,2024-05-03,0382,up,5145.0,5099.96,0.4,0.0,5127.79,24.049999999999997,23.9,24.2
2024-05-03,2024-04-29,2024-05-03,0618,dn,5025.0,5099.96,0.18000000000000008,0.0,5127.79,11.4,11.3,11.5
2024-05-03,2024-04-29,2024-05-03,0618,up,5175.0,5099.96,0.2699999999999999,0.0,5127.79,13.65,13.5,13.8
2024-05-03,2024-04-29,2024-05-03,0786,dn,5005.0,5099.96,0.13000000000000006,0.0,5127.79,8.4,8.3,8.5
2024-05-03,2024-04-29,2024-05-03,0786,up,5195.0,5099.96,0.2,0.0,5127.79,8.8,8.7,8.9
2024-05-03,2024-04-29,2024-05-03,100,dn,4980.0,5099.96,0.1,0.0,5127.79,5.699999999999999,5.6,5.8
2024-05-03,2024-04-29,2024-05-03,100,up,5220.0,5099.96,0.10999999999999979,0.0,5127.79,4.699999999999999,4.6,4.8
2024-05-10,2024-05-06,2024-05-10,trigger,dn,5100.0,5127.79,0.1700000000000003,0.0,5222.68,8.55,8.5,8.6
2024-05-10,2024-05-06,2024-05-10,trigger,up,5155.0,5127.79,0.5400000000000006,1.0,5222.68,28.950000000000003,28.8,29.1
2024-05-10,2024-05-06,2024-05-10,0382,dn,5080.0,5127.79,0.11999999999999993,0.0,5222.68,5.699999999999999,5.6,5.8
2024-05-10,2024-05-06,2024-05-10,0382,up,5175.0,5127.79,0.4299999999999997,1.0,5222.68,18.85,18.7,19.0
2024-05-10,2024-05-06,2024-05-10,0618,dn,5055.0,5127.79,0.07000000000000002,0.0,5222.68,3.45,3.4,3.5
2024-05-10,2024-05-06,2024-05-10,0618,up,5200.0,5127.79,0.2799999999999997,1.0,5222.68,9.7,9.6,9.8
2024-05-10,2024-05-06,2024-05-10,0786,dn,5035.0,5127.79,0.039999999999999855,0.0,5222.68,2.3499999999999996,2.3,2.4
2024-05-10,2024-05-06,2024-05-10,0786,up,5220.0,5127.79,0.15999999999999978,1.0,5222.68,5.1,5.0,5.2
2024-05-10,2024-05-06,2024-05-10,100,dn,5010.0,5127.79,0.020000000000000018,0.0,5222.68,1.55,1.5,1.6
2024-05-10,2024-05-06,2024-05-10,100,up,5250.0,5127.79,0.06000000000000001,0.0,5222.68,1.7,1.65,1.75
2024-05-17,2024-05-13,2024-05-17,trigger,dn,5195.0,5222.68,0.2799999999999997,0.0,5303.27,18.1,18.0,18.2
2024-05-17,2024-05-13,2024-05-17,trigger,up,5250.0,5222.68,0.4299999999999997,1.0,5303.27,23.1,23.0,23.2
2024-05-17,2024-05-13,2024-05-17,0382,dn,5175.0,5222.68,0.21999999999999992,0.0,5303.27,12.9,12.8,13.0
2024-05-17,2024-05-13,2024-05-17,0382,up,5270.0,5222.68,0.3200000000000003,1.0,5303.27,15.3,15.2,15.4
2024-05-17,2024-05-13,2024-05-17,0618,dn,5150.0,5222.68,0.14999999999999983,0.0,5303.27,8.2,8.1,8.3
2024-05-17,2024-05-13,2024-05-17,0618,up,5295.0,5222.68,0.22000000000000028,1.0,5303.27,8.3,8.2,8.4
2024-05-17,2024-05-13,2024-05-17,0786,dn,5130.0,5222.68,0.10999999999999996,0.0,5303.27,5.6,5.5,5.7
2024-05-17,2024-05-13,2024-05-17,0786,up,5315.0,5222.68,0.13000000000000006,0.0,5303.27,4.65,4.6,4.7
2024-05-17,2024-05-13,2024-05-17,100,dn,5105.0,5222.68,0.07000000000000002,0.0,5303.27,3.4,3.3,3.5
2024-05-17,2024-05-13,2024-05-17,100,up,5340.0,5222.68,0.06999999999999992,0.0,5303.27,2.0999999999999996,2.05,2.15
2024-05-24,2024-05-20,2024-05-24,trigger,dn,5275.0,5303.27,0.18999999999999986,0.0,5304.72,9.25,9.2,9.3
2024-05-24,2024-05-20,2024-05-24,trigger,up,5330.0,5303.27,0.49000000000000055,0.0,5304.72,24.700000000000003,24.6,24.8
2024-05-24,2024-05-20,2024-05-24,0382,dn,5260.0,5303.27,0.13999999999999985,0.0,5304.72,6.699999999999999,6.6,6.8
2024-05-24,2024-05-20,2024-05-24,0382,up,5350.0,5303.27,0.38000000000000006,0.0,5304.72,15.8,15.7,15.9
2024-05-24,2024-05-20,2024-05-24,0618,dn,5230.0,5303.27,0.07000000000000002,0.0,5304.72,3.4,3.3,3.5
2024-05-24,2024-05-20,2024-05-24,0618,up,5375.0,5303.27,0.21999999999999992,0.0,5304.72,7.9,7.8,8.0
2024-05-24,2024-05-20,2024-05-24,0786,dn,5210.0,5303.27,0.04499999999999997,0.0,5304.72,2.175,2.15,2.2
2024-05-24,2024-05-20,2024-05-24,0786,up,5395.0,5303.27,0.13999999999999996,0.0,5304.72,4.1,4.0,4.2
2024-05-24,2024-05-20,2024-05-24,100,dn,5185.0,5303.27,0.025000000000000043,0.0,5304.72,1.3250000000000002,1.3,1.35
2024-05-24,2024-05-20,2024-05-24,100,up,5420.0,5303.27,0.05499999999999998,0.0,5304.72,1.625,1.6,1.65
2024-05-31,2024-05-28,2024-05-31,trigger,dn,5275.0,5304.72,0.21999999999999992,0.0,5277.51,10.9,9.8,12.0
2024-05-31,2024-05-28,2024-05-31,trigger,up,5330.0,5304.72,0.33999999999999986,0.0,5277.51,10.7,9.4,12.0
2024-05-31,2024-05-28,2024-05-31,0382,dn,5260.0,5304.72,0.15999999999999998,0.0,5277.51,7.9,6.7,9.1
2024-05-31,2024-05-28,2024-05-31,0382,up,5350.0,5304.72,0.19000000000000022,0.0,5277.51,5.15,4.4,5.9
2024-05-31,2024-05-28,2024-05-31,0618,dn,5235.0,5304.72,0.08000000000000007,0.0,5277.51,4.65,3.7,5.6
2024-05-31,2024-05-28,2024-05-31,0618,up,5375.0,5304.72,0.06999999999999998,0.0,5277.51,1.65,1.55,1.75
2024-05-31,2024-05-28,2024-05-31,0786,dn,5215.0,5304.72,0.04500000000000002,0.0,5277.51,3.2,3.1,3.3
2024-05-31,2024-05-28,2024-05-31,0786,up,5395.0,5304.72,0.024999999999999977,0.0,5277.51,0.6499999999999999,0.6,0.7
2024-05-31,2024-05-28,2024-05-31,100,dn,5190.0,5304.72,0.029999999999999936,0.0,5277.51,2.0999999999999996,2.05,2.15
2024-05-31,2024-05-28,2024-05-31,100,up,5420.0,5304.72,0.004999999999999999,0.0,5277.51,0.25,0.2,0.3
2024-06-07,2024-06-03,2024-06-07,trigger,dn,5250.0,5277.51,0.22000000000000028,0.0,5346.99,13.5,11.0,16.0
2024-06-07,2024-06-03,2024-06-07,trigger,up,5305.0,5277.51,0.4599999999999994,1.0,5346.99,22.15,19.3,25.0
2024-06-07,2024-06-03,2024-06-07,0382,dn,5235.0,5277.51,0.18999999999999986,0.0,5346.99,10.95,8.6,13.3
2024-06-07,2024-06-03,2024-06-07,0382,up,5320.0,5277.51,0.18000000000000044,1.0,5346.99,15.600000000000001,12.9,18.3
2024-06-07,2024-06-03,2024-06-07,0618,dn,5205.0,5277.51,0.3,0.0,5346.99,6.2,4.1,8.3
2024-06-07,2024-06-03,2024-06-07,0618,up,5350.0,5277.51,0.36999999999999994,0.0,5346.99,7.35,6.1,8.6
2024-06-07,2024-06-03,2024-06-07,0786,dn,5185.0,5277.51,0.04999999999999991,0.0,5346.99,4.1,2.2,6.0
2024-06-07,2024-06-03,2024-06-07,0786,up,5370.0,5277.51,-0.21000000000000002,0.0,5346.99,1.8,0.0,3.6
2024-06-07,2024-06-03,2024-06-07,100,dn,5160.0,5277.51,0.040000000000000036,0.0,5346.99,2.5250000000000004,2.45,2.6
2024-06-07,2024-06-03,2024-06-07,100,up,5395.0,5277.51,0.03500000000000001,0.0,5346.99,1.175,1.1,1.25
2024-06-14,2024-06-10,2024-06-14,trigger,dn,5320.0,5346.99,0.3799999999999997,0.0,5431.6,27.6,27.5,27.7
2024-06-14,2024-06-10,2024-06-14,trigger,up,5375.0,5346.99,0.3800000000000011,1.0,5431.6,21.200000000000003,21.1,21.3
2024-06-14,2024-06-10,2024-06-14,0382,dn,5300.0,5346.99,0.3200000000000003,0.0,5431.6,20.6,20.5,20.7
2024-06-14,2024-06-10,2024-06-14,0382,up,5390.0,5346.99,0.3200000000000003,1.0,5431.6,15.8,15.7,15.9
2024-06-14,2024-06-10,2024-06-14,0618,dn,5275.0,5346.99,0.21999999999999992,0.0,5431.6,13.7,13.6,13.8
2024-06-14,2024-06-10,2024-06-14,0618,up,5420.0,5346.99,0.2,1.0,5431.6,7.800000000000001,7.7,7.9
2024-06-14,2024-06-10,2024-06-14,0786,dn,5255.0,5346.99,0.16999999999999993,0.0,5431.6,9.6,9.5,9.7
2024-06-14,2024-06-10,2024-06-14,100,dn,5230.0,5346.99,0.11999999999999993,0.0,5431.6,5.9,5.8,6.0
2024-06-21,2024-06-17,2024-06-21,trigger,dn,5405.0,5431.6,0.2800000000000001,0.0,5464.62,15.6,15.5,15.7
2024-06-21,2024-06-17,2024-06-21,trigger,up,5460.0,5431.6,0.3400000000000002,1.0,5464.62,11.3,11.2,11.4
2024-06-21,2024-06-17,2024-06-21,0382,dn,5385.0,5431.6,0.17999999999999972,0.0,5464.62,10.7,10.6,10.8
2024-06-21,2024-06-17,2024-06-21,0382,up,5475.0,5431.6,0.2400000000000002,0.0,5464.62,6.9,6.8,7.0
2024-06-21,2024-06-17,2024-06-21,0618,dn,5360.0,5431.6,0.10999999999999979,0.0,5464.62,6.85,6.8,6.9
2024-06-21,2024-06-17,2024-06-21,0618,up,5505.0,5431.6,0.07999999999999993,0.0,5464.62,2.0999999999999996,2.05,2.15
2024-06-21,2024-06-17,2024-06-21,0786,dn,5340.0,5431.6,0.06999999999999992,0.0,5464.62,4.85,4.8,4.9
2024-06-21,2024-06-17,2024-06-21,0786,up,5525.0,5431.6,0.02999999999999998,0.0,5464.62,0.95,0.9,1.0
2024-06-21,2024-06-17,2024-06-21,100,dn,5315.0,5431.6,0.05,0.0,5464.62,3.3,3.2,3.4
2024-06-21,2024-06-17,2024-06-21,100,up,5550.0,5431.6,0.009999999999999986,0.0,5464.62,0.475,0.45,0.5
2024-06-28,2024-06-24,2024-06-28,trigger,dn,5435.0,5464.62,0.21999999999999992,0.0,5460.48,11.7,11.6,11.8
2024-06-28,2024-06-24,2024-06-28,trigger,up,5490.0,5464.62,0.4799999999999997,0.0,5460.48,24.1,24.0,24.2
2024-06-28,2024-06-24,2024-06-28,0382,dn,5420.0,5464.62,0.15999999999999978,0.0,5460.48,8.6,8.5,8.7
2024-06-28,2024-06-24,2024-06-28,0382,up,5510.0,5464.62,0.36999999999999994,0.0,5460.48,15.35,15.2,15.5
2024-06-28,2024-06-24,2024-06-28,0618,dn,5395.0,5464.62,0.1,0.0,5460.48,5.1,5.0,5.2
2024-06-28,2024-06-24,2024-06-28,0618,up,5535.0,5464.62,0.21999999999999992,0.0,5460.48,7.5,7.4,7.6
2024-06-28,2024-06-24,2024-06-28,0786,dn,5375.0,5464.62,0.06499999999999986,0.0,5460.48,3.3499999999999996,3.3,3.4
2024-06-28,2024-06-24,2024-06-28,0786,up,5555.0,5464.62,0.13000000000000006,0.0,5460.48,3.6500000000000004,3.6,3.7
2024-06-28,2024-06-24,2024-06-28,100,dn,5350.0,5464.62,0.03499999999999996,0.0,5460.48,2.025,2.0,2.05
2024-06-28,2024-06-24,2024-06-28,100,up,5580.0,5464.62,0.05,0.0,5460.48,1.25,1.2,1.3
2024-07-05,2024-07-01,2024-07-05,trigger,dn,5435.0,5460.48,0.13999999999999985,0.0,5567.19,11.5,7.5,15.5
2024-07-05,2024-07-01,2024-07-05,trigger,up,5485.0,5460.48,0.35,1.0,5567.19,18.85,17.2,20.5
2024-07-05,2024-07-01,2024-07-05,0382,dn,5415.0,5460.48,0.07999999999999989,0.0,5567.19,7.45,3.9,11.0
2024-07-05,2024-07-01,2024-07-05,0382,up,5505.0,5460.48,0.3400000000000006,1.0,5567.19,12.100000000000001,8.1,16.1
2024-07-05,2024-07-01,2024-07-05,0618,dn,5390.0,5460.48,0.2549999999999999,0.0,5567.19,5.1,3.0,7.2
2024-07-05,2024-07-01,2024-07-05,0618,up,5530.0,5460.48,0.175,1.0,5567.19,5.15,1.9,8.4
2024-07-05,2024-07-01,2024-07-05,0786,dn,5370.0,5460.48,0.05999999999999996,0.0,5567.19,2.675,1.95,3.4
2024-07-05,2024-07-01,2024-07-05,0786,up,5550.0,5460.48,0.13000000000000006,1.0,5567.19,2.75,2.2,3.3
2024-07-05,2024-07-01,2024-07-05,100,dn,5345.0,5460.48,0.030000000000000027,0.0,5567.19,1.55,1.5,1.6
2024-07-05,2024-07-01,2024-07-05,100,up,5575.0,5460.48,0.039999999999999994,0.0,5567.19,0.8999999999999999,0.85,0.95
2024-07-12,2024-07-08,2024-07-12,trigger,dn,5540.0,5567.19,0.23000000000000007,0.0,5615.35,11.9,11.8,12.0
2024-07-12,2024-07-08,2024-07-12,trigger,up,5595.0,5567.19,0.45,1.0,5615.35,21.700000000000003,21.6,21.8
2024-07-12,2024-07-08,2024-07-12,0382,dn,5525.0,5567.19,0.1700000000000001,0.0,5615.35,8.8,8.7,8.9
2024-07-12,2024-07-08,2024-07-12,0382,up,5610.0,5567.19,0.36000000000000015,1.0,5615.35,15.4,15.3,15.5
2024-07-12,2024-07-08,2024-07-12,0618,dn,5495.0,5567.19,0.1,0.0,5615.35,4.85,4.8,4.9
2024-07-12,2024-07-08,2024-07-12,0786,dn,5475.0,5567.19,0.05,0.0,5615.35,3.3,3.2,3.4
2024-07-12,2024-07-08,2024-07-12,100,dn,5455.0,5567.19,0.029999999999999895,0.0,5615.35,2.3499999999999996,2.3,2.4
2024-07-19,2024-07-15,2024-07-19,trigger,dn,5590.0,5615.35,0.2,1.0,5505.0,10.3,10.2,10.4
2024-07-19,2024-07-15,2024-07-19,trigger,up,5640.0,5615.35,0.5200000000000002,0.0,5505.0,29.25,29.1,29.4
2024-07-19,2024-07-15,2024-07-19,0382,dn,5570.0,5615.35,0.1400000000000002,1.0,5505.0,6.9,6.8,7.0
2024-07-19,2024-07-15,2024-07-19,0382,up,5660.0,5615.35,0.4,0.0,5505.0,19.75,19.6,19.9
2024-07-19,2024-07-15,2024-07-19,0618,dn,5545.0,5615.35,0.07999999999999989,1.0,5505.0,4.199999999999999,4.1,4.3
2024-07-19,2024-07-15,2024-07-19,0618,up,5685.0,5615.35,0.2599999999999998,0.0,5505.0,11.1,11.0,11.2
2024-07-19,2024-07-15,2024-07-19,0786,dn,5525.0,5615.35,0.05,1.0,5505.0,2.9000000000000004,2.85,2.95
2024-07-19,2024-07-15,2024-07-19,0786,up,5705.0,5615.35,0.16000000000000014,0.0,5505.0,6.5,6.4,6.6
2024-07-19,2024-07-15,2024-07-19,100,dn,5500.0,5615.35,0.02999999999999998,0.0,5505.0,1.95,1.9,2.0
2024-07-19,2024-07-15,2024-07-19,100,up,5730.0,5615.35,0.08999999999999994,0.0,5505.0,3.1,3.0,3.2
2024-07-26,2024-07-22,2024-07-26,trigger,dn,5475.0,5505.0,0.18000000000000008,1.0,5459.1,11.4,11.3,11.5
2024-07-26,2024-07-22,2024-07-26,trigger,up,5535.0,5505.0,0.6,0.0,5459.1,43.05,42.9,43.2
2024-07-26,2024-07-22,2024-07-26,0382,dn,5460.0,5505.0,0.16000000000000014,0.0,5459.1,8.9,8.8,9.0
2024-07-26,2024-07-22,2024-07-26,0382,up,5550.0,5505.0,0.5199999999999989,0.0,5459.1,34.55,34.4,34.7
2024-07-26,2024-07-22,2024-07-26,0618,dn,5435.0,5505.0,0.1,0.0,5459.1,5.800000000000001,5.7,5.9
2024-07-26,2024-07-22,2024-07-26,0618,up,5575.0,5505.0,0.4099999999999994,0.0,5459.1,22.65,22.5,22.8
2024-07-26,2024-07-22,2024-07-26,0786,dn,5415.0,5505.0,0.06999999999999992,0.0,5459.1,4.1,4.0,4.2
2024-07-26,2024-07-22,2024-07-26,0786,up,5595.0,5505.0,0.3099999999999998,0.0,5459.1,15.2,15.1,15.3
2024-07-26,2024-07-22,2024-07-26,100,dn,5390.0,5505.0,0.040000000000000036,0.0,5459.1,2.7,2.65,2.75
2024-07-26,2024-07-22,2024-07-26,100,up,5620.0,5505.0,0.2,0.0,5459.1,8.5,8.4,8.6
2024-08-02,2024-07-29,2024-08-02,trigger,dn,5430.0,5459.1,0.28999999999999915,1.0,5346.56,26.15,26.0,26.3
2024-08-02,2024-07-29,2024-08-02,trigger,up,5490.0,5459.1,0.5199999999999989,0.0,5346.56,47.0,46.8,47.2
2024-08-02,2024-07-29,2024-08-02,0382,dn,5410.0,5459.1,0.25,1.0,5346.56,20.700000000000003,20.6,20.8
2024-08-02,2024-07-29,2024-08-02,0382,up,5505.0,5459.1,0.48000000000000115,0.0,5346.56,39.400000000000006,39.2,39.6
2024-08-02,2024-07-29,2024-08-02,0618,dn,5385.0,5459.1,0.19000000000000022,1.0,5346.56,15.15,15.0,15.3
2024-08-02,2024-07-29,2024-08-02,0618,up,5535.0,5459.1,0.3700000000000003,0.0,5346.56,26.25,26.1,26.4
2024-08-02,2024-07-29,2024-08-02,0786,dn,5365.0,5459.1,0.15,1.0,5346.56,11.65,11.5,11.8
2024-08-02,2024-07-29,2024-08-02,0786,up,5555.0,5459.1,0.31999999999999884,0.0,5346.56,19.299999999999997,19.2,19.4
2024-08-02,2024-07-29,2024-08-02,100,dn,5335.0,5459.1,0.11999999999999993,0.0,5346.56,7.699999999999999,7.6,7.8
2024-08-02,2024-07-29,2024-08-02,100,up,5580.0,5459.1,0.23000000000000007,0.0,5346.56,12.35,12.2,12.5
2024-08-09,2024-08-05,2024-08-09,trigger,dn,5315.0,5346.56,0.7199999999999989,0.0,5344.16,158.7,134.7,182.7
2024-08-09,2024-08-05,2024-08-09,trigger,up,5380.0,5346.56,0.0,0.0,5344.16,15.0,0.0,30.0
2024-08-09,2024-08-05,2024-08-09,0382,dn,5295.0,5346.56,0.5400000000000034,0.0,5344.16,144.8,120.8,168.8
2024-08-09,2024-08-05,2024-08-09,0382,up,5395.0,5346.56,1.6799999999999997,0.0,5344.16,15.6,1.2,30.0
2024-08-09,2024-08-05,2024-08-09,0618,dn,5265.0,5346.56,0.5599999999999966,0.0,5344.16,128.1,104.1,152.1
2024-08-09,2024-08-05,2024-08-09,0618,up,5430.0,5346.56,0.225,0.0,5344.16,4.475,2.45,6.5
2024-08-09,2024-08-05,2024-08-09,0786,dn,5240.0,5346.56,0.48000000000000115,0.0,5344.16,110.7,95.7,125.7
2024-08-09,2024-08-05,2024-08-09,0786,up,5450.0,5346.56,0.015000000000000036,0.0,5344.16,2.575,0.25,4.9
2024-08-09,2024-08-05,2024-08-09,100,dn,5215.0,5346.56,0.3400000000000006,0.0,5344.16,103.5,88.5,118.5
2024-08-09,2024-08-05,2024-08-09,100,up,5480.0,5346.56,-0.075,0.0,5344.16,1.9,0.0,3.8
2024-08-16,2024-08-12,2024-08-16,trigger,dn,5310.0,5344.16,0.36000000000000226,0.0,5554.25,44.400000000000006,44.1,44.7
2024-08-16,2024-08-12,2024-08-16,trigger,up,5375.0,5344.16,0.4299999999999997,1.0,5554.25,29.95,29.7,30.2
2024-08-16,2024-08-12,2024-08-16,0382,dn,5290.0,5344.16,0.3,0.0,5554.25,37.400000000000006,37.1,37.7
2024-08-16,2024-08-12,2024-08-16,0382,up,5400.0,5344.16,0.3300000000000004,1.0,5554.25,20.3,20.1,20.5
2024-08-16,2024-08-12,2024-08-16,0618,dn,5255.0,5344.16,0.23000000000000043,0.0,5554.25,27.35,27.1,27.6
2024-08-16,2024-08-12,2024-08-16,0618,up,5430.0,5344.16,0.21999999999999992,1.0,5554.25,11.65,11.5,11.8
2024-08-16,2024-08-12,2024-08-16,0786,dn,5235.0,5344.16,0.22000000000000028,0.0,5554.25,22.8,22.6,23.0
2024-08-16,2024-08-12,2024-08-16,0786,up,5455.0,5344.16,0.15,1.0,5554.25,6.75,6.6,6.9
2024-08-16,2024-08-12,2024-08-16,100,dn,5205.0,5344.16,0.16000000000000014,0.0,5554.25,17.1,16.9,17.3
2024-08-16,2024-08-12,2024-08-16,100,up,5485.0,5344.16,0.075,1.0,5554.25,3.2,3.1,3.3
2024-08-23,2024-08-19,2024-08-23,trigger,dn,5520.0,5554.25,0.24000000000000057,0.0,5634.61,17.200000000000003,17.1,17.3
2024-08-23,2024-08-19,2024-08-23,trigger,up,5590.0,5554.25,0.41000000000000086,1.0,5634.61,21.450000000000003,21.3,21.6
2024-08-23,2024-08-19,2024-08-23,0382,dn,5500.0,5554.25,0.2,0.0,5634.61,12.7,12.6,12.8
2024-08-23,2024-08-19,2024-08-23,0382,up,5610.0,5554.25,0.31999999999999995,1.0,5634.61,13.9,13.8,14.0
2024-08-23,2024-08-19,2024-08-23,0618,dn,5465.0,5554.25,0.12000000000000029,0.0,5634.61,7.300000000000001,7.2,7.4
2024-08-23,2024-08-19,2024-08-23,0618,up,5645.0,5554.25,0.16000000000000014,0.0,5634.61,5.300000000000001,5.2,5.4
2024-08-23,2024-08-19,2024-08-23,0786,dn,5440.0,5554.25,0.07999999999999989,0.0,5634.61,4.85,4.8,4.9
2024-08-23,2024-08-19,2024-08-23,0786,up,5670.0,5554.25,0.07999999999999993,0.0,5634.61,2.3499999999999996,2.3,2.4
2024-08-23,2024-08-19,2024-08-23,100,dn,5405.0,5554.25,0.040000000000000036,0.0,5634.61,2.8,2.75,2.85
2024-08-23,2024-08-19,2024-08-23,100,up,5700.0,5554.25,0.020000000000000018,0.0,5634.61,0.8500000000000001,0.8,0.9
2024-08-30,2024-08-26,2024-08-30,trigger,dn,5600.0,5634.61,0.26999999999999885,0.0,5648.4,19.799999999999997,19.7,19.9
2024-08-30,2024-08-26,2024-08-30,trigger,up,5670.0,5634.61,0.4299999999999997,0.0,5648.4,25.15,25.0,25.3
2024-08-30,2024-08-26,2024-08-30,0382,dn,5580.0,5634.61,0.22000000000000028,0.0,5648.4,14.8,14.7,14.9
2024-08-30,2024-08-26,2024-08-30,0382,up,5690.0,5634.61,0.3399999999999995,0.0,5648.4,17.299999999999997,17.2,17.4
2024-08-30,2024-08-26,2024-08-30,0618,dn,5545.0,5634.61,0.13999999999999985,0.0,5648.4,8.6,8.5,8.7
2024-08-30,2024-08-26,2024-08-30,0618,up,5725.0,5634.61,0.18000000000000008,0.0,5648.4,7.6,7.5,7.7
2024-08-30,2024-08-26,2024-08-30,0786,dn,5520.0,5634.61,0.08999999999999986,0.0,5648.4,5.699999999999999,5.6,5.8
2024-08-30,2024-08-26,2024-08-30,0786,up,5745.0,5634.61,0.1200000000000001,0.0,5648.4,4.4,4.3,4.5
2024-08-30,2024-08-26,2024-08-30,100,dn,5490.0,5634.61,0.05,0.0,5648.4,3.5,3.4,3.6
2024-08-30,2024-08-26,2024-08-30,100,up,5780.0,5634.61,0.039999999999999994,0.0,5648.4,1.5,1.45,1.55
2024-09-06,2024-09-03,2024-09-06,trigger,dn,5615.0,5648.4,0.48000000000000115,1.0,5408.42,44.75,43.7,45.8
2024-09-06,2024-09-03,2024-09-06,trigger,up,5680.0,5648.4,0.22000000000000028,0.0,5408.42,9.75,9.2,10.3
2024-09-06,2024-09-03,2024-09-06,0382,dn,5595.0,5648.4,0.28999999999999915,1.0,5408.42,34.9,33.3,36.5
2024-09-06,2024-09-03,2024-09-06,0382,up,5700.0,5648.4,0.030000000000000072,0.0,5408.42,5.25,4.5,6.0
2024-09-06,2024-09-03,2024-09-06,0618,dn,5560.0,5648.4,0.3,1.0,5408.42,22.8,22.0,23.6
2024-09-06,2024-09-03,2024-09-06,0618,up,5735.0,5648.4,0.07499999999999996,0.0,5408.42,2.0749999999999997,0.85,3.3
2024-09-06,2024-09-03,2024-09-06,0786,dn,5540.0,5648.4,0.23999999999999985,1.0,5408.42,17.3,16.6,18.0
2024-09-06,2024-09-03,2024-09-06,100,dn,5510.0,5648.4,0.16000000000000014,1.0,5408.42,11.0,10.4,11.6
2024-09-13,2024-09-09,2024-09-13,trigger,dn,5375.0,5408.42,0.2,0.0,5626.02,20.049999999999997,19.9,20.2
2024-09-13,2024-09-09,2024-09-13,trigger,up,5445.0,5408.42,0.6099999999999994,1.0,5626.02,59.3,59.1,59.5
2024-09-13,2024-09-09,2024-09-13,0382,dn,5350.0,5408.42,0.15999999999999978,0.0,5626.02,15.35,15.2,15.5
2024-09-13,2024-09-09,2024-09-13,0382,up,5465.0,5408.42,0.5599999999999994,1.0,5626.02,47.5,47.3,47.7
2024-09-13,2024-09-09,2024-09-13,0618,dn,5315.0,5408.42,0.11999999999999958,0.0,5626.02,10.45,10.3,10.6
2024-09-13,2024-09-09,2024-09-13,0618,up,5500.0,5408.42,0.42000000000000026,1.0,5626.02,29.9,29.7,30.1
2024-09-13,2024-09-09,2024-09-13,0786,dn,5295.0,5408.42,0.1,0.0,5626.02,8.3,8.2,8.4
2024-09-13,2024-09-09,2024-09-13,0786,up,5525.0,5408.42,0.3400000000000006,1.0,5626.02,19.950000000000003,19.8,20.1
2024-09-13,2024-09-09,2024-09-13,100,dn,5260.0,5408.42,0.05999999999999979,0.0,5626.02,5.6,5.5,5.7
2024-09-13,2024-09-09,2024-09-13,100,up,5555.0,5408.42,0.2400000000000002,1.0,5626.02,11.15,11.0,11.3
2024-09-20,2024-09-16,2024-09-20,trigger,dn,5590.0,5626.02,0.28999999999999915,0.0,5702.55,27.15,27.0,27.3
2024-09-20,2024-09-16,2024-09-20,trigger,up,5660.0,5626.02,0.46000000000000013,1.0,5702.55,30.1,29.9,30.3
2024-09-20,2024-09-16,2024-09-20,0382,dn,5570.0,5626.02,0.21999999999999886,0.0,5702.55,21.799999999999997,21.7,21.9
2024-09-20,2024-09-16,2024-09-20,0382,up,5685.0,5626.02,0.35999999999999943,1.0,5702.55,19.65,19.5,19.8
2024-09-20,2024-09-16,2024-09-20,0618,dn,5530.0,5626.02,0.15999999999999978,0.0,5702.55,14.1,14.0,14.2
2024-09-20,2024-09-16,2024-09-20,0618,up,5720.0,5626.02,0.21000000000000013,0.0,5702.55,9.3,9.2,9.4
2024-09-20,2024-09-16,2024-09-20,0786,dn,5505.0,5626.02,0.11999999999999993,0.0,5702.55,10.7,10.6,10.8
2024-09-20,2024-09-16,2024-09-20,0786,up,5745.0,5626.02,0.12999999999999973,0.0,5702.55,4.949999999999999,4.8,5.1
2024-09-20,2024-09-16,2024-09-20,100,dn,5475.0,5626.02,0.07999999999999971,0.0,5702.55,7.699999999999999,7.6,7.8
2024-09-20,2024-09-16,2024-09-20,100,up,5780.0,5626.02,0.05,0.0,5702.55,1.95,1.9,2.0
2024-09-27,2024-09-23,2024-09-27,trigger,dn,5665.0,5702.55,0.21999999999999992,0.0,5738.17,14.95,14.8,15.1
2024-09-27,2024-09-23,2024-09-27,trigger,up,5740.0,5702.55,0.4,0.0,5738.17,18.15,18.0,18.3
2024-09-27,2024-09-23,2024-09-27,0382,dn,5645.0,5702.55,0.15999999999999978,0.0,5738.17,11.1,11.0,11.2
2024-09-27,2024-09-23,2024-09-27,0382,up,5760.0,5702.55,0.2800000000000001,0.0,5738.17,11.1,11.0,11.2
2024-09-27,2024-09-23,2024-09-27,0618,dn,5610.0,5702.55,0.1,0.0,5738.17,6.5,6.4,6.6
2024-09-27,2024-09-23,2024-09-27,0618,up,5795.0,5702.55,0.12000000000000002,0.0,5738.17,4.0,3.9,4.1
2024-09-27,2024-09-23,2024-09-27,0786,dn,5585.0,5702.55,0.0700000000000001,0.0,5738.17,4.45,4.4,4.5
2024-09-27,2024-09-23,2024-09-27,0786,up,5820.0,5702.55,0.05500000000000003,0.0,5738.17,1.8,1.75,1.85
2024-09-27,2024-09-23,2024-09-27,100,dn,5550.0,5702.55,0.040000000000000036,0.0,5738.17,2.7,2.65,2.75
2024-09-27,2024-09-23,2024-09-27,100,up,5855.0,5702.55,0.010000000000000009,0.0,5738.17,0.55,0.5,0.6
2024-10-04,2024-09-30,2024-10-04,trigger,dn,5705.0,5738.17,0.3400000000000006,0.0,5751.07,32.45,32.3,32.6
2024-10-04,2024-09-30,2024-10-04,trigger,up,5775.0,5738.17,0.3700000000000003,0.0,5751.07,22.4,22.3,22.5
2024-10-04,2024-09-30,2024-10-04,0382,dn,5685.0,5738.17,0.2799999999999997,0.0,5751.07,26.15,26.0,26.3
2024-10-04,2024-09-30,2024-10-04,0382,up,5795.0,5738.17,0.31000000000000016,0.0,5751.07,15.3,15.2,15.4
2024-10-04,2024-09-30,2024-10-04,0618,dn,5650.0,5738.17,0.20999999999999944,0.0,5751.07,17.5,17.4,17.6
2024-10-04,2024-09-30,2024-10-04,0618,up,5830.0,5738.17,0.16999999999999993,0.0,5751.07,6.6,6.5,6.7
2024-10-04,2024-09-30,2024-10-04,0786,dn,5625.0,5738.17,0.16000000000000014,0.0,5751.07,12.9,12.8,13.0
2024-10-04,2024-09-30,2024-10-04,0786,up,5855.0,5738.17,0.09000000000000004,0.0,5751.07,3.1500000000000004,3.1,3.2
2024-10-04,2024-09-30,2024-10-04,100,dn,5595.0,5738.17,0.11999999999999993,0.0,5751.07,8.7,8.6,8.8
2024-10-04,2024-09-30,2024-10-04,100,up,5885.0,5738.17,0.03500000000000001,0.0,5751.07,1.2,1.15,1.25
2024-10-11,2024-10-07,2024-10-11,trigger,dn,5720.0,5751.07,0.3799999999999997,0.0,5815.03,38.05,37.9,38.2
2024-10-11,2024-10-07,2024-10-11,trigger,up,5785.0,5751.07,0.33999999999999914,1.0,5815.03,17.799999999999997,17.7,17.9
2024-10-11,2024-10-07,2024-10-11,0382,dn,5695.0,5751.07,0.3,0.0,5815.03,29.35,29.2,29.5
2024-10-11,2024-10-07,2024-10-11,0382,up,5805.0,5751.07,0.2700000000000003,1.0,5815.03,11.55,11.4,11.7
2024-10-11,2024-10-07,2024-10-11,0618,dn,5665.0,5751.07,0.22000000000000028,0.0,5815.03,21.25,21.1,21.4
2024-10-11,2024-10-07,2024-10-11,0618,up,5840.0,5751.07,0.14000000000000004,0.0,5815.03,4.5,4.4,4.6
2024-10-11,2024-10-07,2024-10-11,0786,dn,5640.0,5751.07,0.16999999999999993,0.0,5815.03,16.25,16.1,16.4
2024-10-11,2024-10-07,2024-10-11,100,dn,5610.0,5751.07,0.12000000000000029,0.0,5815.03,11.8,11.7,11.9
2024-10-18,2024-10-14,2024-10-18,trigger,dn,5780.0,5815.03,0.15,0.0,5864.67,11.35,11.2,11.5
2024-10-18,2024-10-14,2024-10-18,trigger,up,5850.0,5815.03,0.5799999999999997,1.0,5864.67,34.55,34.4,34.7
2024-10-18,2024-10-14,2024-10-18,0382,dn,5760.0,5815.03,0.1,0.0,5864.67,8.8,8.7,8.9
2024-10-18,2024-10-14,2024-10-18,0382,up,5870.0,5815.03,0.4599999999999994,0.0,5864.67,23.75,23.6,23.9
2024-10-18,2024-10-14,2024-10-18,0618,dn,5730.0,5815.03,0.05999999999999979,0.0,5864.67,6.1,6.0,6.2
2024-10-18,2024-10-14,2024-10-18,0618,up,5900.0,5815.03,0.28999999999999987,0.0,5864.67,12.0,11.9,12.1
2024-10-18,2024-10-14,2024-10-18,0786,dn,5705.0,5815.03,0.040000000000000036,0.0,5864.67,4.65,4.6,4.7
2024-10-18,2024-10-14,2024-10-18,0786,up,5925.0,5815.03,0.16999999999999993,0.0,5864.67,6.1,6.0,6.2
2024-10-18,2024-10-14,2024-10-18,100,dn,5675.0,5815.03,0.030000000000000072,0.0,5864.67,3.45,3.4,3.5
2024-10-18,2024-10-14,2024-10-18,100,up,5955.0,5815.03,0.0750000000000001,0.0,5864.67,2.4000000000000004,2.35,2.45
2024-10-25,2024-10-21,2024-10-25,trigger,dn,5830.0,5864.67,0.2600000000000001,1.0,5808.12,16.6,16.5,16.7
2024-10-25,2024-10-21,2024-10-25,trigger,up,5895.0,5864.67,0.36000000000000015,0.0,5808.12,14.0,13.9,14.1
2024-10-25,2024-10-21,2024-10-25,0382,dn,5815.0,5864.67,0.2,1.0,5808.12,13.0,12.9,13.1
2024-10-25,2024-10-21,2024-10-25,0382,up,5915.0,5864.67,0.22000000000000028,0.0,5808.12,7.800000000000001,7.7,7.9
2024-10-25,2024-10-21,2024-10-25,0618,dn,5780.0,5864.67,0.12000000000000029,0.0,5808.12,7.300000000000001,7.2,7.4
2024-10-25,2024-10-21,2024-10-25,0618,up,5950.0,5864.67,0.08000000000000007,0.0,5808.12,2.1500000000000004,2.1,2.2
2024-10-25,2024-10-21,2024-10-25,0786,dn,5755.0,5864.67,0.08000000000000007,0.0,5808.12,4.9,4.8,5.0
2024-10-25,2024-10-21,2024-10-25,0786,up,5970.0,5864.67,0.03499999999999999,0.0,5808.12,0.95,0.9,1.0
2024-10-25,2024-10-21,2024-10-25,100,dn,5730.0,5864.67,0.04999999999999991,0.0,5808.12,3.3499999999999996,3.3,3.4
2024-10-25,2024-10-21,2024-10-25,100,up,6000.0,5864.67,0.01499999999999999,0.0,5808.12,0.32499999999999996,0.3,0.35
2024-11-01,2024-10-28,2024-11-01,trigger,dn,5775.0,5808.12,0.24000000000000057,1.0,5728.8,20.6,20.5,20.7
2024-11-01,2024-10-28,2024-11-01,trigger,up,5840.0,5808.12,0.5399999999999991,0.0,5728.8,41.15,41.0,41.3
2024-11-01,2024-10-28,2024-11-01,0382,dn,5755.0,5808.12,0.18000000000000044,1.0,5728.8,16.1,16.0,16.2
2024-11-01,2024-10-28,2024-11-01,0382,up,5860.0,5808.12,0.4599999999999994,0.0,5728.8,30.9,30.8,31.0
2024-11-01,2024-10-28,2024-11-01,0618,dn,5725.0,5808.12,0.12999999999999973,0.0,5728.8,11.0,10.9,11.1
2024-11-01,2024-10-28,2024-11-01,0618,up,5890.0,5808.12,0.35,0.0,5728.8,18.549999999999997,18.4,18.7
2024-11-01,2024-10-28,2024-11-01,0786,dn,5705.0,5808.12,0.11999999999999993,0.0,5728.8,8.5,8.4,8.6
2024-11-01,2024-10-28,2024-11-01,0786,up,5915.0,5808.12,0.23999999999999985,0.0,5728.8,11.1,11.0,11.2
2024-11-01,2024-10-28,2024-11-01,100,dn,5675.0,5808.12,0.06999999999999992,0.0,5728.8,5.6,5.5,5.7
2024-11-01,2024-10-28,2024-11-01,100,up,5940.0,5808.12,0.14999999999999983,0.0,5728.8,6.05,6.0,6.1
2024-11-08,2024-11-04,2024-11-08,trigger,dn,5695.0,5728.8,0.3699999999999989,0.0,5995.54,55.099999999999994,51.4,58.8
2024-11-08,2024-11-04,2024-11-08,trigger,up,5760.0,5728.8,0.6900000000000006,1.0,5995.54,59.85,56.2,63.5
2024-11-08,2024-11-04,2024-11-08,0382,dn,5675.0,5728.8,0.05999999999999943,0.0,5995.54,47.2,45.3,49.1
2024-11-08,2024-11-04,2024-11-08,0382,up,5780.0,5728.8,0.48000000000000115,1.0,5995.54,49.900000000000006,46.1,53.7
2024-11-08,2024-11-04,2024-11-08,0618,dn,5645.0,5728.8,0.28000000000000114,0.0,5995.54,39.150000000000006,35.7,42.6
2024-11-08,2024-11-04,2024-11-08,0618,up,5810.0,5728.8,0.12000000000000029,1.0,5995.54,35.2,33.3,37.1
2024-11-08,2024-11-04,2024-11-08,0786,dn,5625.0,5728.8,0.009999999999999431,0.0,5995.54,32.65,30.8,34.5
2024-11-08,2024-11-04,2024-11-08,0786,up,5835.0,5728.8,0.3799999999999997,1.0,5995.54,27.4,24.2,30.6
2024-11-08,2024-11-04,2024-11-08,100,dn,5595.0,5728.8,0.20999999999999944,0.0,5995.54,26.9,23.7,30.1
2024-11-08,2024-11-04,2024-11-08,100,up,5865.0,5728.8,0.2600000000000001,1.0,5995.54,17.95,15.1,20.8
2024-11-15,2024-11-11,2024-11-15,trigger,dn,5960.0,5995.54,0.22000000000000028,1.0,5870.62,16.05,15.9,16.2
2024-11-15,2024-11-11,2024-11-15,trigger,up,6030.0,5995.54,0.42000000000000026,0.0,5870.62,24.35,24.2,24.5
2024-11-15,2024-11-11,2024-11-15,0382,dn,5940.0,5995.54,0.16999999999999993,1.0,5870.62,12.15,12.0,12.3
2024-11-15,2024-11-11,2024-11-15,0382,up,6050.0,5995.54,0.31999999999999956,0.0,5870.62,16.65,16.5,16.8
2024-11-15,2024-11-11,2024-11-15,0618,dn,5905.0,5995.54,0.1,1.0,5870.62,7.5,7.4,7.6
2024-11-15,2024-11-11,2024-11-15,0618,up,6085.0,5995.54,0.16999999999999993,0.0,5870.62,7.6,7.5,7.7
2024-11-15,2024-11-11,2024-11-15,0786,dn,5880.0,5995.54,0.060000000000000143,1.0,5870.62,5.4,5.3,5.5
2024-11-15,2024-11-11,2024-11-15,0786,up,6110.0,5995.54,0.1,0.0,5870.62,4.0,3.9,4.1
2024-11-15,2024-11-11,2024-11-15,100,dn,5850.0,5995.54,0.039999999999999945,0.0,5870.62,3.8,3.7,3.9
2024-11-15,2024-11-11,2024-11-15,100,up,6145.0,5995.54,0.039999999999999994,0.0,5870.62,1.55,1.5,1.6
2024-11-22,2024-11-18,2024-11-22,trigger,dn,5835.0,5870.62,0.3,0.0,5969.34,25.950000000000003,25.8,26.1
2024-11-22,2024-11-18,2024-11-22,trigger,up,5905.0,5870.62,0.4299999999999997,1.0,5969.34,26.549999999999997,26.4,26.7
2024-11-22,2024-11-18,2024-11-22,0382,dn,5815.0,5870.62,0.25,0.0,5969.34,20.35,20.2,20.5
2024-11-22,2024-11-18,2024-11-22,0382,up,5930.0,5870.62,0.31999999999999956,1.0,5969.34,16.9,16.8,17.0
2024-11-22,2024-11-18,2024-11-22,0618,dn,5780.0,5870.62,0.18000000000000008,0.0,5969.34,13.0,12.9,13.1
2024-11-22,2024-11-18,2024-11-22,0618,up,5965.0,5870.62,0.17999999999999972,1.0,5969.34,7.699999999999999,7.6,7.8
2024-11-22,2024-11-18,2024-11-22,0786,dn,5755.0,5870.62,0.13000000000000042,0.0,5969.34,9.3,9.2,9.4
2024-11-22,2024-11-18,2024-11-22,0786,up,5990.0,5870.62,0.11000000000000006,0.0,5969.34,3.95,3.9,4.0
2024-11-22,2024-11-18,2024-11-22,100,dn,5720.0,5870.62,0.07999999999999971,0.0,5969.34,5.699999999999999,5.6,5.8
2024-11-22,2024-11-18,2024-11-22,100,up,6020.0,5870.62,0.039999999999999994,0.0,5969.34,1.65,1.6,1.7
2024-11-29,2024-11-25,2024-11-29,trigger,dn,5935.0,5969.34,0.11000000000000014,0.0,6032.38,6.4,6.3,6.5
2024-11-29,2024-11-25,2024-11-29,trigger,up,6005.0,5969.34,0.55,1.0,6032.38,27.35,27.2,27.5
2024-11-29,2024-11-25,2024-11-29,0382,dn,5915.0,5969.34,0.08000000000000007,0.0,6032.38,4.5,4.4,4.6
2024-11-29,2024-11-25,2024-11-29,0382,up,6025.0,5969.34,0.4000000000000007,1.0,6032.38,17.450000000000003,17.3,17.6
2024-11-29,2024-11-25,2024-11-29,0618,dn,5880.0,5969.34,0.03500000000000005,0.0,6032.38,2.525,2.5,2.55
2024-11-29,2024-11-25,2024-11-29,0618,up,6060.0,5969.34,0.16999999999999993,0.0,6032.38,6.75,6.6,6.9
2024-11-29,2024-11-25,2024-11-29,0786,dn,5855.0,5969.34,0.020000000000000018,0.0,6032.38,1.8,1.75,1.85
2024-11-29,2024-11-25,2024-11-29,0786,up,6085.0,5969.34,0.1,0.0,6032.38,3.2,3.1,3.3
2024-11-29,2024-11-25,2024-11-29,100,dn,5820.0,5969.34,0.010000000000000009,0.0,6032.38,1.25,1.2,1.3
2024-12-06,2024-12-02,2024-12-06,trigger,dn,6000.0,6032.38,0.25,0.0,6090.27,15.3,12.5,18.1
2024-12-06,2024-12-02,2024-12-06,trigger,up,6065.0,6032.38,0.41000000000000014,1.0,6090.27,19.5,16.5,22.5
2024-12-06,2024-12-02,2024-12-06,0382,dn,5980.0,6032.38,0.18999999999999986,0.0,6090.27,10.85,8.2,13.5
2024-12-06,2024-12-02,2024-12-06,0382,up,6085.0,6032.38,0.3099999999999998,1.0,6090.27,12.15,9.4,14.9
2024-12-06,2024-12-02,2024-12-06,0618,dn,5945.0,6032.38,0.010000000000000142,0.0,6090.27,5.65,3.5,7.8
2024-12-06,2024-12-02,2024-12-06,0618,up,6120.0,6032.38,0.029999999999999895,0.0,6090.27,4.3,2.1,6.5
2024-12-06,2024-12-02,2024-12-06,0786,dn,5920.0,6032.38,0.07000000000000002,0.0,6090.27,3.5500000000000003,2.7,4.4
2024-12-06,2024-12-02,2024-12-06,0786,up,6145.0,6032.38,0.06000000000000001,0.0,6090.27,1.675,1.55,1.8
2024-12-06,2024-12-02,2024-12-06,100,dn,5890.0,6032.38,0.03499999999999996,0.0,6090.27,2.025,1.9,2.15
2024-12-06,2024-12-02,2024-12-06,100,up,6175.0,6032.38,0.009999999999999998,0.0,6090.27,0.525,0.45,0.6
2024-12-13,2024-12-09,2024-12-13,trigger,dn,6060.0,6090.27,0.2800000000000001,1.0,6051.09,14.8,14.7,14.9
2024-12-13,2024-12-09,2024-12-13,trigger,up,6125.0,6090.27,0.2800000000000001,0.0,6051.09,9.3,9.2,9.4
2024-12-13,2024-12-09,2024-12-13,0382,dn,6040.0,6090.27,0.18999999999999986,0.0,6051.09,10.0,9.9,10.1
2024-12-13,2024-12-09,2024-12-13,0382,up,6145.0,6090.27,0.16999999999999993,0.0,6051.09,4.699999999999999,4.6,4.8
2024-12-13,2024-12-09,2024-12-13,0618,dn,6005.0,6090.27,0.09000000000000004,0.0,6051.09,5.0,4.9,5.1
2024-12-13,2024-12-09,2024-12-13,0618,up,6175.0,6090.27,0.05499999999999998,0.0,6051.09,1.35,1.3,1.4
2024-12-13,2024-12-09,2024-12-13,0786,dn,5985.0,6090.27,0.05,0.0,6051.09,3.45,3.4,3.5
2024-12-13,2024-12-09,2024-12-13,0786,up,6200.0,6090.27,0.01499999999999999,0.0,6051.09,0.475,0.45,0.5
2024-12-13,2024-12-09,2024-12-13,100,dn,5955.0,6090.27,0.030000000000000072,0.0,6051.09,2.1500000000000004,2.1,2.2
2024-12-13,2024-12-09,2024-12-13,100,up,6225.0,6090.27,0.0,0.0,6051.09,0.225,0.2,0.25
2024-12-20,2024-12-16,2024-12-20,trigger,dn,6020.0,6051.09,0.17999999999999972,1.0,5930.85,11.95,11.9,12.0
2024-12-20,2024-12-16,2024-12-20,trigger,up,6080.0,6051.09,0.5100000000000001,0.0,5930.85,26.05,26.0,26.1
2024-12-20,2024-12-16,2024-12-20,0382,dn,6000.0,6051.09,0.12000000000000029,1.0,5930.85,8.75,8.7,8.8
2024-12-20,2024-12-16,2024-12-20,0382,up,6100.0,6051.09,0.3799999999999997,0.0,5930.85,16.95,16.9,17.0
2024-12-20,2024-12-16,2024-12-20,0618,dn,5970.0,6051.09,0.08000000000000007,1.0,5930.85,5.65,5.6,5.7
2024-12-20,2024-12-16,2024-12-20,0618,up,6130.0,6051.09,0.21999999999999992,0.0,5930.85,7.85,7.8,7.9
2024-12-20,2024-12-16,2024-12-20,0786,dn,5950.0,6051.09,0.040000000000000036,1.0,5930.85,4.25,4.2,4.3
2024-12-20,2024-12-16,2024-12-20,0786,up,6155.0,6051.09,0.1200000000000001,0.0,5930.85,3.6500000000000004,3.6,3.7
2024-12-20,2024-12-16,2024-12-20,100,dn,5920.0,6051.09,0.040000000000000036,0.0,5930.85,2.975,2.95,3.0
2024-12-20,2024-12-16,2024-12-20,100,up,6185.0,6051.09,0.040000000000000036,0.0,5930.85,1.35,1.3,1.4
2024-12-27,2024-12-23,2024-12-27,trigger,dn,5900.0,5930.85,0.6400000000000006,0.0,5970.84,30.5,28.1,32.9
2024-12-27,2024-12-23,2024-12-27,trigger,up,5965.0,5930.85,0.33999999999999914,1.0,5970.84,23.9,20.5,27.3
2024-12-27,2024-12-23,2024-12-27,0382,dn,5875.0,5930.85,0.21000000000000013,0.0,5970.84,20.95,19.0,22.9
2024-12-27,2024-12-23,2024-12-27,0382,up,5985.0,5930.85,0.030000000000000072,0.0,5970.84,15.85,12.8,18.9
2024-12-27,2024-12-23,2024-12-27,0618,dn,5845.0,5930.85,0.18000000000000008,0.0,5970.84,15.25,13.4,17.1
2024-12-27,2024-12-23,2024-12-27,0618,up,6015.0,5930.85,0.24000000000000005,0.0,5970.84,7.75,7.1,8.4
2024-12-27,2024-12-23,2024-12-27,0786,dn,5820.0,5930.85,0.15,0.0,5970.84,13.05,10.0,16.1
2024-12-27,2024-12-23,2024-12-27,0786,up,6040.0,5930.85,0.1,0.0,5970.84,3.5,3.3,3.7
2024-12-27,2024-12-23,2024-12-27,100,dn,5790.0,5930.85,0.030000000000000072,0.0,5970.84,9.05,8.5,9.6
2024-12-27,2024-12-23,2024-12-27,100,up,6070.0,5930.85,0.03499999999999996,0.0,5970.84,1.275,1.15,1.4
2025-01-03,2024-12-30,2025-01-03,trigger,dn,5940.0,5970.84,0.6300000000000011,0.0,5942.47,77.4,75.2,79.6
2025-01-03,2024-12-30,2025-01-03,trigger,up,6005.0,5970.84,0.11000000000000014,0.0,5942.47,4.65,4.5,4.8
2025-01-03,2024-12-30,2025-01-03,0382,dn,5915.0,5970.84,0.5599999999999994,0.0,5942.47,62.15,61.4,62.9
2025-01-03,2024-12-30,2025-01-03,0382,up,6025.0,5970.84,0.0700000000000001,0.0,5942.47,2.7750000000000004,2.7,2.85
2025-01-03,2024-12-30,2025-01-03,0618,dn,5885.0,5970.84,0.45,0.0,5942.47,46.2,45.9,46.5
2025-01-03,2024-12-30,2025-01-03,0618,up,6060.0,5970.84,0.030000000000000027,0.0,5942.47,1.1,1.05,1.15
2025-01-03,2024-12-30,2025-01-03,0786,dn,5860.0,5970.84,0.3600000000000009,0.0,5942.47,35.45,35.1,35.8
2025-01-03,2024-12-30,2025-01-03,0786,up,6080.0,5970.84,0.009999999999999964,0.0,5942.47,0.6499999999999999,0.6,0.7
2025-01-03,2024-12-30,2025-01-03,100,dn,5830.0,5970.84,0.3,0.0,5942.47,25.25,25.0,25.5
2025-01-03,2024-12-30,2025-01-03,100,up,6110.0,5970.84,0.0,0.0,5942.47,0.3,0.25,0.35
2025-01-10,2025-01-06,2025-01-10,trigger,dn,5910.0,5942.47,0.12999999999999973,1.0,5827.04,9.7,9.5,9.9
2025-01-10,2025-01-06,2025-01-10,trigger,up,5975.0,5942.47,0.6599999999999995,0.0,5827.04,53.5,53.2,53.8
2025-01-10,2025-01-06,2025-01-10,0382,dn,5890.0,5942.47,0.1,1.0,5827.04,7.25,7.1,7.4
2025-01-10,2025-01-06,2025-01-10,0382,up,5995.0,5942.47,0.5800000000000012,0.0,5827.04,40.7,40.4,41.0
2025-01-10,2025-01-06,2025-01-10,0618,dn,5855.0,5942.47,0.060000000000000143,1.0,5827.04,4.4,4.3,4.5
2025-01-10,2025-01-06,2025-01-10,0618,up,6030.0,5942.47,0.44000000000000056,0.0,5827.04,22.35,22.1,22.6
2025-01-10,2025-01-06,2025-01-10,0786,dn,5830.0,5942.47,0.040000000000000036,1.0,5827.04,3.1,3.0,3.2
2025-01-10,2025-01-06,2025-01-10,0786,up,6055.0,5942.47,0.31000000000000016,0.0,5827.04,12.75,12.5,13.0
2025-01-10,2025-01-06,2025-01-10,100,dn,5800.0,5942.47,0.030000000000000027,0.0,5827.04,2.075,2.0,2.15
2025-01-10,2025-01-06,2025-01-10,100,up,6085.0,5942.47,0.18000000000000008,0.0,5827.04,5.35,5.2,5.5
2025-01-17,2025-01-13,2025-01-17,trigger,dn,5795.0,5827.04,0.4199999999999989,0.0,5996.66,49.5,49.3,49.7
2025-01-17,2025-01-13,2025-01-17,trigger,up,5860.0,5827.04,0.3600000000000009,1.0,5996.66,27.35,27.2,27.5
2025-01-17,2025-01-13,2025-01-17,0382,dn,5770.0,5827.04,0.35999999999999943,0.0,5996.66,39.55,39.4,39.7
2025-01-17,2025-01-13,2025-01-17,0382,up,5885.0,5827.04,0.3,1.0,5996.66,19.049999999999997,18.9,19.2
2025-01-17,2025-01-13,2025-01-17,0618,dn,5735.0,5827.04,0.2700000000000003,0.0,5996.66,28.25,28.1,28.4
2025-01-17,2025-01-13,2025-01-17,0618,up,5915.0,5827.04,0.2,1.0,5996.66,11.45,11.3,11.6
2025-01-17,2025-01-13,2025-01-17,0786,dn,5710.0,5827.04,0.22000000000000028,0.0,5996.66,21.950000000000003,21.8,22.1
2025-01-17,2025-01-13,2025-01-17,0786,up,5940.0,5827.04,0.1400000000000002,1.0,5996.66,7.050000000000001,6.9,7.2
2025-01-17,2025-01-13,2025-01-17,100,dn,5680.0,5827.04,0.16000000000000014,0.0,5996.66,16.05,15.9,16.2
2025-01-17,2025-01-13,2025-01-17,100,up,5975.0,5827.04,0.075,1.0,5996.66,3.25,3.2,3.3
2025-01-24,2025-01-21,2025-01-24,trigger,dn,5960.0,5996.66,0.18999999999999986,0.0,6101.24,12.7,12.6,12.8
2025-01-24,2025-01-21,2025-01-24,trigger,up,6035.0,5996.66,0.5,1.0,6101.24,31.3,31.1,31.5
2025-01-24,2025-01-21,2025-01-24,0382,dn,5940.0,5996.66,0.13000000000000006,0.0,6101.24,9.3,9.2,9.4
2025-01-24,2025-01-21,2025-01-24,0382,up,6055.0,5996.66,0.4,1.0,6101.24,21.8,21.6,22.0
2025-01-24,2025-01-21,2025-01-24,0618,dn,5900.0,5996.66,0.08000000000000007,0.0,6101.24,4.9,4.8,5.0
2025-01-24,2025-01-21,2025-01-24,0618,up,6090.0,5996.66,0.25,1.0,6101.24,10.1,10.0,10.2
2025-01-24,2025-01-21,2025-01-24,0786,dn,5875.0,5996.66,0.04499999999999993,0.0,6101.24,3.25,3.2,3.3
2025-01-24,2025-01-21,2025-01-24,100,dn,5845.0,5996.66,0.02999999999999998,0.0,6101.24,2.0,1.95,2.05
2025-01-31,2025-01-27,2025-01-31,trigger,dn,6065.0,6101.24,0.6199999999999989,1.0,6040.53,76.5,74.0,79.0
2025-01-31,2025-01-27,2025-01-31,trigger,up,6135.0,6101.24,0.11999999999999993,0.0,6040.53,5.949999999999999,5.8,6.1
2025-01-31,2025-01-27,2025-01-31,0382,dn,6045.0,6101.24,0.5299999999999983,1.0,6040.53,64.6,62.4,66.8
2025-01-31,2025-01-27,2025-01-31,0382,up,6160.0,6101.24,0.06999999999999992,0.0,6040.53,3.55,3.4,3.7
2025-01-31,2025-01-27,2025-01-31,0618,dn,6010.0,6101.24,0.4299999999999997,0.0,6040.53,47.5,47.1,47.9
2025-01-31,2025-01-27,2025-01-31,0618,up,6195.0,6101.24,0.039999999999999994,0.0,6040.53,1.75,1.7,1.8
2025-01-31,2025-01-27,2025-01-31,0786,dn,5980.0,6101.24,0.32999999999999974,0.0,6040.53,35.8,35.5,36.1
2025-01-31,2025-01-27,2025-01-31,0786,up,6220.0,6101.24,0.020000000000000018,0.0,6040.53,1.05,1.0,1.1
2025-01-31,2025-01-27,2025-01-31,100,dn,5950.0,6101.24,0.2699999999999996,0.0,6040.53,26.65,26.4,26.9
2025-01-31,2025-01-27,2025-01-31,100,up,6250.0,6101.24,0.010000000000000009,0.0,6040.53,0.55,0.5,0.6
2025-02-07,2025-02-03,2025-02-07,trigger,dn,6005.0,6040.53,0.65,0.0,6025.99,87.2,83.4,91.0
2025-02-07,2025-02-03,2025-02-07,trigger,up,6075.0,6040.53,0.4800000000000001,0.0,6025.99,9.0,7.5,10.5
2025-02-07,2025-02-03,2025-02-07,0382,dn,5985.0,6040.53,0.55,0.0,6025.99,75.4,71.8,79.0
2025-02-07,2025-02-03,2025-02-07,0382,up,6100.0,6040.53,-0.0700000000000001,0.0,6025.99,4.6,4.0,5.2
2025-02-07,2025-02-03,2025-02-07,0618,dn,5945.0,6040.53,0.43000000000000116,0.0,6025.99,54.2,49.7,58.7
2025-02-07,2025-02-03,2025-02-07,0618,up,6135.0,6040.53,0.04500000000000002,0.0,6025.99,2.375,2.1,2.65
2025-02-07,2025-02-03,2025-02-07,0786,dn,5920.0,6040.53,0.4,0.0,6025.99,43.95,39.6,48.3
2025-02-07,2025-02-03,2025-02-07,0786,up,6160.0,6040.53,0.030000000000000027,0.0,6025.99,1.425,1.3,1.55
2025-02-07,2025-02-03,2025-02-07,100,dn,5890.0,6040.53,0.2299999999999997,0.0,6025.99,33.55,29.5,37.6
2025-02-07,2025-02-03,2025-02-07,100,up,6190.0,6040.53,0.020000000000000018,0.0,6025.99,0.8,0.7,0.9
2025-02-14,2025-02-10,2025-02-14,trigger,dn,5990.0,6025.99,0.22000000000000028,0.0,6114.63,18.200000000000003,18.1,18.3
2025-02-14,2025-02-10,2025-02-14,trigger,up,6060.0,6025.99,0.55,1.0,6114.63,37.25,37.1,37.4
2025-02-14,2025-02-10,2025-02-14,0382,dn,5965.0,6025.99,0.16000000000000014,0.0,6114.63,13.3,13.2,13.4
2025-02-14,2025-02-10,2025-02-14,0382,up,6085.0,6025.99,0.4599999999999994,1.0,6114.63,24.5,24.4,24.6
2025-02-14,2025-02-10,2025-02-14,0618,dn,5930.0,6025.99,0.11999999999999993,0.0,6114.63,8.4,8.3,8.5
2025-02-14,2025-02-10,2025-02-14,0618,up,6120.0,6025.99,0.2800000000000001,0.0,6114.63,11.3,11.2,11.4
2025-02-14,2025-02-10,2025-02-14,0786,dn,5905.0,6025.99,0.08000000000000007,0.0,6114.63,5.95,5.9,6.0
2025-02-14,2025-02-10,2025-02-14,0786,up,6145.0,6025.99,0.16000000000000014,0.0,6114.63,5.4,5.3,5.5
2025-02-14,2025-02-10,2025-02-14,100,dn,5870.0,6025.99,0.05,0.0,6114.63,3.7,3.6,3.8
2025-02-14,2025-02-10,2025-02-14,100,up,6180.0,6025.99,0.05500000000000003,0.0,6114.63,1.55,1.5,1.6
2025-02-21,2025-02-18,2025-02-21,trigger,dn,6080.0,6114.63,0.21999999999999992,1.0,6013.13,15.85,15.7,16.0
2025-02-21,2025-02-18,2025-02-21,trigger,up,6150.0,6114.63,0.35999999999999976,0.0,6013.13,14.15,14.0,14.3
2025-02-21,2025-02-18,2025-02-21,0382,dn,6055.0,6114.63,0.15999999999999978,1.0,6013.13,10.95,10.8,11.1
2025-02-21,2025-02-18,2025-02-21,0382,up,6170.0,6114.63,0.2400000000000002,0.0,6013.13,7.800000000000001,7.7,7.9
2025-02-21,2025-02-18,2025-02-21,0618,dn,6020.0,6114.63,0.08000000000000007,1.0,6013.13,6.5,6.4,6.6
2025-02-21,2025-02-18,2025-02-21,0618,up,6210.0,6114.63,0.06500000000000003,0.0,6013.13,1.8250000000000002,1.8,1.85
2025-02-21,2025-02-18,2025-02-21,0786,dn,5995.0,6114.63,0.05999999999999979,0.0,6013.13,4.6,4.5,4.7
2025-02-21,2025-02-18,2025-02-21,0786,up,6235.0,6114.63,0.019999999999999973,0.0,6013.13,0.7,0.65,0.75
2025-02-21,2025-02-18,2025-02-21,100,dn,5965.0,6114.63,0.040000000000000036,0.0,6013.13,3.05,3.0,3.1
2025-02-21,2025-02-18,2025-02-21,100,up,6265.0,6114.63,0.010000000000000004,0.0,6013.13,0.275,0.25,0.3
2025-02-28,2025-02-24,2025-02-28,trigger,dn,5980.0,6013.13,0.3400000000000006,1.0,5954.5,39.7,39.5,39.9
2025-02-28,2025-02-24,2025-02-28,trigger,up,6050.0,6013.13,0.42000000000000026,0.0,5954.5,27.950000000000003,27.8,28.1
2025-02-28,2025-02-24,2025-02-28,0382,dn,5955.0,6013.13,0.2900000000000006,0.0,5954.5,31.6,31.5,31.7
2025-02-28,2025-02-24,2025-02-28,0382,up,6070.0,6013.13,0.33999999999999914,0.0,5954.5,20.049999999999997,19.9,20.2
2025-02-28,2025-02-24,2025-02-28,0618,dn,5920.0,6013.13,0.22000000000000028,0.0,5954.5,22.5,22.4,22.6
2025-02-28,2025-02-24,2025-02-28,0618,up,6105.0,6013.13,0.22000000000000028,0.0,5954.5,9.8,9.7,9.9
2025-02-28,2025-02-24,2025-02-28,0786,dn,5895.0,6013.13,0.16000000000000086,0.0,5954.5,17.450000000000003,17.3,17.6
2025-02-28,2025-02-24,2025-02-28,0786,up,6130.0,6013.13,0.13000000000000006,0.0,5954.5,5.15,5.0,5.3
2025-02-28,2025-02-24,2025-02-28,100,dn,5865.0,6013.13,0.13000000000000006,0.0,5954.5,12.75,12.6,12.9
2025-02-28,2025-02-24,2025-02-28,100,up,6165.0,6013.13,0.05500000000000003,0.0,5954.5,1.725,1.65,1.8
2025-03-07,2025-03-03,2025-03-07,trigger,dn,5920.0,5954.5,0.3400000000000006,1.0,5770.2,48.150000000000006,41.6,54.7
2025-03-07,2025-03-03,2025-03-07,trigger,up,5990.0,5954.5,0.3200000000000003,0.0,5770.2,34.5,29.2,39.8
2025-03-07,2025-03-03,2025-03-07,0382,dn,5895.0,5954.5,0.2900000000000006,1.0,5770.2,40.25,34.5,46.0
2025-03-07,2025-03-03,2025-03-07,0382,up,6015.0,5954.5,0.36000000000000015,0.0,5770.2,24.05,19.1,29.0
2025-03-07,2025-03-03,2025-03-07,0618,dn,5860.0,5954.5,0.2799999999999997,1.0,5770.2,31.0,26.1,35.9
2025-03-07,2025-03-03,2025-03-07,0618,up,6050.0,5954.5,0.5800000000000001,0.0,5770.2,15.15,12.7,17.6
2025-03-07,2025-03-03,2025-03-07,0786,dn,5835.0,5954.5,0.2,1.0,5770.2,24.95,20.0,29.9
2025-03-07,2025-03-03,2025-03-07,0786,up,6075.0,5954.5,0.16999999999999993,0.0,5770.2,8.0,4.9,11.1
2025-03-07,2025-03-03,2025-03-07,100,dn,5800.0,5954.5,0.21999999999999958,1.0,5770.2,18.15,14.4,21.9
2025-03-07,2025-03-03,2025-03-07,100,up,6110.0,5954.5,0.08999999999999994,0.0,5770.2,3.4749999999999996,1.35,5.6
2025-03-14,2025-03-10,2025-03-14,trigger,dn,5730.0,5770.2,0.5400000000000006,1.0,5638.94,100.95,100.7,101.2
2025-03-14,2025-03-10,2025-03-14,trigger,up,5810.0,5770.2,0.2900000000000006,0.0,5638.94,27.1,27.0,27.2
2025-03-14,2025-03-10,2025-03-14,0382,dn,5705.0,5770.2,0.5099999999999995,1.0,5638.94,87.75,87.5,88.0
2025-03-14,2025-03-10,2025-03-14,0382,up,5835.0,5770.2,0.24000000000000057,0.0,5638.94,20.450000000000003,20.3,20.6
2025-03-14,2025-03-10,2025-03-14,0618,dn,5665.0,5770.2,0.44000000000000056,1.0,5638.94,69.0,68.8,69.2
2025-03-14,2025-03-10,2025-03-14,0618,up,5875.0,5770.2,0.16999999999999993,0.0,5638.94,12.1,12.0,12.2
2025-03-14,2025-03-10,2025-03-14,0786,up,5900.0,5770.2,0.13000000000000006,0.0,5638.94,8.25,8.1,8.4
2025-03-14,2025-03-10,2025-03-14,100,dn,5605.0,5770.2,0.31999999999999884,0.0,5638.94,46.05,45.9,46.2
2025-03-14,2025-03-10,2025-03-14,100,up,5935.0,5770.2,0.08000000000000007,0.0,5638.94,4.5,4.4,4.6
2025-03-21,2025-03-17,2025-03-21,trigger,dn,5600.0,5638.94,0.2900000000000006,0.0,5667.56,34.1,34.0,34.2
2025-03-21,2025-03-17,2025-03-21,trigger,up,5680.0,5638.94,0.48999999999999916,0.0,5667.56,51.8,51.6,52.0
2025-03-21,2025-03-17,2025-03-21,0382,dn,5575.0,5638.94,0.2299999999999997,0.0,5667.56,27.4,27.3,27.5
2025-03-21,2025-03-17,2025-03-21,0382,up,5705.0,5638.94,0.44000000000000056,0.0,5667.56,39.85,39.7,40.0
2025-03-21,2025-03-17,2025-03-21,0618,dn,5530.0,5638.94,0.1700000000000003,0.0,5667.56,18.15,18.0,18.3
2025-03-21,2025-03-17,2025-03-21,0618,up,5745.0,5638.94,0.3300000000000011,0.0,5667.56,24.200000000000003,24.1,24.3
2025-03-21,2025-03-17,2025-03-21,0786,dn,5505.0,5638.94,0.1400000000000002,0.0,5667.56,14.3,14.2,14.4
2025-03-21,2025-03-17,2025-03-21,0786,up,5775.0,5638.94,0.23999999999999985,0.0,5667.56,15.5,15.4,15.6
2025-03-21,2025-03-17,2025-03-21,100,dn,5465.0,5638.94,0.08000000000000007,0.0,5667.56,9.6,9.5,9.7
2025-03-21,2025-03-17,2025-03-21,100,up,5810.0,5638.94,0.16000000000000014,0.0,5667.56,8.4,8.3,8.5
2025-03-28,2025-03-24,2025-03-28,trigger,dn,5630.0,5667.56,0.13000000000000006,1.0,5580.94,11.4,11.3,11.5
2025-03-28,2025-03-24,2025-03-28,trigger,up,5710.0,5667.56,0.6900000000000006,0.0,5580.94,72.75,72.6,72.9
2025-03-28,2025-03-24,2025-03-28,0382,dn,5605.0,5667.56,0.1,1.0,5580.94,8.4,8.3,8.5
2025-03-28,2025-03-24,2025-03-28,0382,up,5730.0,5667.56,0.6400000000000006,0.0,5580.94,59.35,59.2,59.5
2025-03-28,2025-03-24,2025-03-28,0618,dn,5565.0,5667.56,0.05999999999999979,0.0,5580.94,5.1,5.0,5.2
2025-03-28,2025-03-24,2025-03-28,0618,up,5770.0,5667.56,0.5100000000000009,0.0,5580.94,35.95,35.8,36.1
2025-03-28,2025-03-24,2025-03-28,0786,dn,5535.0,5667.56,0.040000000000000036,0.0,5580.94,3.5,3.4,3.6
2025-03-28,2025-03-24,2025-03-28,0786,up,5800.0,5667.56,0.4,0.0,5580.94,22.1,22.0,22.2
2025-03-28,2025-03-24,2025-03-28,100,dn,5500.0,5667.56,0.025,0.0,5580.94,2.3499999999999996,2.3,2.4
2025-03-28,2025-03-24,2025-03-28,100,up,5835.0,5667.56,0.23999999999999985,0.0,5580.94,10.6,10.5,10.7
2025-04-04,2025-03-31,2025-04-04,trigger,dn,5540.0,5580.94,0.48000000000000115,1.0,5074.08,77.85,77.5,78.2
2025-04-04,2025-03-31,2025-04-04,trigger,up,5620.0,5580.94,0.3,0.0,5074.08,28.0,27.9,28.1
2025-04-04,2025-03-31,2025-04-04,0382,dn,5515.0,5580.94,0.440000000000002,1.0,5074.08,66.05000000000001,65.9,66.2
2025-04-04,2025-03-31,2025-04-04,0382,up,5645.0,5580.94,0.26000000000000084,0.0,5074.08,20.950000000000003,20.8,21.1
2025-04-04,2025-03-31,2025-04-04,0618,dn,5475.0,5580.94,0.35999999999999943,1.0,5074.08,49.65,49.5,49.8
2025-04-04,2025-03-31,2025-04-04,0618,up,5690.0,5580.94,0.15999999999999978,0.0,5074.08,11.45,11.3,11.6
2025-04-04,2025-03-31,2025-04-04,0786,dn,5445.0,5580.94,0.30999999999999944,1.0,5074.08,39.55,39.4,39.7
2025-04-04,2025-03-31,2025-04-04,0786,up,5715.0,5580.94,0.12000000000000029,0.0,5074.08,7.800000000000001,7.7,7.9
2025-04-04,2025-03-31,2025-04-04,100,dn,5410.0,5580.94,0.23999999999999916,1.0,5074.08,29.799999999999997,29.7,29.9
2025-04-04,2025-03-31,2025-04-04,100,up,5755.0,5580.94,0.06999999999999992,0.0,5074.08,4.0,3.9,4.1
2025-04-11,2025-04-07,2025-04-11,trigger,dn,5025.0,5074.08,0.4899999999999977,0.0,5363.36,179.0,178.0,180.0
2025-04-11,2025-04-07,2025-04-11,trigger,up,5120.0,5074.08,0.3900000000000034,1.0,5363.36,86.9,86.2,87.6
2025-04-11,2025-04-07,2025-04-11,0382,dn,4995.0,5074.08,0.3900000000000091,0.0,5363.36,165.10000000000002,164.3,165.9
2025-04-11,2025-04-07,2025-04-11,0382,up,5150.0,5074.08,0.3900000000000034,1.0,5363.36,75.15,74.6,75.7
2025-04-11,2025-04-07,2025-04-11,0618,dn,4945.0,5074.08,0.41000000000000225,0.0,5363.36,144.10000000000002,143.4,144.8
2025-04-11,2025-04-07,2025-04-11,0618,up,5200.0,5074.08,0.2700000000000017,1.0,5363.36,57.2,56.6,57.8
2025-04-11,2025-04-07,2025-04-11,0786,dn,4915.0,5074.08,0.3900000000000034,0.0,5363.36,132.65,132.0,133.3
2025-04-11,2025-04-07,2025-04-11,0786,up,5235.0,5074.08,0.24000000000000057,1.0,5363.36,46.650000000000006,46.1,47.2
2025-04-11,2025-04-07,2025-04-11,100,dn,4870.0,5074.08,0.35,0.0,5363.36,116.75,116.1,117.4
2025-04-11,2025-04-07,2025-04-11,100,up,5280.0,5074.08,0.21999999999999886,1.0,5363.36,35.25,34.7,35.8
2025-04-18,2025-04-14,2025-04-17,trigger,dn,5310.0,5363.36,0.24000000000000057,1.0,5282.7,42.75,42.4,43.1
2025-04-18,2025-04-14,2025-04-17,trigger,up,5420.0,5363.36,0.6100000000000023,0.0,5282.7,83.75,83.4,84.1
2025-04-18,2025-04-14,2025-04-17,0382,dn,5275.0,5363.36,0.16999999999999887,0.0,5282.7,35.25,35.0,35.5
2025-04-18,2025-04-14,2025-04-17,0382,up,5455.0,5363.36,0.5099999999999995,0.0,5282.7,64.25,63.9,64.6
2025-04-18,2025-04-14,2025-04-17,0618,dn,5215.0,5363.36,0.12999999999999973,0.0,5282.7,25.5,25.2,25.8
2025-04-18,2025-04-14,2025-04-17,0618,up,5510.0,5363.36,0.3899999999999991,0.0,5282.7,39.35,39.0,39.7
2025-04-18,2025-04-14,2025-04-17,0786,dn,5175.0,5363.36,0.09000000000000057,0.0,5282.7,20.6,20.4,20.8
2025-04-18,2025-04-14,2025-04-17,0786,up,5550.0,5363.36,0.2700000000000003,0.0,5282.7,25.6,25.3,25.9
2025-04-18,2025-04-14,2025-04-17,100,dn,5125.0,5363.36,0.06999999999999992,0.0,5282.7,15.9,15.7,16.1
2025-04-18,2025-04-14,2025-04-17,100,up,5600.0,5363.36,0.18000000000000044,0.0,5282.7,13.8,13.6,14.0
2025-04-25,2025-04-21,2025-04-25,trigger,dn,5225.0,5282.7,0.5099999999999966,0.0,5525.21,93.94999999999999,93.6,94.3
2025-04-25,2025-04-21,2025-04-25,trigger,up,5340.0,5282.7,0.2600000000000001,1.0,5525.21,22.25,22.0,22.5
2025-04-25,2025-04-21,2025-04-25,0382,dn,5190.0,5282.7,0.44000000000000056,0.0,5525.21,77.2,76.9,77.5
2025-04-25,2025-04-21,2025-04-25,0382,up,5375.0,5282.7,0.18999999999999986,1.0,5525.21,14.55,14.4,14.7
2025-04-25,2025-04-21,2025-04-25,0618,dn,5135.0,5282.7,0.3400000000000006,0.0,5525.21,55.45,55.2,55.7
2025-04-25,2025-04-21,2025-04-25,0618,up,5430.0,5282.7,0.09000000000000004,1.0,5525.21,6.8,6.6,7.0
2025-04-25,2025-04-21,2025-04-25,0786,dn,5095.0,5282.7,0.28000000000000114,0.0,5525.21,42.95,42.7,43.2
2025-04-25,2025-04-21,2025-04-25,0786,up,5470.0,5282.7,0.05999999999999996,1.0,5525.21,3.75,3.6,3.9
2025-04-25,2025-04-21,2025-04-25,100,dn,5045.0,5282.7,0.2,0.0,5525.21,30.6,30.4,30.8
2025-04-25,2025-04-21,2025-04-25,100,up,5520.0,5282.7,0.02999999999999998,1.0,5525.21,1.7999999999999998,1.7,1.9
2025-05-02,2025-04-28,2025-05-02,trigger,dn,5465.0,5525.21,0.31000000000000083,0.0,5686.67,44.45,44.3,44.6
2025-05-02,2025-04-28,2025-05-02,trigger,up,5585.0,5525.21,0.3799999999999997,1.0,5686.67,36.1,36.0,36.2
2025-05-02,2025-04-28,2025-05-02,0382,dn,5430.0,5525.21,0.25999999999999945,0.0,5686.67,34.55,34.4,34.7
2025-05-02,2025-04-28,2025-05-02,0382,up,5620.0,5525.21,0.3,1.0,5686.67,23.9,23.8,24.0
2025-05-02,2025-04-28,2025-05-02,0618,dn,5370.0,5525.21,0.16999999999999887,0.0,5686.67,21.799999999999997,21.7,21.9
2025-05-02,2025-04-28,2025-05-02,0618,up,5680.0,5525.21,0.15999999999999978,1.0,5686.67,10.1,10.0,10.2
2025-05-02,2025-04-28,2025-05-02,0786,dn,5330.0,5525.21,0.11999999999999993,0.0,5686.67,15.7,15.6,15.8
2025-05-02,2025-04-28,2025-05-02,0786,up,5720.0,5525.21,0.08000000000000007,0.0,5686.67,5.0,4.9,5.1
2025-05-02,2025-04-28,2025-05-02,100,dn,5275.0,5525.21,0.08000000000000007,0.0,5686.67,9.8,9.7,9.9
2025-05-02,2025-04-28,2025-05-02,100,up,5775.0,5525.21,0.02999999999999998,0.0,5686.67,1.775,1.7,1.85
2025-05-09,2025-05-05,2025-05-09,trigger,dn,5625.0,5686.67,0.3499999999999986,0.0,5659.91,47.099999999999994,42.9,51.3
2025-05-09,2025-05-05,2025-05-09,trigger,up,5745.0,5686.67,0.25000000000000033,0.0,5659.91,17.1,14.0,20.2
2025-05-09,2025-05-05,2025-05-09,0382,dn,5590.0,5686.67,0.2700000000000003,0.0,5659.91,35.75,32.0,39.5
2025-05-09,2025-05-05,2025-05-09,0382,up,5785.0,5686.67,0.15,0.0,5659.91,8.95,6.4,11.5
2025-05-09,2025-05-05,2025-05-09,0618,dn,5530.0,5686.67,-0.039999999999999855,0.0,5659.91,21.85,18.6,25.1
2025-05-09,2025-05-05,2025-05-09,0618,up,5840.0,5686.67,0.05999999999999996,0.0,5659.91,3.125,2.75,3.5
2025-05-09,2025-05-05,2025-05-09,0786,dn,5490.0,5686.67,0.1400000000000002,0.0,5659.91,15.350000000000001,12.4,18.3
2025-05-09,2025-05-05,2025-05-09,100,dn,5435.0,5686.67,0.08000000000000007,0.0,5659.91,9.35,7.1,11.6
2025-05-16,2025-05-12,2025-05-16,trigger,dn,5600.0,5659.91,0.060000000000000143,0.0,5958.38,5.5,5.4,5.6
2025-05-16,2025-05-12,2025-05-16,trigger,up,5715.0,5659.91,0.6599999999999966,1.0,5958.38,108.19999999999999,104.1,112.3
2025-05-16,2025-05-12,2025-05-16,0382,dn,5565.0,5659.91,0.039999999999999945,0.0,5958.38,3.9,3.8,4.0
2025-05-16,2025-05-12,2025-05-16,0382,up,5755.0,5659.91,0.7,1.0,5958.38,79.1,78.4,79.8
2025-05-16,2025-05-12,2025-05-16,0618,dn,5510.0,5659.91,0.020000000000000018,0.0,5958.38,2.4,2.3,2.5
2025-05-16,2025-05-12,2025-05-16,0618,up,5810.0,5659.91,0.5099999999999995,1.0,5958.38,45.55,45.3,45.8
2025-05-16,2025-05-12,2025-05-16,0786,dn,5470.0,5659.91,0.014999999999999947,0.0,5958.38,1.7999999999999998,1.7,1.9
2025-05-16,2025-05-12,2025-05-16,0786,up,5850.0,5659.91,0.3700000000000003,1.0,5958.38,27.75,27.5,28.0
2025-05-16,2025-05-12,2025-05-16,100,dn,5415.0,5659.91,0.010000000000000009,0.0,5958.38,1.25,1.15,1.35
2025-05-16,2025-05-12,2025-05-16,100,up,5905.0,5659.91,0.18000000000000008,1.0,5958.38,12.35,12.2,12.5
2025-05-23,2025-05-19,2025-05-23,trigger,dn,5900.0,5958.38,0.3400000000000006,1.0,5802.82,34.1,34.0,34.2
2025-05-23,2025-05-19,2025-05-23,trigger,up,6015.0,5958.38,0.23000000000000007,0.0,5802.82,11.9,11.8,12.0
2025-05-23,2025-05-19,2025-05-23,0382,dn,5865.0,5958.38,0.25,1.0,5802.82,23.700000000000003,23.6,23.8
2025-05-23,2025-05-19,2025-05-23,0382,up,6055.0,5958.38,0.10999999999999996,0.0,5802.82,5.0,4.9,5.1
2025-05-23,2025-05-19,2025-05-23,0618,dn,5805.0,5958.38,0.13999999999999985,0.0,5802.82,12.0,11.9,12.1
2025-05-23,2025-05-19,2025-05-23,0618,up,6110.0,5958.38,0.030000000000000027,0.0,5802.82,1.225,1.15,1.3
2025-05-23,2025-05-19,2025-05-23,0786,dn,5765.0,5958.38,0.08000000000000007,0.0,5802.82,7.300000000000001,7.2,7.4
2025-05-23,2025-05-19,2025-05-23,100,dn,5710.0,5958.38,0.02999999999999998,0.0,5802.82,3.6,3.5,3.7
2025-05-30,2025-05-27,2025-05-30,trigger,dn,5745.0,5802.82,0.13000000000000006,0.0,5911.69,11.5,10.3,12.7
2025-05-30,2025-05-27,2025-05-30,trigger,up,5860.0,5802.82,0.5799999999999997,1.0,5911.69,52.5,50.9,54.1
2025-05-30,2025-05-27,2025-05-30,0382,dn,5710.0,5802.82,0.09000000000000022,0.0,5911.69,6.800000000000001,6.7,6.9
2025-05-30,2025-05-27,2025-05-30,0382,up,5895.0,5802.82,0.4199999999999996,1.0,5911.69,33.55,31.9,35.2
2025-05-30,2025-05-27,2025-05-30,0618,dn,5650.0,5802.82,0.02999999999999998,0.0,5911.69,3.25,3.2,3.3
2025-05-30,2025-05-27,2025-05-30,0618,up,5955.0,5802.82,0.2299999999999997,0.0,5911.69,12.149999999999999,10.7,13.6
2025-05-30,2025-05-27,2025-05-30,0786,dn,5610.0,5802.82,0.020000000000000108,0.0,5911.69,2.1500000000000004,2.1,2.2
2025-05-30,2025-05-27,2025-05-30,0786,up,5995.0,5802.82,0.10999999999999996,0.0,5911.69,6.1,6.0,6.2
2025-05-30,2025-05-27,2025-05-30,100,dn,5560.0,5802.82,0.010000000000000009,0.0,5911.69,1.35,1.3,1.4
2025-05-30,2025-05-27,2025-05-30,100,up,6045.0,5802.82,0.039999999999999994,0.0,5911.69,1.9749999999999999,1.9,2.05
2025-06-06,2025-06-02,2025-06-06,trigger,dn,5855.0,5911.69,0.5300000000000011,0.0,6000.36,37.900000000000006,32.7,43.1
2025-06-06,2025-06-02,2025-06-06,trigger,up,5970.0,5911.69,0.4599999999999994,1.0,6000.36,13.149999999999999,9.9,16.4
2025-06-06,2025-06-02,2025-06-06,0382,dn,5820.0,5911.69,-0.05000000000000071,0.0,6000.36,24.95,22.0,27.9
2025-06-06,2025-06-02,2025-06-06,0382,up,6000.0,5911.69,0.23000000000000007,0.0,6000.36,8.0,7.0,9.0
2025-06-06,2025-06-02,2025-06-06,0618,dn,5765.0,5911.69,0.1700000000000003,0.0,6000.36,14.350000000000001,11.4,17.3
2025-06-06,2025-06-02,2025-06-06,0618,up,6060.0,5911.69,0.040000000000000036,0.0,6000.36,1.75,1.6,1.9
2025-06-06,2025-06-02,2025-06-06,0786,dn,5725.0,5911.69,0.11000000000000014,0.0,6000.36,8.75,6.6,10.9
2025-06-06,2025-06-02,2025-06-06,100,dn,5675.0,5911.69,0.060000000000000143,0.0,6000.36,4.5,4.1,4.9
2025-06-13,2025-06-09,2025-06-13,trigger,dn,5945.0,6000.36,0.25999999999999945,0.0,5976.97,21.299999999999997,21.2,21.4
2025-06-13,2025-06-09,2025-06-13,trigger,up,6055.0,6000.36,0.3,0.0,5976.97,18.299999999999997,18.2,18.4
2025-06-13,2025-06-09,2025-06-13,0382,dn,5910.0,6000.36,0.16000000000000014,0.0,5976.97,13.5,13.4,13.6
2025-06-13,2025-06-09,2025-06-13,0382,up,6090.0,6000.36,0.18999999999999986,0.0,5976.97,9.3,9.2,9.4
2025-06-13,2025-06-09,2025-06-13,0618,dn,5860.0,6000.36,0.08999999999999986,0.0,5976.97,6.699999999999999,6.6,6.8
2025-06-13,2025-06-09,2025-06-13,0618,up,6145.0,6000.36,0.06500000000000003,0.0,5976.97,2.325,2.25,2.4
2025-06-13,2025-06-09,2025-06-13,0786,dn,5820.0,6000.36,0.05,0.0,5976.97,3.75,3.7,3.8
2025-06-13,2025-06-09,2025-06-13,100,dn,5770.0,6000.36,0.019999999999999973,0.0,5976.97,1.9,1.85,1.95
2025-06-20,2025-06-16,2025-06-20,trigger,dn,5925.0,5976.97,0.1,0.0,5967.84,10.8,10.7,10.9
2025-06-20,2025-06-16,2025-06-20,trigger,up,6030.0,5976.97,0.6,0.0,5967.84,46.25,46.1,46.4
2025-06-20,2025-06-16,2025-06-20,0382,dn,5890.0,5976.97,0.08000000000000007,0.0,5967.84,7.4,7.3,7.5
2025-06-20,2025-06-16,2025-06-20,0382,up,6060.0,5976.97,0.4799999999999997,0.0,5967.84,29.65,29.5,29.8
2025-06-20,2025-06-16,2025-06-20,0618,dn,5840.0,5976.97,0.050000000000000176,0.0,5967.84,4.45,4.4,4.5
2025-06-20,2025-06-16,2025-06-20,0618,up,6115.0,5976.97,0.2299999999999997,0.0,5967.84,9.7,9.6,9.8
2025-06-20,2025-06-16,2025-06-20,0786,dn,5805.0,5976.97,0.020000000000000018,0.0,5967.84,3.2,3.1,3.3
2025-06-20,2025-06-16,2025-06-20,0786,up,6150.0,5976.97,0.1,0.0,5967.84,3.7,3.6,3.8
2025-06-20,2025-06-16,2025-06-20,100,dn,5755.0,5976.97,0.009999999999999964,0.0,5967.84,2.2249999999999996,2.15,2.3
2025-06-27,2025-06-23,2025-06-27,trigger,dn,5920.0,5967.84,0.2,0.0,6173.07,19.8,19.6,20.0
2025-06-27,2025-06-23,2025-06-27,trigger,up,6020.0,5967.84,0.5,1.0,6173.07,29.25,28.7,29.8
2025-06-27,2025-06-23,2025-06-27,0382,dn,5885.0,5967.84,0.13999999999999985,0.0,6173.07,13.75,13.6,13.9
2025-06-27,2025-06-23,2025-06-27,0382,up,6050.0,5967.84,0.3200000000000006,1.0,6173.07,16.700000000000003,16.6,16.8
2025-06-27,2025-06-23,2025-06-27,0618,dn,5835.0,5967.84,0.08000000000000007,0.0,6173.07,8.1,8.0,8.2
2025-06-27,2025-06-23,2025-06-27,0618,up,6100.0,5967.84,0.13999999999999985,1.0,6173.07,5.1,5.0,5.2
2025-06-27,2025-06-23,2025-06-27,0786,dn,5800.0,5967.84,0.05999999999999979,0.0,6173.07,5.699999999999999,5.6,5.8
2025-06-27,2025-06-23,2025-06-27,0786,up,6135.0,5967.84,0.06000000000000001,1.0,6173.07,1.8,1.75,1.85
2025-06-27,2025-06-23,2025-06-27,100,dn,5755.0,5967.84,0.040000000000000036,0.0,6173.07,3.75,3.7,3.8
2025-06-27,2025-06-23,2025-06-27,100,up,6180.0,5967.84,0.015000000000000003,0.0,6173.07,0.45,0.4,0.5
2025-07-04,2025-06-30,2025-07-03,trigger,dn,6120.0,6173.07,0.16000000000000014,0.0,6279.35,11.3,11.2,11.4
2025-07-04,2025-06-30,2025-07-03,trigger,up,6225.0,6173.07,0.35999999999999943,1.0,6279.35,17.299999999999997,17.2,17.4
2025-07-04,2025-06-30,2025-07-03,0382,dn,6090.0,6173.07,0.10999999999999996,0.0,6279.35,7.0,6.9,7.1
2025-07-04,2025-06-30,2025-07-03,0382,up,6255.0,6173.07,0.21999999999999992,1.0,6279.35,8.4,8.3,8.5
2025-07-04,2025-06-30,2025-07-03,0618,dn,6040.0,6173.07,0.05,0.0,6279.35,3.2,3.1,3.3
2025-07-04,2025-06-30,2025-07-03,0618,up,6305.0,6173.07,0.05,0.0,6279.35,1.85,1.8,1.9
2025-07-04,2025-06-30,2025-07-03,0786,dn,6005.0,6173.07,0.02999999999999998,0.0,6279.35,1.95,1.9,2.0
2025-07-04,2025-06-30,2025-07-03,0786,up,6340.0,6173.07,0.01499999999999999,0.0,6279.35,0.6499999999999999,0.6,0.7
2025-07-04,2025-06-30,2025-07-03,100,dn,5960.0,6173.07,0.009999999999999964,0.0,6279.35,1.15,1.1,1.2
2025-07-11,2025-07-07,2025-07-11,trigger,dn,6230.0,6279.35,0.30999999999999944,0.0,6259.75,27.25,27.1,27.4
2025-07-11,2025-07-07,2025-07-11,trigger,up,6330.0,6279.35,0.23999999999999985,0.0,6259.75,11.2,11.1,11.3
2025-07-11,2025-07-07,2025-07-11,0382,dn,6200.0,6279.35,0.23000000000000115,0.0,6259.75,19.200000000000003,19.1,19.3
2025-07-11,2025-07-07,2025-07-11,0618,dn,6150.0,6279.35,0.11999999999999993,0.0,6259.75,10.5,10.4,10.6
2025-07-11,2025-07-07,2025-07-11,0786,dn,6115.0,6279.35,0.08000000000000007,0.0,6259.75,7.0,6.9,7.1
2025-07-11,2025-07-07,2025-07-11,100,dn,6070.0,6279.35,0.05,0.0,6259.75,4.25,4.2,4.3
2025-07-18,2025-07-14,2025-07-18,trigger,dn,6215.0,6259.75,0.28000000000000114,0.0,6296.79,23.200000000000003,23.1,23.3
2025-07-18,2025-07-14,2025-07-18,trigger,up,6305.0,6259.75,0.28999999999999987,0.0,6296.79,13.95,13.9,14.0
2025-07-18,2025-07-14,2025-07-18,0382,dn,6185.0,6259.75,0.2,0.0,6296.79,15.7,15.6,15.8
2025-07-18,2025-07-14,2025-07-18,0382,up,6335.0,6259.75,0.16999999999999993,0.0,6296.79,6.85,6.8,6.9
2025-07-18,2025-07-14,2025-07-18,0618,dn,6135.0,6259.75,0.10999999999999996,0.0,6296.79,8.0,7.9,8.1
2025-07-18,2025-07-14,2025-07-18,0618,up,6385.0,6259.75,0.05,0.0,6296.79,1.55,1.5,1.6
2025-07-18,2025-07-14,2025-07-18,0786,dn,6105.0,6259.75,0.0700000000000001,0.0,6296.79,5.300000000000001,5.2,5.4
2025-07-18,2025-07-14,2025-07-18,0786,up,6415.0,6259.75,0.01499999999999999,0.0,6296.79,0.625,0.6,0.65
2025-07-18,2025-07-14,2025-07-18,100,dn,6060.0,6259.75,0.030000000000000072,0.0,6296.79,2.95,2.9,3.0
2025-07-25,2025-07-21,2025-07-25,trigger,dn,6250.0,6296.79,0.13999999999999985,0.0,6388.64,9.0,8.9,9.1
2025-07-25,2025-07-21,2025-07-25,trigger,up,6340.0,6296.79,0.49000000000000055,1.0,6388.64,25.25,25.1,25.4
2025-07-25,2025-07-21,2025-07-25,0382,dn,6225.0,6296.79,0.08000000000000007,0.0,6388.64,6.1,6.0,6.2
2025-07-25,2025-07-21,2025-07-25,0382,up,6370.0,6296.79,0.31000000000000016,1.0,6388.64,12.75,12.6,12.9
2025-07-25,2025-07-21,2025-07-25,0618,dn,6180.0,6296.79,0.040000000000000036,0.0,6388.64,3.1500000000000004,3.1,3.2
2025-07-25,2025-07-21,2025-07-25,0618,up,6415.0,6296.79,0.1,0.0,6388.64,3.2,3.1,3.3
2025-07-25,2025-07-21,2025-07-25,0786,dn,6145.0,6296.79,0.020000000000000018,0.0,6388.64,2.0,1.95,2.05
2025-07-25,2025-07-21,2025-07-25,0786,up,6450.0,6296.79,0.020000000000000018,0.0,6388.64,0.8500000000000001,0.8,0.9
2025-07-25,2025-07-21,2025-07-25,100,dn,6105.0,6296.79,0.01499999999999999,0.0,6388.64,1.3,1.25,1.35
2025-08-01,2025-07-28,2025-08-01,trigger,dn,6345.0,6388.64,0.25999999999999945,1.0,6238.01,21.0,20.9,21.1
2025-08-01,2025-07-28,2025-08-01,trigger,up,6435.0,6388.64,0.38000000000000045,0.0,6238.01,23.05,23.0,23.1
2025-08-01,2025-07-28,2025-08-01,0382,dn,6315.0,6388.64,0.18000000000000008,1.0,6238.01,14.3,14.2,14.4
2025-08-01,2025-07-28,2025-08-01,0382,up,6460.0,6388.64,0.2800000000000001,0.0,6238.01,14.5,14.4,14.6
2025-08-01,2025-07-28,2025-08-01,0618,dn,6275.0,6388.64,0.10999999999999979,1.0,6238.01,8.45,8.4,8.5
2025-08-01,2025-07-28,2025-08-01,0618,up,6505.0,6388.64,0.1299999999999999,0.0,6238.01,5.05,5.0,5.1
2025-08-01,2025-07-28,2025-08-01,0786,dn,6240.0,6388.64,0.0700000000000001,0.0,6238.01,5.4,5.3,5.5
2025-08-01,2025-07-28,2025-08-01,0786,up,6535.0,6388.64,0.06000000000000001,0.0,6238.01,2.125,2.05,2.2
2025-08-01,2025-07-28,2025-08-01,100,dn,6200.0,6388.64,0.039999999999999945,0.0,6238.01,3.3,3.2,3.4
2025-08-01,2025-07-28,2025-08-01,100,up,6575.0,6388.64,0.015000000000000013,0.0,6238.01,0.6000000000000001,0.55,0.65
2025-08-08,2025-08-04,2025-08-08,trigger,dn,6195.0,6238.01,0.12000000000000029,0.0,6389.45,12.5,12.3,12.7
2025-08-08,2025-08-04,2025-08-08,trigger,up,6285.0,6238.01,0.6799999999999997,1.0,6389.45,59.25,59.1,59.4
2025-08-08,2025-08-04,2025-08-08,0382,dn,6165.0,6238.01,0.11000000000000014,0.0,6389.45,9.100000000000001,8.9,9.3
2025-08-08,2025-08-04,2025-08-08,0382,up,6310.0,6238.01,0.5799999999999997,1.0,6389.45,43.1,43.0,43.2
2025-08-08,2025-08-04,2025-08-08,0618,dn,6120.0,6238.01,0.05999999999999979,0.0,6389.45,5.6,5.5,5.7
2025-08-08,2025-08-04,2025-08-08,0618,up,6355.0,6238.01,0.3799999999999997,1.0,6389.45,20.5,20.4,20.6
2025-08-08,2025-08-04,2025-08-08,0786,dn,6090.0,6238.01,0.039999999999999945,0.0,6389.45,4.1,4.0,4.2
2025-08-08,2025-08-04,2025-08-08,0786,up,6385.0,6238.01,0.25000000000000033,1.0,6389.45,10.850000000000001,10.8,10.9
2025-08-08,2025-08-04,2025-08-08,100,dn,6050.0,6238.01,0.025,0.0,6389.45,2.8499999999999996,2.8,2.9
2025-08-08,2025-08-04,2025-08-08,100,up,6425.0,6238.01,0.1,0.0,6389.45,3.8,3.7,3.9
2025-08-15,2025-08-11,2025-08-15,trigger,dn,6345.0,6389.45,0.23000000000000043,0.0,6449.8,20.05,20.0,20.1
2025-08-15,2025-08-11,2025-08-15,trigger,up,6435.0,6389.45,0.3799999999999997,1.0,6449.8,19.1,19.0,19.2
2025-08-15,2025-08-11,2025-08-15,0382,dn,6320.0,6389.45,0.16000000000000014,0.0,6449.8,15.05,15.0,15.1
2025-08-15,2025-08-11,2025-08-15,0382,up,6460.0,6389.45,0.2599999999999998,0.0,6449.8,11.1,11.0,11.2
2025-08-15,2025-08-11,2025-08-15,0618,dn,6275.0,6389.45,0.09000000000000022,0.0,6449.8,9.1,9.0,9.2
2025-08-15,2025-08-11,2025-08-15,0618,up,6505.0,6389.45,0.08999999999999994,0.0,6449.8,3.4,3.3,3.5
2025-08-15,2025-08-11,2025-08-15,0786,dn,6245.0,6389.45,0.05999999999999979,0.0,6449.8,6.6,6.5,6.7
2025-08-15,2025-08-11,2025-08-15,0786,up,6535.0,6389.45,0.03500000000000001,0.0,6449.8,1.475,1.4,1.55
2025-08-15,2025-08-11,2025-08-15,100,dn,6200.0,6389.45,0.039999999999999855,0.0,6449.8,4.199999999999999,4.1,4.3
2025-08-15,2025-08-11,2025-08-15,100,up,6575.0,6389.45,0.010000000000000009,0.0,6449.8,0.6000000000000001,0.55,0.65
2025-08-22,2025-08-18,2025-08-22,trigger,dn,6405.0,6449.8,0.25999999999999945,0.0,6466.91,21.5,21.4,21.6
2025-08-22,2025-08-18,2025-08-22,trigger,up,6495.0,6449.8,0.31999999999999995,0.0,6466.91,13.9,13.8,14.0
2025-08-22,2025-08-18,2025-08-22,0382,dn,6380.0,6449.8,0.2,0.0,6466.91,15.7,15.6,15.8
2025-08-22,2025-08-18,2025-08-22,0382,up,6520.0,6449.8,0.2,0.0,6466.91,7.25,7.2,7.3
2025-08-22,2025-08-18,2025-08-22,0618,dn,6335.0,6449.8,0.1,0.0,6466.91,8.7,8.6,8.8
2025-08-22,2025-08-18,2025-08-22,0618,up,6560.0,6449.8,0.07000000000000002,0.0,6466.91,2.0,1.95,2.05
2025-08-22,2025-08-18,2025-08-22,0786,dn,6305.0,6449.8,0.0700000000000001,0.0,6466.91,5.95,5.9,6.0
2025-08-22,2025-08-18,2025-08-22,0786,up,6595.0,6449.8,0.010000000000000009,0.0,6466.91,0.55,0.5,0.6
2025-08-22,2025-08-18,2025-08-22,100,dn,6270.0,6449.8,0.05,0.0,6466.91,3.95,3.9,4.0
2025-08-22,2025-08-18,2025-08-22,100,up,6630.0,6449.8,0.004999999999999999,0.0,6466.91,0.225,0.2,0.25
2025-08-29,2025-08-25,2025-08-29,trigger,dn,6425.0,6466.91,0.2700000000000003,0.0,6460.26,21.700000000000003,21.6,21.8
2025-08-29,2025-08-25,2025-08-29,trigger,up,6510.0,6466.91,0.31999999999999995,0.0,6460.26,13.7,13.6,13.8
2025-08-29,2025-08-25,2025-08-29,0382,dn,6400.0,6466.91,0.21999999999999992,0.0,6460.26,15.6,15.5,15.7
2025-08-29,2025-08-25,2025-08-29,0382,up,6535.0,6466.91,0.17999999999999972,0.0,6460.26,7.199999999999999,7.1,7.3
2025-08-29,2025-08-25,2025-08-29,0618,dn,6355.0,6466.91,0.11000000000000014,0.0,6460.26,8.3,8.2,8.4
2025-08-29,2025-08-25,2025-08-29,0618,up,6575.0,6466.91,0.06500000000000003,0.0,6460.26,2.075,2.0,2.15
2025-08-29,2025-08-25,2025-08-29,0786,dn,6325.0,6466.91,0.08000000000000007,0.0,6460.26,5.4,5.3,5.5
2025-08-29,2025-08-25,2025-08-29,100,dn,6290.0,6466.91,0.039999999999999945,0.0,6460.26,3.3,3.2,3.4
2025-09-05,2025-09-02,2025-09-05,trigger,dn,6420.0,6460.26,0.4799999999999997,0.0,6481.5,50.0,45.5,54.5
2025-09-05,2025-09-02,2025-09-05,trigger,up,6500.0,6460.26,0.8249999999999998,0.0,6481.5,8.2,5.5,10.9
2025-09-05,2025-09-02,2025-09-05,0382,dn,6395.0,6460.26,0.3800000000000011,0.0,6481.5,39.2,34.6,43.8
2025-09-05,2025-09-02,2025-09-05,0382,up,6525.0,6460.26,0.10999999999999996,0.0,6481.5,3.05,2.8,3.3
2025-09-05,2025-09-02,2025-09-05,0618,dn,6355.0,6460.26,0.4700000000000003,0.0,6481.5,25.1,19.4,30.8
2025-09-05,2025-09-02,2025-09-05,0618,up,6565.0,6460.26,0.025000000000000022,0.0,6481.5,0.7250000000000001,0.65,0.8
2025-09-05,2025-09-02,2025-09-05,0786,dn,6325.0,6460.26,-0.23000000000000043,0.0,6481.5,19.4,14.1,24.7
2025-09-05,2025-09-02,2025-09-05,0786,up,6595.0,6460.26,0.010000000000000009,0.0,6481.5,0.275,0.2,0.35
2025-09-05,2025-09-02,2025-09-05,100,dn,6290.0,6460.26,0.19999999999999965,0.0,6481.5,13.1,8.5,17.7
2025-09-05,2025-09-02,2025-09-05,100,up,6630.0,6460.26,0.0,0.0,6481.5,0.125,0.05,0.2
2025-09-12,2025-09-08,2025-09-12,trigger,dn,6440.0,6481.5,0.19999999999999965,0.0,6584.29,16.15,16.0,16.3
2025-09-12,2025-09-08,2025-09-12,trigger,up,6520.0,6481.5,0.45,1.0,6584.29,22.15,22.0,22.3
2025-09-12,2025-09-08,2025-09-12,0382,dn,6415.0,6481.5,0.15,0.0,6584.29,11.75,11.6,11.9
2025-09-12,2025-09-08,2025-09-12,0382,up,6545.0,6481.5,0.31999999999999995,1.0,6584.29,12.35,12.2,12.5
2025-09-12,2025-09-08,2025-09-12,0618,dn,6375.0,6481.5,0.1,0.0,6584.29,7.1,7.0,7.2
2025-09-12,2025-09-08,2025-09-12,0618,up,6590.0,6481.5,0.1,0.0,6584.29,3.0250000000000004,2.95,3.1
2025-09-12,2025-09-08,2025-09-12,0786,dn,6345.0,6481.5,0.0700000000000001,0.0,6584.29,4.9,4.8,5.0
2025-09-12,2025-09-08,2025-09-12,0786,up,6615.0,6481.5,0.039999999999999994,0.0,6584.29,1.2,1.15,1.25
2025-09-12,2025-09-08,2025-09-12,100,dn,6310.0,6481.5,0.040000000000000036,0.0,6584.29,3.25,3.2,3.3
2025-09-12,2025-09-08,2025-09-12,100,up,6655.0,6481.5,0.004999999999999993,0.0,6584.29,0.3,0.25,0.35
2025-09-19,2025-09-15,2025-09-19,trigger,dn,6545.0,6584.29,0.16000000000000014,0.0,6664.36,15.0,14.9,15.1
2025-09-19,2025-09-15,2025-09-19,trigger,up,6625.0,6584.29,0.5399999999999991,1.0,6664.36,32.4,32.3,32.5
2025-09-19,2025-09-15,2025-09-19,0382,dn,6520.0,6584.29,0.11000000000000014,0.0,6664.36,11.5,11.4,11.6
2025-09-19,2025-09-15,2025-09-19,0382,up,6650.0,6584.29,0.4,1.0,6664.36,20.4,20.3,20.5
2025-09-19,2025-09-15,2025-09-19,0618,dn,6480.0,6584.29,0.06999999999999992,0.0,6664.36,7.85,7.8,7.9
2025-09-19,2025-09-15,2025-09-19,0618,up,6690.0,6584.29,0.2,0.0,6664.36,8.0,7.9,8.1
2025-09-19,2025-09-15,2025-09-19,0786,dn,6450.0,6584.29,0.05,0.0,6664.36,6.1,6.0,6.2
2025-09-19,2025-09-15,2025-09-19,0786,up,6715.0,6584.29,0.1,0.0,6664.36,3.95,3.9,4.0
2025-09-19,2025-09-15,2025-09-19,100,dn,6415.0,6584.29,0.030000000000000072,0.0,6664.36,4.65,4.6,4.7
2025-09-19,2025-09-15,2025-09-19,100,up,6750.0,6584.29,0.03500000000000001,0.0,6664.36,1.375,1.35,1.4
2025-09-26,2025-09-22,2025-09-26,trigger,dn,6625.0,6664.36,0.25999999999999945,0.0,6643.7,18.549999999999997,18.4,18.7
2025-09-26,2025-09-22,2025-09-26,trigger,up,6705.0,6664.36,0.3200000000000003,0.0,6643.7,13.05,12.9,13.2
2025-09-26,2025-09-22,2025-09-26,0382,dn,6600.0,6664.36,0.16999999999999993,0.0,6643.7,13.1,13.0,13.2
2025-09-26,2025-09-22,2025-09-26,0382,up,6725.0,6664.36,0.21999999999999992,0.0,6643.7,7.6,7.5,7.7
2025-09-26,2025-09-22,2025-09-26,0618,dn,6565.0,6664.36,0.11000000000000014,0.0,6643.7,8.15,8.0,8.3
2025-09-26,2025-09-22,2025-09-26,0618,up,6765.0,6664.36,0.06999999999999998,0.0,6643.7,2.025,1.95,2.1
2025-09-26,2025-09-22,2025-09-26,0786,dn,6535.0,6664.36,0.06999999999999992,0.0,6643.7,5.5,5.4,5.6
2025-09-26,2025-09-22,2025-09-26,0786,up,6795.0,6664.36,0.019999999999999973,0.0,6643.7,0.7,0.65,0.75
2025-09-26,2025-09-22,2025-09-26,100,dn,6500.0,6664.36,0.040000000000000036,0.0,6643.7,3.7,3.6,3.8
2025-09-26,2025-09-22,2025-09-26,100,up,6830.0,6664.36,0.0050000000000000044,0.0,6643.7,0.275,0.25,0.3
2025-10-03,2025-09-29,2025-10-03,trigger,dn,6605.0,6643.7,0.18000000000000008,0.0,6715.79,14.0,13.9,14.1
2025-10-03,2025-09-29,2025-10-03,trigger,up,6680.0,6643.7,0.5199999999999989,1.0,6715.79,31.799999999999997,31.7,31.9
2025-10-03,2025-09-29,2025-10-03,0382,dn,6580.0,6643.7,0.12999999999999973,0.0,6715.79,10.149999999999999,10.1,10.2
2025-10-03,2025-09-29,2025-10-03,0382,up,6705.0,6643.7,0.38999999999999985,1.0,6715.79,19.95,19.9,20.0
2025-10-03,2025-09-29,2025-10-03,0618,dn,6545.0,6643.7,0.08000000000000007,0.0,6715.79,6.5,6.4,6.6
2025-10-03,2025-09-29,2025-10-03,0618,up,6745.0,6643.7,0.18999999999999986,0.0,6715.79,7.699999999999999,7.6,7.8
2025-10-03,2025-09-29,2025-10-03,0786,dn,6515.0,6643.7,0.060000000000000143,0.0,6715.79,4.5,4.4,4.6
2025-10-03,2025-09-29,2025-10-03,0786,up,6770.0,6643.7,0.10999999999999996,0.0,6715.79,3.75,3.7,3.8
2025-10-03,2025-09-29,2025-10-03,100,dn,6480.0,6643.7,0.03500000000000014,0.0,6715.79,3.0250000000000004,2.95,3.1
2025-10-03,2025-09-29,2025-10-03,100,up,6805.0,6643.7,0.039999999999999994,0.0,6715.79,1.2,1.15,1.25
2025-10-10,2025-10-06,2025-10-10,trigger,dn,6680.0,6715.79,0.22000000000000028,1.0,6552.51,18.85,18.7,19.0
2025-10-10,2025-10-06,2025-10-10,trigger,up,6755.0,6715.79,0.42000000000000026,0.0,6552.51,20.85,20.7,21.0
2025-10-10,2025-10-06,2025-10-10,0382,dn,6655.0,6715.79,0.15,1.0,6552.51,14.15,14.0,14.3
2025-10-10,2025-10-06,2025-10-10,0382,up,6775.0,6715.79,0.3099999999999998,0.0,6552.51,13.2,13.1,13.3
2025-10-10,2025-10-06,2025-10-10,0618,dn,6620.0,6715.79,0.1,1.0,6552.51,9.7,9.6,9.8
2025-10-10,2025-10-06,2025-10-10,0618,up,6815.0,6715.79,0.11999999999999993,0.0,6552.51,4.1,4.0,4.2
2025-10-10,2025-10-06,2025-10-10,0786,dn,6590.0,6715.79,0.05999999999999979,1.0,6552.51,7.199999999999999,7.1,7.3
2025-10-10,2025-10-06,2025-10-10,0786,up,6840.0,6715.79,0.05500000000000003,0.0,6552.51,1.7,1.65,1.75
2025-10-10,2025-10-06,2025-10-10,100,dn,6560.0,6715.79,0.050000000000000176,1.0,6552.51,5.45,5.4,5.5
2025-10-10,2025-10-06,2025-10-10,100,up,6875.0,6715.79,0.009999999999999998,0.0,6552.51,0.5,0.45,0.55
2025-10-17,2025-10-13,2025-10-17,trigger,dn,6515.0,6552.51,0.12999999999999973,0.0,6664.01,16.7,16.5,16.9
2025-10-17,2025-10-13,2025-10-17,trigger,up,6590.0,6552.51,0.7599999999999995,1.0,6664.01,95.7,95.5,95.9
2025-10-17,2025-10-13,2025-10-17,0382,dn,6490.0,6552.51,0.11000000000000014,0.0,6664.01,13.8,13.6,14.0
2025-10-17,2025-10-13,2025-10-17,0382,up,6615.0,6552.51,0.7,1.0,6664.01,77.3,77.1,77.5
2025-10-17,2025-10-13,2025-10-17,0618,dn,6450.0,6552.51,0.06999999999999992,0.0,6664.01,10.25,10.1,10.4
2025-10-17,2025-10-13,2025-10-17,0618,up,6655.0,6552.51,0.5799999999999997,1.0,6664.01,51.15,50.9,51.4
2025-10-17,2025-10-13,2025-10-17,0786,dn,6425.0,6552.51,0.060000000000000143,0.0,6664.01,8.55,8.4,8.7
2025-10-17,2025-10-13,2025-10-17,0786,up,6680.0,6552.51,0.5,0.0,6664.01,37.5,37.3,37.7
2025-10-17,2025-10-13,2025-10-17,100,dn,6390.0,6552.51,0.05,0.0,6664.01,6.800000000000001,6.7,6.9
2025-10-17,2025-10-13,2025-10-17,100,up,6715.0,6552.51,0.36000000000000015,0.0,6664.01,22.3,22.1,22.5
2025-10-24,2025-10-20,2025-10-24,trigger,dn,6625.0,6664.01,0.17999999999999972,0.0,6791.69,21.4,21.3,21.5
2025-10-24,2025-10-20,2025-10-24,trigger,up,6700.0,6664.01,0.65,1.0,6791.69,55.0,54.9,55.1
2025-10-24,2025-10-20,2025-10-24,0382,dn,6600.0,6664.01,0.13999999999999915,0.0,6791.69,17.4,17.3,17.5
2025-10-24,2025-10-20,2025-10-24,0382,up,6725.0,6664.01,0.55,1.0,6791.69,39.75,39.6,39.9
2025-10-24,2025-10-20,2025-10-24,0618,dn,6565.0,6664.01,0.1,0.0,6791.69,13.0,12.9,13.1
2025-10-24,2025-10-20,2025-10-24,0618,up,6765.0,6664.01,0.39000000000000057,1.0,6791.69,20.450000000000003,20.3,20.6
2025-10-24,2025-10-20,2025-10-24,0786,dn,6535.0,6664.01,0.08000000000000007,0.0,6791.69,10.1,10.0,10.2
2025-10-24,2025-10-20,2025-10-24,0786,up,6790.0,6664.01,0.2600000000000001,0.0,6791.69,12.0,11.9,12.1
2025-10-24,2025-10-20,2025-10-24,100,dn,6500.0,6664.01,0.06999999999999992,0.0,6791.69,7.6,7.5,7.7
2025-10-24,2025-10-20,2025-10-24,100,up,6825.0,6664.01,0.13000000000000006,0.0,6791.69,4.75,4.7,4.8
2025-10-31,2025-10-27,2025-10-31,trigger,dn,6755.0,6791.69,0.13999999999999985,0.0,6840.2,14.55,14.5,14.6
2025-10-31,2025-10-27,2025-10-31,trigger,up,6830.0,6791.69,0.6599999999999995,1.0,6840.2,58.5,58.4,58.6
2025-10-31,2025-10-27,2025-10-31,0382,dn,6730.0,6791.69,0.1,0.0,6840.2,11.45,11.4,11.5
2025-10-31,2025-10-27,2025-10-31,0382,up,6855.0,6791.69,0.5800000000000012,0.0,6840.2,42.7,42.6,42.8
2025-10-31,2025-10-27,2025-10-31,0618,dn,6690.0,6791.69,0.05999999999999996,0.0,6840.2,7.95,7.9,8.0
2025-10-31,2025-10-27,2025-10-31,0618,up,6890.0,6791.69,0.44000000000000056,0.0,6840.2,24.700000000000003,24.6,24.8
2025-10-31,2025-10-27,2025-10-31,0786,dn,6665.0,6791.69,0.040000000000000036,0.0,6840.2,6.45,6.4,6.5
2025-10-31,2025-10-27,2025-10-31,0786,up,6920.0,6791.69,0.2800000000000001,0.0,6840.2,13.6,13.5,13.7
2025-10-31,2025-10-27,2025-10-31,100,dn,6630.0,6791.69,0.029999999999999895,0.0,6840.2,4.95,4.9,5.0
2025-10-31,2025-10-27,2025-10-31,100,up,6955.0,6791.69,0.1500000000000002,0.0,6840.2,5.95,5.9,6.0
2025-11-07,2025-11-03,2025-11-07,trigger,dn,6805.0,6840.2,0.2800000000000004,1.0,6728.8,28.6,28.3,28.9
2025-11-07,2025-11-03,2025-11-07,trigger,up,6880.0,6840.2,0.44000000000000056,0.0,6728.8,29.950000000000003,29.6,30.3
2025-11-07,2025-11-03,2025-11-07,0382,dn,6780.0,6840.2,0.21999999999999958,1.0,6728.8,22.4,22.1,22.7
2025-11-07,2025-11-03,2025-11-07,0382,up,6900.0,6840.2,0.36000000000000015,0.0,6728.8,21.7,21.4,22.0
2025-11-07,2025-11-03,2025-11-07,0618,dn,6740.0,6840.2,0.16000000000000014,1.0,6728.8,15.15,14.9,15.4
2025-11-07,2025-11-03,2025-11-07,0618,up,6940.0,6840.2,0.2099999999999998,0.0,6728.8,9.899999999999999,9.7,10.1
2025-11-07,2025-11-03,2025-11-07,0786,dn,6715.0,6840.2,0.10999999999999979,0.0,6728.8,11.85,11.6,12.1
2025-11-07,2025-11-03,2025-11-07,0786,up,6965.0,6840.2,0.1299999999999999,0.0,6728.8,5.449999999999999,5.3,5.6
2025-11-07,2025-11-03,2025-11-07,100,dn,6680.0,6840.2,0.08000000000000043,0.0,6728.8,8.600000000000001,8.4,8.8
2025-11-07,2025-11-03,2025-11-07,100,up,7000.0,6840.2,0.05,0.0,6728.8,2.05,1.95,2.15
2025-11-14,2025-11-10,2025-11-14,trigger,dn,6690.0,6728.8,0.13999999999999985,0.0,6734.11,13.0,12.9,13.1
2025-11-14,2025-11-10,2025-11-14,trigger,up,6770.0,6728.8,0.6800000000000012,0.0,6734.11,67.55000000000001,67.4,67.7
2025-11-14,2025-11-10,2025-11-14,0382,dn,6665.0,6728.8,0.1,0.0,6734.11,10.0,9.9,10.1
2025-11-14,2025-11-10,2025-11-14,0382,up,6790.0,6728.8,0.6200000000000003,0.0,6734.11,54.25,54.1,54.4
2025-11-14,2025-11-10,2025-11-14,0618,dn,6625.0,6728.8,0.05999999999999979,0.0,6734.11,6.6,6.5,6.7
2025-11-14,2025-11-10,2025-11-14,0618,up,6830.0,6728.8,0.4799999999999997,0.0,6734.11,31.85,31.7,32.0
2025-11-14,2025-11-10,2025-11-14,0786,dn,6600.0,6728.8,0.05999999999999979,0.0,6734.11,5.199999999999999,5.1,5.3
2025-11-14,2025-11-10,2025-11-14,0786,up,6860.0,6728.8,0.33999999999999914,0.0,6734.11,19.299999999999997,19.2,19.4
2025-11-14,2025-11-10,2025-11-14,100,dn,6565.0,6728.8,0.020000000000000018,0.0,6734.11,3.7,3.6,3.8
2025-11-14,2025-11-10,2025-11-14,100,up,6895.0,6728.8,0.21000000000000013,0.0,6734.11,9.55,9.4,9.7
2025-11-21,2025-11-17,2025-11-21,trigger,dn,6695.0,6734.11,0.3,1.0,6602.99,41.65,41.5,41.8
2025-11-21,2025-11-17,2025-11-21,trigger,up,6775.0,6734.11,0.49000000000000055,0.0,6602.99,45.5,45.4,45.6
2025-11-21,2025-11-17,2025-11-21,0382,dn,6670.0,6734.11,0.24000000000000057,1.0,6602.99,34.6,34.5,34.7
2025-11-21,2025-11-17,2025-11-21,0382,up,6800.0,6734.11,0.4099999999999994,0.0,6602.99,33.9,33.8,34.0
2025-11-21,2025-11-17,2025-11-21,0618,dn,6630.0,6734.11,0.2,1.0,6602.99,25.700000000000003,25.6,25.8
2025-11-21,2025-11-17,2025-11-21,0618,up,6840.0,6734.11,0.2799999999999997,0.0,6602.99,19.4,19.3,19.5
2025-11-21,2025-11-17,2025-11-21,0786,dn,6600.0,6734.11,0.15999999999999942,0.0,6602.99,20.5,20.4,20.6
2025-11-21,2025-11-17,2025-11-21,0786,up,6870.0,6734.11,0.2,0.0,6602.99,11.8,11.7,11.9
2025-11-21,2025-11-17,2025-11-21,100,dn,6565.0,6734.11,0.11999999999999993,0.0,6602.99,15.65,15.5,15.8
2025-11-21,2025-11-17,2025-11-21,100,up,6905.0,6734.11,0.11999999999999993,0.0,6602.99,6.0,5.9,6.1
2025-11-28,2025-11-24,2025-11-28,trigger,dn,6560.0,6602.99,0.18999999999999986,0.0,6849.09,25.75,25.5,26.0
2025-11-28,2025-11-24,2025-11-28,trigger,up,6645.0,6602.99,0.6200000000000003,1.0,6849.09,61.9,61.5,62.3
2025-11-28,2025-11-24,2025-11-28,0382,dn,6535.0,6602.99,0.16000000000000014,0.0,6849.09,21.3,21.0,21.6
2025-11-28,2025-11-24,2025-11-28,0382,up,6670.0,6602.99,0.5699999999999988,1.0,6849.09,47.099999999999994,46.8,47.4
2025-11-28,2025-11-24,2025-11-28,0618,dn,6495.0,6602.99,0.12999999999999973,0.0,6849.09,15.75,15.5,16.0
2025-11-28,2025-11-24,2025-11-28,0618,up,6710.0,6602.99,0.38999999999999985,1.0,6849.09,27.45,27.2,27.7
2025-11-28,2025-11-24,2025-11-28,0786,dn,6465.0,6602.99,0.1,0.0,6849.09,12.55,12.4,12.7
2025-11-28,2025-11-24,2025-11-28,0786,up,6740.0,6602.99,0.28999999999999987,1.0,6849.09,16.75,16.6,16.9
2025-11-28,2025-11-24,2025-11-28,100,dn,6425.0,6602.99,0.08000000000000007,0.0,6849.09,9.35,9.2,9.5
2025-11-28,2025-11-24,2025-11-28,100,up,6780.0,6602.99,0.16000000000000014,1.0,6849.09,7.5,7.4,7.6
2025-12-05,2025-12-01,2025-12-05,trigger,dn,6805.0,6849.09,0.3700000000000003,0.0,6870.4,31.85,30.3,33.4
2025-12-05,2025-12-01,2025-12-05,trigger,up,6890.0,6849.09,0.3,0.0,6870.4,15.2,14.4,16.0
2025-12-05,2025-12-01,2025-12-05,0382,dn,6780.0,6849.09,0.25,0.0,6870.4,24.65,23.2,26.1
2025-12-05,2025-12-01,2025-12-05,0382,up,6920.0,6849.09,0.19000000000000022,0.0,6870.4,7.65,7.0,8.3
2025-12-05,2025-12-01,2025-12-05,0618,dn,6735.0,6849.09,0.2,0.0,6870.4,15.3,14.8,15.8
2025-12-05,2025-12-01,2025-12-05,0618,up,6960.0,6849.09,0.06000000000000005,0.0,6870.4,2.35,2.2,2.5
2025-12-05,2025-12-01,2025-12-05,0786,dn,6705.0,6849.09,0.1,0.0,6870.4,11.05,10.4,11.7
2025-12-05,2025-12-01,2025-12-05,0786,up,6990.0,6849.09,0.019999999999999997,0.0,6870.4,0.95,0.85,1.05
2025-12-05,2025-12-01,2025-12-05,100,dn,6670.0,6849.09,0.08000000000000007,0.0,6870.4,7.75,7.2,8.3
2025-12-05,2025-12-01,2025-12-05,100,up,7030.0,6849.09,0.009999999999999998,0.0,6870.4,0.375,0.3,0.45
2025-12-12,2025-12-08,2025-12-12,trigger,dn,6830.0,6870.4,0.3200000000000003,1.0,6827.41,30.9,30.8,31.0
2025-12-12,2025-12-08,2025-12-12,trigger,up,6910.0,6870.4,0.4,0.0,6827.41,26.200000000000003,26.1,26.3
2025-12-12,2025-12-08,2025-12-12,0382,dn,6805.0,6870.4,0.23999999999999916,0.0,6827.41,23.9,23.8,24.0
2025-12-12,2025-12-08,2025-12-12,0382,up,6935.0,6870.4,0.3099999999999998,0.0,6827.41,17.15,17.1,17.2
2025-12-12,2025-12-08,2025-12-12,0618,dn,6760.0,6870.4,0.16000000000000014,0.0,6827.41,14.8,14.7,14.9
2025-12-12,2025-12-08,2025-12-12,0618,up,6980.0,6870.4,0.15,0.0,6827.41,6.5,6.4,6.6
2025-12-12,2025-12-08,2025-12-12,0786,dn,6735.0,6870.4,0.12000000000000029,0.0,6827.41,11.3,11.2,11.4
2025-12-12,2025-12-08,2025-12-12,0786,up,7010.0,6870.4,0.08000000000000007,0.0,6827.41,2.9000000000000004,2.85,2.95
2025-12-12,2025-12-08,2025-12-12,100,dn,6695.0,6870.4,0.07999999999999989,0.0,6827.41,7.35,7.3,7.4
2025-12-12,2025-12-08,2025-12-12,100,up,7045.0,6870.4,0.02999999999999998,0.0,6827.41,1.0,0.95,1.05
2025-12-19,2025-12-15,2025-12-19,trigger,dn,6785.0,6827.41,0.2700000000000003,0.0,6834.5,27.25,27.1,27.4
2025-12-19,2025-12-15,2025-12-19,trigger,up,6865.0,6827.41,0.4599999999999994,0.0,6834.5,31.9,31.8,32.0
2025-12-19,2025-12-15,2025-12-19,0382,dn,6765.0,6827.41,0.21999999999999886,0.0,6834.5,22.299999999999997,22.2,22.4
2025-12-19,2025-12-15,2025-12-19,0382,up,6890.0,6827.41,0.3600000000000009,0.0,6834.5,21.6,21.5,21.7
2025-12-19,2025-12-15,2025-12-19,0618,dn,6725.0,6827.41,0.1400000000000002,0.0,6834.5,14.8,14.7,14.9
2025-12-19,2025-12-15,2025-12-19,0618,up,6930.0,6827.41,0.2,0.0,6834.5,10.3,10.2,10.4
2025-12-19,2025-12-15,2025-12-19,0786,dn,6695.0,6827.41,0.11999999999999993,0.0,6834.5,10.9,10.8,11.0
2025-12-19,2025-12-15,2025-12-19,0786,up,6960.0,6827.41,0.10999999999999996,0.0,6834.5,5.5,5.4,5.6
2025-12-19,2025-12-15,2025-12-19,100,dn,6660.0,6827.41,0.0700000000000001,0.0,6834.5,7.55,7.5,7.6
2025-12-19,2025-12-15,2025-12-19,100,up,6995.0,6827.41,0.05,0.0,6834.5,2.625,2.6,2.65
2025-12-26,2025-12-22,2025-12-26,trigger,dn,6795.0,6834.5,0.1,0.0,6929.94,6.5,6.4,6.6
2025-12-26,2025-12-22,2025-12-26,trigger,up,6875.0,6834.5,0.5300000000000011,1.0,6929.94,22.700000000000003,22.6,22.8
2025-12-26,2025-12-22,2025-12-26,0382,dn,6770.0,6834.5,0.0700000000000001,0.0,6929.94,4.45,4.4,4.5
2025-12-26,2025-12-22,2025-12-26,0382,up,6900.0,6834.5,0.33000000000000007,1.0,6929.94,11.25,11.2,11.3
2025-12-26,2025-12-22,2025-12-26,0618,dn,6730.0,6834.5,0.029999999999999895,0.0,6929.94,2.55,2.5,2.6
2025-12-26,2025-12-22,2025-12-26,0618,up,6940.0,6834.5,0.09000000000000004,0.0,6929.94,2.45,2.4,2.5
2025-12-26,2025-12-22,2025-12-26,0786,dn,6705.0,6834.5,0.019999999999999928,0.0,6929.94,1.9249999999999998,1.9,1.95
2025-12-26,2025-12-22,2025-12-26,0786,up,6965.0,6834.5,0.030000000000000027,0.0,6929.94,0.8500000000000001,0.8,0.9
2025-12-26,2025-12-22,2025-12-26,100,dn,6665.0,6834.5,0.010000000000000009,0.0,6929.94,1.3,1.25,1.35
2025-12-26,2025-12-22,2025-12-26,100,up,7000.0,6834.5,0.0050000000000000044,0.0,6929.94,0.275,0.25,0.3
2026-01-02,2025-12-29,2026-01-02,trigger,dn,6890.0,6929.94,0.31999999999999884,1.0,6858.47,21.299999999999997,21.2,21.4
2026-01-02,2025-12-29,2026-01-02,trigger,up,6970.0,6929.94,0.16999999999999993,0.0,6858.47,5.0,4.9,5.1
2026-01-02,2025-12-29,2026-01-02,0382,dn,6865.0,6929.94,0.2099999999999998,1.0,6858.47,14.45,14.4,14.5
2026-01-02,2025-12-29,2026-01-02,0382,up,6990.0,6929.94,0.085,0.0,6858.47,2.375,2.35,2.4
2026-01-02,2025-12-29,2026-01-02,0618,dn,6830.0,6929.94,0.11999999999999993,0.0,6858.47,8.5,8.4,8.6
2026-01-02,2025-12-29,2026-01-02,0618,up,7030.0,6929.94,0.019999999999999997,0.0,6858.47,0.5,0.45,0.55
2026-01-02,2025-12-29,2026-01-02,0786,dn,6800.0,6929.94,0.0700000000000001,0.0,6858.47,5.55,5.5,5.6
2026-01-02,2025-12-29,2026-01-02,0786,up,7060.0,6929.94,0.004999999999999999,0.0,6858.47,0.225,0.2,0.25
2026-01-02,2025-12-29,2026-01-02,100,dn,6765.0,6929.94,0.040000000000000036,0.0,6858.47,3.5,3.4,3.6
2026-01-02,2025-12-29,2026-01-02,100,up,7095.0,6929.94,0.0,0.0,6858.47,0.125,0.1,0.15
2026-01-09,2026-01-05,2026-01-09,trigger,dn,6820.0,6858.47,0.19000000000000022,0.0,6966.28,13.15,8.2,18.1
2026-01-09,2026-01-05,2026-01-09,trigger,up,6895.0,6858.47,0.5299999999999997,1.0,6966.28,39.65,33.0,46.3
2026-01-09,2026-01-05,2026-01-09,0382,dn,6800.0,6858.47,0.55,0.0,6966.28,10.5,9.0,12.0
2026-01-09,2026-01-05,2026-01-09,0382,up,6920.0,6858.47,0.2799999999999997,1.0,6966.28,24.75,19.5,30.0
2026-01-09,2026-01-05,2026-01-09,0618,dn,6760.0,6858.47,0.43000000000000005,0.0,6966.28,5.7250000000000005,1.65,9.8
2026-01-09,2026-01-05,2026-01-09,0618,up,6955.0,6858.47,0.75,1.0,6966.28,14.4,11.7,17.1
2026-01-09,2026-01-05,2026-01-09,0786,dn,6735.0,6858.47,0.039999999999999945,0.0,6966.28,3.9,3.7,4.1
2026-01-09,2026-01-05,2026-01-09,0786,up,6985.0,6858.47,0.635,0.0,6966.28,5.85,4.9,6.8
2026-01-09,2026-01-05,2026-01-09,100,dn,6700.0,6858.47,0.03500000000000005,0.0,6966.28,2.45,2.3,2.6
2026-01-09,2026-01-05,2026-01-09,100,up,7020.0,6858.47,0.05,0.0,6966.28,1.6,1.45,1.75
2026-01-16,2026-01-12,2026-01-16,trigger,dn,6930.0,6966.28,0.2799999999999997,0.0,6940.01,24.549999999999997,24.4,24.7
2026-01-16,2026-01-12,2026-01-16,trigger,up,7005.0,6966.28,0.36000000000000015,0.0,6940.01,17.85,17.7,18.0
2026-01-16,2026-01-12,2026-01-16,0382,dn,6905.0,6966.28,0.2,0.0,6940.01,18.25,18.1,18.4
2026-01-16,2026-01-12,2026-01-16,0382,up,7025.0,6966.28,0.2700000000000003,0.0,6940.01,11.3,11.2,11.4
2026-01-16,2026-01-12,2026-01-16,0618,dn,6870.0,6966.28,0.13999999999999985,0.0,6940.01,12.1,12.0,12.2
2026-01-16,2026-01-12,2026-01-16,0618,up,7065.0,6966.28,0.1049999999999999,0.0,6940.01,3.55,3.5,3.6
2026-01-16,2026-01-12,2026-01-16,0786,dn,6845.0,6966.28,0.1,0.0,6940.01,9.1,9.0,9.2
2026-01-16,2026-01-12,2026-01-16,0786,up,7090.0,6966.28,0.04500000000000002,0.0,6940.01,1.5,1.45,1.55
2026-01-16,2026-01-12,2026-01-16,100,dn,6810.0,6966.28,0.05999999999999979,0.0,6940.01,6.1,6.0,6.2
2026-01-16,2026-01-12,2026-01-16,100,up,7125.0,6966.28,0.009999999999999998,0.0,6940.01,0.5,0.45,0.55
2026-01-23,2026-01-20,2026-01-23,trigger,dn,6905.0,6940.01,0.6200000000000017,0.0,6915.61,79.9,77.8,82.0
2026-01-23,2026-01-20,2026-01-23,trigger,up,6975.0,6940.01,0.10999999999999996,0.0,6915.61,4.8,4.6,5.0
2026-01-23,2026-01-20,2026-01-23,0382,dn,6880.0,6940.01,0.5900000000000005,0.0,6915.61,65.65,63.6,67.7
2026-01-23,2026-01-20,2026-01-23,0382,up,7000.0,6940.01,0.06999999999999992,0.0,6915.61,2.425,2.35,2.5
2026-01-23,2026-01-20,2026-01-23,0618,dn,6845.0,6940.01,0.41000000000000086,0.0,6915.61,47.95,47.4,48.5
2026-01-23,2026-01-20,2026-01-23,0618,up,7035.0,6940.01,0.020000000000000018,0.0,6915.61,0.8,0.75,0.85
2026-01-23,2026-01-20,2026-01-23,0786,dn,6820.0,6940.01,0.3300000000000011,0.0,6915.61,38.5,38.0,39.0
2026-01-23,2026-01-20,2026-01-23,0786,up,7060.0,6940.01,0.010000000000000009,0.0,6915.61,0.4,0.35,0.45
2026-01-23,2026-01-20,2026-01-23,100,dn,6785.0,6940.01,0.23999999999999985,0.0,6915.61,27.95,27.5,28.4
2026-01-23,2026-01-20,2026-01-23,100,up,7095.0,6940.01,0.0050000000000000044,0.0,6915.61,0.2,0.15,0.25
2026-01-30,2026-01-26,2026-01-30,trigger,dn,6880.0,6915.61,0.21000000000000085,0.0,6939.03,23.200000000000003,23.1,23.3
2026-01-30,2026-01-26,2026-01-30,trigger,up,6950.0,6915.61,0.5799999999999997,0.0,6939.03,44.25,44.1,44.4
2026-01-30,2026-01-26,2026-01-30,0382,dn,6855.0,6915.61,0.15999999999999942,0.0,6939.03,18.4,18.3,18.5
2026-01-30,2026-01-26,2026-01-30,0382,up,6975.0,6915.61,0.4799999999999997,0.0,6939.03,30.65,30.5,30.8
2026-01-30,2026-01-26,2026-01-30,0618,dn,6820.0,6915.61,0.11999999999999993,0.0,6939.03,13.35,13.2,13.5
2026-01-30,2026-01-26,2026-01-30,0618,up,7010.0,6915.61,0.33000000000000007,0.0,6939.03,15.950000000000001,15.8,16.1
2026-01-30,2026-01-26,2026-01-30,0786,dn,6795.0,6915.61,0.1,0.0,6939.03,10.6,10.5,10.7
2026-01-30,2026-01-26,2026-01-30,0786,up,7035.0,6915.61,0.23000000000000007,0.0,6939.03,8.75,8.6,8.9
2026-01-30,2026-01-26,2026-01-30,100,dn,6765.0,6915.61,0.060000000000000143,0.0,6939.03,8.0,7.9,8.1
2026-01-30,2026-01-26,2026-01-30,100,up,7070.0,6915.61,0.09500000000000011,0.0,6939.03,3.0250000000000004,2.95,3.1
2026-02-06,2026-02-02,2026-02-06,trigger,dn,6905.0,6939.03,0.55,0.0,6932.3,31.2,24.0,38.4
2026-02-06,2026-02-02,2026-02-06,trigger,up,6975.0,6939.03,0.5099999999999995,0.0,6932.3,34.8,28.0,41.6
2026-02-06,2026-02-02,2026-02-06,0382,dn,6880.0,6939.03,0.2600000000000001,0.0,6932.3,25.95,19.9,32.0
2026-02-06,2026-02-02,2026-02-06,0382,up,6995.0,6939.03,0.32999999999999974,0.0,6932.3,25.35,19.8,30.9
2026-02-06,2026-02-02,2026-02-06,0618,dn,6845.0,6939.03,0.1,0.0,6932.3,19.1,13.7,24.5
2026-02-06,2026-02-02,2026-02-06,0618,up,7030.0,6939.03,-0.09000000000000022,0.0,6932.3,10.95,7.9,14.0
2026-02-06,2026-02-02,2026-02-06,0786,dn,6820.0,6939.03,0.17999999999999972,0.0,6932.3,14.7,9.9,19.5
2026-02-06,2026-02-02,2026-02-06,0786,up,7060.0,6939.03,0.18999999999999986,0.0,6932.3,5.699999999999999,1.7,9.7
2026-02-06,2026-02-02,2026-02-06,100,dn,6790.0,6939.03,0.15,0.0,6932.3,11.8,7.4,16.2
2026-02-06,2026-02-02,2026-02-06,100,up,7090.0,6939.03,0.07000000000000002,0.0,6932.3,2.25,2.0,2.5
2026-02-13,2026-02-09,2026-02-13,trigger,dn,6895.0,6932.3,0.30999999999999944,1.0,6836.17,38.3,38.1,38.5
2026-02-13,2026-02-09,2026-02-13,trigger,up,6970.0,6932.3,0.4599999999999994,0.0,6836.17,27.549999999999997,27.4,27.7
2026-02-13,2026-02-09,2026-02-13,0382,dn,6875.0,6932.3,0.25999999999999945,1.0,6836.17,32.65,32.5,32.8
2026-02-13,2026-02-09,2026-02-13,0382,up,6990.0,6932.3,0.3600000000000009,0.0,6836.17,18.950000000000003,18.8,19.1
2026-02-13,2026-02-09,2026-02-13,0618,dn,6835.0,6932.3,0.17999999999999972,0.0,6836.17,23.65,23.5,23.8
2026-02-13,2026-02-09,2026-02-13,0618,up,7030.0,6932.3,0.2099999999999998,0.0,6836.17,7.1,7.0,7.2
2026-02-13,2026-02-09,2026-02-13,0786,dn,6810.0,6932.3,0.15999999999999942,0.0,6836.17,19.25,19.1,19.4
2026-02-13,2026-02-09,2026-02-13,0786,up,7055.0,6932.3,0.1,0.0,6836.17,3.1500000000000004,3.1,3.2
2026-02-13,2026-02-09,2026-02-13,100,dn,6775.0,6932.3,0.12000000000000029,0.0,6836.17,14.3,14.2,14.4
2026-02-13,2026-02-09,2026-02-13,100,up,7090.0,6932.3,0.025000000000000022,0.0,6836.17,0.8500000000000001,0.8,0.9
2026-02-20,2026-02-17,2026-02-20,trigger,dn,6800.0,6836.17,0.4600000000000023,0.0,6909.51,68.15,67.9,68.4
2026-02-20,2026-02-17,2026-02-20,trigger,up,6875.0,6836.17,0.3200000000000003,1.0,6909.51,21.75,21.6,21.9
2026-02-20,2026-02-17,2026-02-20,0382,dn,6775.0,6836.17,0.39000000000000057,0.0,6909.51,57.55,57.3,57.8
2026-02-20,2026-02-17,2026-02-20,0382,up,6895.0,6836.17,0.2600000000000001,1.0,6909.51,15.8,15.7,15.9
2026-02-20,2026-02-17,2026-02-20,0618,dn,6740.0,6836.17,0.31000000000000083,0.0,6909.51,45.2,45.0,45.4
2026-02-20,2026-02-17,2026-02-20,0618,up,6935.0,6836.17,0.15,0.0,6909.51,7.449999999999999,7.3,7.6
2026-02-20,2026-02-17,2026-02-20,0786,dn,6710.0,6836.17,0.25999999999999945,0.0,6909.51,36.599999999999994,36.4,36.8
2026-02-20,2026-02-17,2026-02-20,0786,up,6960.0,6836.17,0.10000000000000017,0.0,6909.51,4.300000000000001,4.2,4.4
2026-02-20,2026-02-17,2026-02-20,100,dn,6680.0,6836.17,0.20999999999999944,0.0,6909.51,29.549999999999997,29.4,29.7
2026-02-20,2026-02-17,2026-02-20,100,up,6995.0,6836.17,0.039999999999999994,0.0,6909.51,1.825,1.75,1.9
2026-02-27,2026-02-23,2026-02-27,trigger,dn,6870.0,6909.51,0.35,0.0,6878.88,52.8,52.6,53.0
2026-02-27,2026-02-23,2026-02-27,trigger,up,6945.0,6909.51,0.4199999999999989,0.0,6878.88,27.299999999999997,27.2,27.4
2026-02-27,2026-02-23,2026-02-27,0382,dn,6850.0,6909.51,0.31000000000000083,0.0,6878.88,46.2,46.0,46.4
2026-02-27,2026-02-23,2026-02-27,0382,up,6970.0,6909.51,0.3400000000000002,0.0,6878.88,17.6,17.5,17.7
2026-02-27,2026-02-23,2026-02-27,0618,dn,6810.0,6909.51,0.2299999999999997,0.0,6878.88,35.35,35.2,35.5
2026-02-27,2026-02-23,2026-02-27,0618,up,7005.0,6909.51,0.2,0.0,6878.88,7.85,7.8,7.9
2026-02-27,2026-02-23,2026-02-27,0786,dn,6785.0,6909.51,0.2,0.0,6878.88,29.9,29.8,30.0
2026-02-27,2026-02-23,2026-02-27,0786,up,7035.0,6909.51,0.1,0.0,6878.88,3.05,3.0,3.1
2026-02-27,2026-02-23,2026-02-27,100,dn,6750.0,6909.51,0.15,0.0,6878.88,23.6,23.5,23.7
2026-02-27,2026-02-23,2026-02-27,100,up,7065.0,6909.51,0.02999999999999998,0.0,6878.88,0.95,0.9,1.0
2026-03-06,2026-03-02,2026-03-06,trigger,dn,6840.0,6878.88,0.35999999999999943,1.0,6740.02,61.55,59.4,63.7
2026-03-06,2026-03-02,2026-03-06,trigger,up,6915.0,6878.88,0.4199999999999989,0.0,6740.02,28.549999999999997,26.9,30.2
2026-03-06,2026-03-02,2026-03-06,0382,dn,6820.0,6878.88,0.3300000000000011,1.0,6740.02,54.650000000000006,52.6,56.7
2026-03-06,2026-03-02,2026-03-06,0382,up,6940.0,6878.88,0.35,0.0,6740.02,18.8,17.3,20.3
2026-03-06,2026-03-02,2026-03-06,0618,dn,6785.0,6878.88,0.26999999999999885,1.0,6740.02,44.25,42.4,46.1
2026-03-06,2026-03-02,2026-03-06,0618,up,6975.0,6878.88,0.2200000000000001,0.0,6740.02,8.65,7.4,9.9
2026-03-06,2026-03-02,2026-03-06,0786,dn,6755.0,6878.88,0.2299999999999997,1.0,6740.02,36.85,35.1,38.6
2026-03-06,2026-03-02,2026-03-06,0786,up,7000.0,6878.88,0.15999999999999986,0.0,6740.02,4.6,4.0,5.2
2026-03-06,2026-03-02,2026-03-06,100,dn,6725.0,6878.88,0.18999999999999914,0.0,6740.02,30.65,29.0,32.3
2026-03-06,2026-03-02,2026-03-06,100,up,7035.0,6878.88,0.04499999999999997,0.0,6740.02,1.4,1.3,1.5
2026-03-13,2026-03-09,2026-03-13,trigger,dn,6705.0,6740.02,0.4899999999999977,1.0,6632.19,109.75,107.2,112.3
2026-03-13,2026-03-09,2026-03-13,trigger,up,6775.0,6740.02,0.3499999999999993,0.0,6632.19,32.55,32.2,32.9
2026-03-13,2026-03-09,2026-03-13,0382,dn,6680.0,6740.02,0.4599999999999994,1.0,6632.19,97.55,95.0,100.1
2026-03-13,2026-03-09,2026-03-13,0382,up,6800.0,6740.02,0.28999999999999987,0.0,6632.19,24.5,24.2,24.8
2026-03-13,2026-03-09,2026-03-13,0618,dn,6640.0,6740.02,0.3900000000000034,1.0,6632.19,82.05000000000001,81.7,82.4
2026-03-13,2026-03-09,2026-03-13,0618,up,6840.0,6740.02,0.2,0.0,6632.19,14.3,14.1,14.5
2026-03-13,2026-03-09,2026-03-13,0786,dn,6615.0,6740.02,0.36000000000000226,0.0,6632.19,72.75,72.4,73.1
2026-03-13,2026-03-09,2026-03-13,0786,up,6865.0,6740.02,0.4,0.0,6632.19,10.75,9.4,12.1
2026-03-13,2026-03-09,2026-03-13,100,dn,6580.0,6740.02,0.28999999999999915,0.0,6632.19,61.15,60.8,61.5
2026-03-13,2026-03-09,2026-03-13,100,up,6900.0,6740.02,0.1,0.0,6632.19,5.0,4.9,5.1
2026-03-20,2026-03-16,2026-03-20,trigger,dn,6595.0,6632.19,0.2,1.0,6506.48,31.299999999999997,31.2,31.4
2026-03-20,2026-03-16,2026-03-20,trigger,up,6670.0,6632.19,0.7,0.0,6506.48,102.05000000000001,101.9,102.2
2026-03-20,2026-03-16,2026-03-20,0382,dn,6570.0,6632.19,0.16999999999999887,1.0,6506.48,26.549999999999997,26.4,26.7
2026-03-20,2026-03-16,2026-03-20,0382,up,6695.0,6632.19,0.65,0.0,6506.48,85.35,85.2,85.5
2026-03-20,2026-03-16,2026-03-20,0618,dn,6530.0,6632.19,0.13999999999999915,1.0,6506.48,20.299999999999997,20.2,20.4
2026-03-20,2026-03-16,2026-03-20,0618,up,6735.0,6632.19,0.55,0.0,6506.48,61.05,60.9,61.2
2026-03-20,2026-03-16,2026-03-20,0786,dn,6505.0,6632.19,0.11000000000000085,0.0,6506.48,17.1,17.0,17.2
2026-03-20,2026-03-16,2026-03-20,0786,up,6760.0,6632.19,0.5,0.0,6506.48,47.75,47.6,47.9
2026-03-20,2026-03-16,2026-03-20,100,dn,6470.0,6632.19,0.1,0.0,6506.48,13.5,13.4,13.6
2026-03-20,2026-03-16,2026-03-20,100,up,6795.0,6632.19,0.42000000000000026,0.0,6506.48,31.65,31.5,31.8
2026-03-27,2026-03-23,2026-03-27,trigger,dn,6465.0,6506.48,0.16000000000000014,1.0,6368.85,25.35,25.1,25.6
2026-03-27,2026-03-23,2026-03-27,trigger,up,6545.0,6506.48,0.7200000000000045,0.0,6368.85,129.55,129.2,129.9
2026-03-27,2026-03-23,2026-03-27,0382,dn,6440.0,6506.48,0.13999999999999985,1.0,6368.85,21.55,21.3,21.8
2026-03-27,2026-03-23,2026-03-27,0382,up,6570.0,6506.48,0.6699999999999988,0.0,6368.85,111.6,111.3,111.9
2026-03-27,2026-03-23,2026-03-27,0618,dn,6400.0,6506.48,0.10999999999999943,1.0,6368.85,16.65,16.4,16.9
2026-03-27,2026-03-23,2026-03-27,0618,up,6610.0,6506.48,0.6199999999999989,0.0,6368.85,85.0,84.7,85.3
2026-03-27,2026-03-23,2026-03-27,0786,dn,6370.0,6506.48,0.07999999999999971,0.0,6368.85,13.7,13.5,13.9
2026-03-27,2026-03-23,2026-03-27,0786,up,6640.0,6506.48,0.5699999999999988,0.0,6368.85,67.0,66.7,67.3
2026-03-27,2026-03-23,2026-03-27,100,dn,6335.0,6506.48,0.060000000000000143,0.0,6368.85,11.0,10.8,11.2
2026-03-27,2026-03-23,2026-03-27,100,up,6680.0,6506.48,0.46999999999999886,0.0,6368.85,46.05,45.8,46.3
2026-04-03,2026-03-30,2026-04-02,trigger,dn,6325.0,6368.85,0.35999999999999943,0.0,6582.69,50.55,50.4,50.7
2026-04-03,2026-03-30,2026-04-02,trigger,up,6410.0,6368.85,0.45,1.0,6582.69,57.8,57.6,58.0
2026-04-03,2026-03-30,2026-04-02,0382,dn,6300.0,6368.85,0.3200000000000003,0.0,6582.69,42.15,42.0,42.3
2026-04-03,2026-03-30,2026-04-02,0382,up,6440.0,6368.85,0.3899999999999991,1.0,6582.69,45.099999999999994,44.9,45.3
2026-04-03,2026-03-30,2026-04-02,0618,dn,6260.0,6368.85,0.23999999999999916,0.0,6582.69,30.9,30.8,31.0
2026-04-03,2026-03-30,2026-04-02,0618,up,6480.0,6368.85,0.3,1.0,6582.69,31.1,31.0,31.2
2026-04-03,2026-03-30,2026-04-02,0786,dn,6225.0,6368.85,0.17999999999999972,0.0,6582.69,23.25,23.1,23.4
2026-04-03,2026-03-30,2026-04-02,0786,up,6510.0,6368.85,0.25,1.0,6582.69,22.799999999999997,22.7,22.9
2026-04-03,2026-03-30,2026-04-02,100,dn,6190.0,6368.85,0.14000000000000057,0.0,6582.69,17.35,17.2,17.5
2026-04-03,2026-03-30,2026-04-02,100,up,6550.0,6368.85,0.1700000000000003,1.0,6582.69,14.3,14.2,14.4
2026-04-10,2026-04-06,2026-04-10,trigger,dn,6540.0,6582.69,0.3,0.0,6816.89,40.75,40.2,41.3
2026-04-10,2026-04-06,2026-04-10,trigger,up,6625.0,6582.69,0.5600000000000023,1.0,6816.89,57.400000000000006,56.6,58.2
2026-04-10,2026-04-06,2026-04-10,0382,dn,6510.0,6582.69,0.2,0.0,6816.89,33.3,32.7,33.9
2026-04-10,2026-04-06,2026-04-10,0382,up,6655.0,6582.69,0.5,1.0,6816.89,42.0,41.4,42.6
2026-04-10,2026-04-06,2026-04-10,0618,dn,6465.0,6582.69,0.1700000000000003,0.0,6816.89,24.700000000000003,24.3,25.1
2026-04-10,2026-04-06,2026-04-10,0618,up,6700.0,6582.69,0.32999999999999974,1.0,6816.89,23.35,22.9,23.8
2026-04-10,2026-04-06,2026-04-10,0786,dn,6435.0,6582.69,0.12000000000000029,0.0,6816.89,20.1,19.7,20.5
2026-04-10,2026-04-06,2026-04-10,0786,up,6730.0,6582.69,0.23999999999999985,1.0,6816.89,14.5,14.1,14.9
2026-04-10,2026-04-06,2026-04-10,100,dn,6395.0,6582.69,0.10999999999999979,0.0,6816.89,15.35,15.0,15.7
2026-04-10,2026-04-06,2026-04-10,100,up,6770.0,6582.69,0.13999999999999985,1.0,6816.89,6.85,6.5,7.2
2026-04-17,2026-04-13,2026-04-17,trigger,dn,6770.0,6816.89,0.26000000000000084,0.0,7126.06,31.35,31.2,31.5
2026-04-17,2026-04-13,2026-04-17,trigger,up,6865.0,6816.89,0.4199999999999989,1.0,7126.06,27.549999999999997,27.4,27.7
2026-04-17,2026-04-13,2026-04-17,0382,dn,6740.0,6816.89,0.2,0.0,7126.06,24.35,24.2,24.5
2026-04-17,2026-04-13,2026-04-17,0382,up,6890.0,6816.89,0.3200000000000003,1.0,7126.06,17.950000000000003,17.8,18.1
2026-04-17,2026-04-13,2026-04-17,0618,dn,6695.0,6816.89,0.14000000000000057,0.0,7126.06,16.700000000000003,16.6,16.8
2026-04-17,2026-04-13,2026-04-17,0618,up,6940.0,6816.89,0.13000000000000006,1.0,7126.06,6.4,6.3,6.5
2026-04-17,2026-04-13,2026-04-17,0786,dn,6660.0,6816.89,0.1,0.0,7126.06,12.4,12.3,12.5
2026-04-17,2026-04-13,2026-04-17,0786,up,6970.0,6816.89,0.075,1.0,7126.06,3.3,3.2,3.4
2026-04-17,2026-04-13,2026-04-17,100,dn,6620.0,6816.89,0.08000000000000007,0.0,7126.06,8.8,8.7,8.9
2026-04-17,2026-04-13,2026-04-17,100,up,7015.0,6816.89,0.025,1.0,7126.06,1.2,1.15,1.25
2026-04-24,2026-04-20,2026-04-24,trigger,dn,7075.0,7126.06,0.2799999999999997,0.0,7165.08,32.55,32.4,32.7
2026-04-24,2026-04-20,2026-04-24,trigger,up,7175.0,7126.06,0.3799999999999997,0.0,7165.08,25.549999999999997,25.4,25.7
2026-04-24,2026-04-20,2026-04-24,0382,dn,7045.0,7126.06,0.22000000000000028,0.0,7165.08,25.200000000000003,25.1,25.3
2026-04-24,2026-04-20,2026-04-24,0382,up,7205.0,7126.06,0.2700000000000003,0.0,7165.08,15.55,15.4,15.7
2026-04-24,2026-04-20,2026-04-24,0618,dn,6995.0,7126.06,0.12999999999999937,0.0,7165.08,16.549999999999997,16.4,16.7
2026-04-24,2026-04-20,2026-04-24,0618,up,7255.0,7126.06,0.11999999999999993,0.0,7165.08,5.6,5.5,5.7
2026-04-24,2026-04-20,2026-04-24,0786,dn,6960.0,7126.06,0.1,0.0,7165.08,12.5,12.4,12.6
2026-04-24,2026-04-20,2026-04-24,0786,up,7290.0,7126.06,0.05500000000000007,0.0,7165.08,2.5,2.45,2.55
2026-04-24,2026-04-20,2026-04-24,100,dn,6920.0,7126.06,0.05999999999999979,0.0,7165.08,9.1,9.0,9.2
2026-04-24,2026-04-20,2026-04-24,100,up,7335.0,7126.06,0.01499999999999999,0.0,7165.08,0.95,0.9,1.0
2026-05-01,2026-04-27,2026-05-01,trigger,dn,7115.0,7165.08,0.2799999999999997,0.0,7230.12,35.5,35.4,35.6
2026-05-01,2026-04-27,2026-05-01,trigger,up,7215.0,7165.08,0.42000000000000026,1.0,7230.12,30.9,30.8,31.0
2026-05-01,2026-04-27,2026-05-01,0382,dn,7090.0,7165.08,0.23000000000000115,0.0,7230.12,28.950000000000003,28.8,29.1
2026-05-01,2026-04-27,2026-05-01,0382,up,7240.0,7165.08,0.31999999999999884,0.0,7230.12,21.299999999999997,21.2,21.4
2026-05-01,2026-04-27,2026-05-01,0618,dn,7040.0,7165.08,0.15999999999999942,0.0,7230.12,19.0,18.9,19.1
2026-05-01,2026-04-27,2026-05-01,0618,up,7290.0,7165.08,0.18000000000000008,0.0,7230.12,8.5,8.4,8.6
2026-05-01,2026-04-27,2026-05-01,0786,dn,7005.0,7165.08,0.11999999999999993,0.0,7230.12,14.0,13.9,14.1
2026-05-01,2026-04-27,2026-05-01,0786,up,7325.0,7165.08,0.07999999999999999,0.0,7230.12,3.8,3.7,3.9
2026-05-01,2026-04-27,2026-05-01,100,dn,6965.0,7165.08,0.08000000000000007,0.0,7230.12,9.8,9.7,9.9
2026-05-01,2026-04-27,2026-05-01,100,up,7365.0,7165.08,0.039999999999999994,0.0,7230.12,1.5,1.45,1.55
2026-05-08,2026-05-04,2026-05-08,trigger,dn,7185.0,7230.12,0.26000000000000084,0.0,7398.93,27.35,27.2,27.5
2026-05-08,2026-05-04,2026-05-08,trigger,up,7275.0,7230.12,0.4,1.0,7398.93,24.200000000000003,24.1,24.3
2026-05-08,2026-05-04,2026-05-08,0382,dn,7155.0,7230.12,0.2,0.0,7398.93,20.4,20.3,20.5
2026-05-08,2026-05-04,2026-05-08,0382,up,7305.0,7230.12,0.2599999999999998,1.0,7398.93,14.1,14.0,14.2
2026-05-08,2026-05-04,2026-05-08,0618,dn,7105.0,7230.12,0.11999999999999993,0.0,7398.93,12.6,12.5,12.7
2026-05-08,2026-05-04,2026-05-08,0618,up,7355.0,7230.12,0.11000000000000014,1.0,7398.93,4.75,4.7,4.8
2026-05-08,2026-05-04,2026-05-08,0786,dn,7075.0,7230.12,0.08999999999999986,0.0,7398.93,9.45,9.4,9.5
2026-05-08,2026-05-04,2026-05-08,0786,up,7385.0,7230.12,0.05499999999999994,1.0,7398.93,2.2249999999999996,2.15,2.3
2026-05-08,2026-05-04,2026-05-08,100,dn,7030.0,7230.12,0.04999999999999982,0.0,7398.93,6.199999999999999,6.1,6.3
2026-05-08,2026-05-04,2026-05-08,100,up,7430.0,7230.12,0.010000000000000009,0.0,7398.93,0.75,0.7,0.8
2026-05-15,2026-05-11,2026-05-15,trigger,dn,7350.0,7398.93,0.25,0.0,7408.5,24.450000000000003,24.3,24.6
2026-05-15,2026-05-11,2026-05-15,trigger,up,7445.0,7398.93,0.41000000000000086,0.0,7408.5,29.450000000000003,29.3,29.6
2026-05-15,2026-05-11,2026-05-15,0382,dn,7320.0,7398.93,0.1700000000000003,0.0,7408.5,18.0,17.9,18.1
2026-05-15,2026-05-11,2026-05-15,0382,up,7475.0,7398.93,0.3,0.0,7408.5,18.549999999999997,18.4,18.7
2026-05-15,2026-05-11,2026-05-15,0618,dn,7275.0,7398.93,0.1,0.0,7408.5,11.6,11.5,11.7
2026-05-15,2026-05-11,2026-05-15,0618,up,7525.0,7398.93,0.1400000000000002,0.0,7408.5,7.300000000000001,7.2,7.4
2026-05-15,2026-05-11,2026-05-15,0786,dn,7240.0,7398.93,0.08000000000000007,0.0,7408.5,8.4,8.3,8.5
2026-05-15,2026-05-11,2026-05-15,0786,up,7555.0,7398.93,0.07999999999999999,0.0,7408.5,3.9,3.8,4.0
2026-05-15,2026-05-11,2026-05-15,100,dn,7195.0,7398.93,0.040000000000000216,0.0,7408.5,5.800000000000001,5.7,5.9
2026-05-15,2026-05-11,2026-05-15,100,up,7600.0,7398.93,0.02999999999999998,0.0,7408.5,1.575,1.5,1.65
2026-05-22,2026-05-18,2026-05-22,trigger,dn,7360.0,7408.5,0.25999999999999945,0.0,7473.47,29.9,29.8,30.0
2026-05-22,2026-05-18,2026-05-22,trigger,up,7455.0,7408.5,0.4599999999999994,1.0,7473.47,40.65,40.5,40.8
2026-05-22,2026-05-18,2026-05-22,0382,dn,7330.0,7408.5,0.2,0.0,7473.47,22.9,22.8,23.0
2026-05-22,2026-05-18,2026-05-22,0382,up,7485.0,7408.5,0.3600000000000009,0.0,7473.47,27.950000000000003,27.8,28.1
2026-05-22,2026-05-18,2026-05-22,0618,dn,7285.0,7408.5,0.1400000000000002,0.0,7473.47,15.3,15.2,15.4
2026-05-22,2026-05-18,2026-05-22,0618,up,7530.0,7408.5,0.22000000000000028,0.0,7473.47,14.3,14.2,14.4
2026-05-22,2026-05-18,2026-05-22,0786,dn,7250.0,7408.5,0.1,0.0,7473.47,11.2,11.1,11.3
2026-05-22,2026-05-18,2026-05-22,0786,up,7565.0,7408.5,0.13999999999999985,0.0,7473.47,7.6,7.5,7.7
2026-05-22,2026-05-18,2026-05-22,100,dn,7210.0,7408.5,0.060000000000000143,0.0,7473.47,7.800000000000001,7.7,7.9
2026-05-22,2026-05-18,2026-05-22,100,up,7610.0,7408.5,0.06999999999999992,0.0,7473.47,2.875,2.8,2.95
2026-05-29,2026-05-26,2026-05-29,trigger,dn,7425.0,7473.47,0.12999999999999973,0.0,7580.06,11.45,11.3,11.6
2026-05-29,2026-05-26,2026-05-29,trigger,up,7520.0,7473.47,0.5900000000000005,1.0,7580.06,44.400000000000006,44.2,44.6
2026-05-29,2026-05-26,2026-05-29,0382,dn,7400.0,7473.47,0.1,0.0,7580.06,8.6,8.5,8.7
2026-05-29,2026-05-26,2026-05-29,0382,up,7550.0,7473.47,0.44000000000000056,1.0,7580.06,28.75,28.6,28.9
2026-05-29,2026-05-26,2026-05-29,0618,dn,7350.0,7473.47,0.039999999999999855,0.0,7580.06,5.0,4.9,5.1
2026-05-29,2026-05-26,2026-05-29,0618,up,7595.0,7473.47,0.23999999999999985,0.0,7580.06,12.85,12.7,13.0
2026-05-29,2026-05-26,2026-05-29,0786,dn,7320.0,7473.47,0.039999999999999945,0.0,7580.06,3.8,3.7,3.9
2026-05-29,2026-05-26,2026-05-29,0786,up,7630.0,7473.47,0.13999999999999985,0.0,7580.06,6.0,5.9,6.1
2026-05-29,2026-05-26,2026-05-29,100,dn,7275.0,7473.47,0.020000000000000108,0.0,7580.06,2.575,2.5,2.65
2026-05-29,2026-05-26,2026-05-29,100,up,7670.0,7473.47,0.05,0.0,7580.06,2.3,2.25,2.35
2026-06-05,2026-06-01,2026-06-05,trigger,dn,7535.0,7580.06,0.13999999999999985,1.0,7383.74,27.5,21.0,34.0
2026-06-05,2026-06-01,2026-06-05,trigger,up,7625.0,7580.06,0.65,0.0,7383.74,20.25,14.2,26.3
2026-06-05,2026-06-01,2026-06-05,0382,dn,7505.0,7580.06,0.4299999999999997,1.0,7383.74,20.0,13.8,26.2
2026-06-05,2026-06-01,2026-06-05,0382,up,7655.0,7580.06,0.4699999999999999,0.0,7383.74,12.0,7.5,16.5
2026-06-05,2026-06-01,2026-06-05,0618,dn,7460.0,7580.06,0.1,1.0,7383.74,12.8,8.8,16.8
2026-06-05,2026-06-01,2026-06-05,0618,up,7700.0,7580.06,0.20999999999999996,0.0,7383.74,4.25,3.5,5.0
2026-06-05,2026-06-01,2026-06-05,0786,dn,7430.0,7580.06,0.08999999999999986,1.0,7383.74,9.75,6.5,13.0
2026-06-05,2026-06-01,2026-06-05,0786,up,7730.0,7580.06,0.04500000000000002,0.0,7383.74,1.475,1.4,1.55
2026-06-05,2026-06-01,2026-06-05,100,dn,7385.0,7580.06,0.1049999999999999,0.0,7383.74,6.35,4.2,8.5
2026-06-05,2026-06-01,2026-06-05,100,up,7775.0,7580.06,0.009999999999999998,0.0,7383.74,0.375,0.3,0.45
2026-06-12,2026-06-08,2026-06-12,trigger,dn,7335.0,7383.74,0.22000000000000028,0.0,7431.46,30.25,30.1,30.4
2026-06-12,2026-06-08,2026-06-12,trigger,up,7430.0,7383.74,0.55,0.0,7431.46,57.2,57.0,57.4
2026-06-12,2026-06-08,2026-06-12,0382,dn,7310.0,7383.74,0.17999999999999972,0.0,7431.46,25.1,25.0,25.2
2026-06-12,2026-06-08,2026-06-12,0382,up,7460.0,7383.74,0.4700000000000003,0.0,7431.46,41.7,41.5,41.9
2026-06-12,2026-06-08,2026-06-12,0618,dn,7260.0,7383.74,0.12000000000000029,0.0,7431.46,17.35,17.2,17.5
2026-06-12,2026-06-08,2026-06-12,0618,up,7505.0,7383.74,0.3300000000000011,0.0,7431.46,23.700000000000003,23.6,23.8
2026-06-12,2026-06-08,2026-06-12,0786,dn,7230.0,7383.74,0.1,0.0,7431.46,13.95,13.8,14.1
2026-06-12,2026-06-08,2026-06-12,0786,up,7540.0,7383.74,0.21999999999999992,0.0,7431.46,14.0,13.9,14.1
2026-06-12,2026-06-08,2026-06-12,100,dn,7185.0,7383.74,0.05999999999999979,0.0,7431.46,10.1,10.0,10.2
2026-06-12,2026-06-08,2026-06-12,100,up,7580.0,7383.74,0.11999999999999993,0.0,7431.46,6.9,6.8,7.0
2026-06-19,2026-06-15,2026-06-18,trigger,dn,7385.0,7431.46,0.05999999999999979,0.0,7500.58,8.6,8.5,8.7
2026-06-19,2026-06-15,2026-06-18,trigger,up,7480.0,7431.46,0.8599999999999965,1.0,7500.58,91.69999999999999,90.8,92.6
2026-06-19,2026-06-15,2026-06-18,0382,dn,7355.0,7431.46,0.04999999999999982,0.0,7500.58,6.699999999999999,6.6,6.8
2026-06-19,2026-06-15,2026-06-18,0382,up,7510.0,7431.46,0.7,0.0,7500.58,69.4,69.2,69.6
2026-06-19,2026-06-15,2026-06-18,0618,dn,7310.0,7431.46,0.030000000000000072,0.0,7500.58,4.800000000000001,4.7,4.9
2026-06-19,2026-06-15,2026-06-18,0618,up,7555.0,7431.46,0.5299999999999983,0.0,7500.58,41.55,41.4,41.7
2026-06-19,2026-06-15,2026-06-18,0786,dn,7275.0,7431.46,0.029999999999999895,0.0,7500.58,3.8499999999999996,3.8,3.9
2026-06-19,2026-06-15,2026-06-18,0786,up,7590.0,7431.46,0.3799999999999997,0.0,7500.58,25.4,25.2,25.6
2026-06-19,2026-06-15,2026-06-18,100,dn,7230.0,7431.46,0.015000000000000036,0.0,7500.58,2.95,2.9,3.0
2026-06-19,2026-06-15,2026-06-18,100,up,7630.0,7431.46,0.21999999999999992,0.0,7500.58,13.1,13.0,13.2
2026-06-26,2026-06-22,2026-06-26,trigger,dn,7455.0,7500.58,0.2,1.0,7354.02,20.299999999999997,20.2,20.4
2026-06-26,2026-06-22,2026-06-26,trigger,up,7545.0,7500.58,0.5299999999999997,0.0,7354.02,37.6,37.5,37.7
2026-06-26,2026-06-22,2026-06-26,0382,dn,7425.0,7500.58,0.1400000000000002,1.0,7354.02,15.15,15.0,15.3
2026-06-26,2026-06-22,2026-06-26,0382,up,7575.0,7500.58,0.4,0.0,7354.02,23.4,23.3,23.5
2026-06-26,2026-06-22,2026-06-26,0618,dn,7380.0,7500.58,0.08000000000000007,1.0,7354.02,9.8,9.7,9.9
2026-06-26,2026-06-22,2026-06-26,0618,up,7625.0,7500.58,0.19000000000000003,0.0,7354.02,8.4,8.3,8.5
2026-06-26,2026-06-22,2026-06-26,0786,dn,7345.0,7500.58,0.060000000000000143,0.0,7354.02,7.0,6.9,7.1
2026-06-26,2026-06-22,2026-06-26,0786,up,7655.0,7500.58,0.1,0.0,7354.02,3.95,3.9,4.0
2026-06-26,2026-06-22,2026-06-26,100,dn,7300.0,7500.58,0.039999999999999855,0.0,7354.02,4.6,4.5,4.7
2026-06-26,2026-06-22,2026-06-26,100,up,7700.0,7500.58,0.02999999999999998,0.0,7354.02,1.2,1.15,1.25
2026-07-03,2026-06-29,2026-07-02,trigger,dn,7305.0,7354.02,0.18000000000000113,0.0,7483.24,20.450000000000003,20.3,20.6
2026-07-03,2026-06-29,2026-07-02,trigger,up,7400.0,7354.02,0.5800000000000012,1.0,7483.24,53.7,53.5,53.9
2026-07-03,2026-06-29,2026-07-02,0382,dn,7275.0,7354.02,0.13999999999999985,0.0,7483.24,15.45,15.3,15.6
2026-07-03,2026-06-29,2026-07-02,0382,up,7430.0,7354.02,0.49000000000000055,1.0,7483.24,37.400000000000006,37.2,37.6
2026-07-03,2026-06-29,2026-07-02,0618,dn,7230.0,7354.02,0.1,0.0,7483.24,10.1,10.0,10.2
2026-07-03,2026-06-29,2026-07-02,0618,up,7480.0,7354.02,0.3200000000000006,1.0,7483.24,16.950000000000003,16.8,17.1
2026-07-03,2026-06-29,2026-07-02,0786,dn,7195.0,7354.02,0.05999999999999979,0.0,7483.24,7.199999999999999,7.1,7.3
2026-07-03,2026-06-29,2026-07-02,0786,up,7510.0,7354.02,0.2099999999999998,0.0,7483.24,8.85,8.7,9.0
2026-07-03,2026-06-29,2026-07-02,100,dn,7155.0,7354.02,0.040000000000000216,0.0,7483.24,4.9,4.8,5.0
2026-07-03,2026-06-29,2026-07-02,100,up,7555.0,7354.02,0.07000000000000006,0.0,7483.24,2.2750000000000004,2.2,2.35
2026-07-10,2026-07-06,2026-07-10,trigger,dn,7435.0,7483.24,0.13000000000000042,0.0,7575.39,16.6,15.7,17.5
2026-07-10,2026-07-06,2026-07-10,trigger,up,7530.0,7483.24,0.5200000000000002,1.0,7575.39,31.5,30.2,32.8
2026-07-10,2026-07-06,2026-07-10,0382,dn,7405.0,7483.24,0.16000000000000014,0.0,7575.39,12.3,11.5,13.1
2026-07-10,2026-07-06,2026-07-10,0382,up,7560.0,7483.24,0.3700000000000003,1.0,7575.39,18.05,17.0,19.1
2026-07-10,2026-07-06,2026-07-10,0618,dn,7360.0,7483.24,0.0700000000000001,0.0,7575.39,7.75,6.9,8.6
2026-07-10,2026-07-06,2026-07-10,0618,up,7605.0,7483.24,0.15,0.0,7575.39,6.35,5.6,7.1
2026-07-10,2026-07-06,2026-07-10,0786,dn,7325.0,7483.24,0.019999999999999928,0.0,7575.39,5.35,4.6,6.1
2026-07-10,2026-07-06,2026-07-10,0786,up,7640.0,7483.24,0.09,0.0,7575.39,2.375,1.8,2.95
2026-07-10,2026-07-06,2026-07-10,100,dn,7285.0,7483.24,0.05999999999999996,0.0,7575.39,3.8,3.1,4.5
2026-07-10,2026-07-06,2026-07-10,100,up,7685.0,7483.24,0.01499999999999999,0.0,7575.39,0.6499999999999999,0.6,0.7
2026-07-17,2026-07-13,2026-07-17,trigger,dn,7530.0,7575.39,0.2799999999999997,1.0,7457.69,26.049999999999997,25.9,26.2
2026-07-17,2026-07-13,2026-07-17,trigger,up,7620.0,7575.39,0.3,0.0,7457.69,15.3,15.2,15.4
2026-07-17,2026-07-13,2026-07-17,0382,dn,7500.0,7575.39,0.2,1.0,7457.69,18.75,18.6,18.9
2026-07-17,2026-07-13,2026-07-17,0382,up,7650.0,7575.39,0.1700000000000001,0.0,7457.69,7.9,7.8,8.0
2026-07-17,2026-07-13,2026-07-17,0618,dn,7455.0,7575.39,0.11999999999999993,0.0,7457.69,11.5,11.4,11.6
2026-07-17,2026-07-13,2026-07-17,0618,up,7700.0,7575.39,0.05499999999999998,0.0,7457.69,2.125,2.05,2.2
2026-07-17,2026-07-13,2026-07-17,0786,dn,7420.0,7575.39,0.0700000000000001,0.0,7457.69,7.95,7.9,8.0
2026-07-17,2026-07-13,2026-07-17,0786,up,7730.0,7575.39,0.019999999999999973,0.0,7457.69,0.95,0.9,1.0
2026-07-17,2026-07-13,2026-07-17,100,dn,7380.0,7575.39,0.039999999999999855,0.0,7457.69,5.35,5.3,5.4
2026-07-17,2026-07-13,2026-07-17,100,up,7775.0,7575.39,0.010000000000000009,0.0,7457.69,0.4,0.35,0.45
2026-07-24,2026-07-20,2026-07-24,trigger,dn,7410.0,7457.69,0.21999999999999886,0.0,7411.98,25.299999999999997,25.2,25.4
2026-07-24,2026-07-20,2026-07-24,trigger,up,7505.0,7457.69,0.5099999999999995,0.0,7411.98,38.0,37.9,38.1
2026-07-24,2026-07-20,2026-07-24,0382,dn,7385.0,7457.69,0.16999999999999887,0.0,7411.98,20.299999999999997,20.2,20.4
2026-07-24,2026-07-20,2026-07-24,0382,up,7530.0,7457.69,0.4199999999999989,0.0,7411.98,26.049999999999997,25.9,26.2
2026-07-24,2026-07-20,2026-07-24,0618,dn,7340.0,7457.69,0.11000000000000014,0.0,7411.98,13.65,13.5,13.8
2026-07-24,2026-07-20,2026-07-24,0618,up,7580.0,7457.69,0.21999999999999992,0.0,7411.98,9.6,9.5,9.7
2026-07-24,2026-07-20,2026-07-24,0786,dn,7305.0,7457.69,0.08000000000000007,0.0,7411.98,10.0,9.9,10.1
2026-07-24,2026-07-20,2026-07-24,0786,up,7610.0,7457.69,0.11999999999999993,0.0,7411.98,4.35,4.3,4.4
2026-07-24,2026-07-20,2026-07-24,100,dn,7265.0,7457.69,0.060000000000000143,0.0,7411.98,7.0,6.9,7.1
2026-07-24,2026-07-20,2026-07-24,100,up,7650.0,7457.69,0.039999999999999994,0.0,7411.98,1.3,1.25,1.35
2026-07-31,2026-07-27,2026-07-31,trigger,dn,7365.0,7411.98,0.22000000000000028,0.0,7489.72,33.4,33.3,33.5
2026-07-31,2026-07-27,2026-07-31,trigger,up,7455.0,7411.98,0.5599999999999994,1.0,7489.72,52.75,52.6,52.9
2026-07-31,2026-07-27,2026-07-31,0382,dn,7340.0,7411.98,0.2,0.0,7489.72,28.0,27.9,28.1
2026-07-31,2026-07-27,2026-07-31,0382,up,7485.0,7411.98,0.4700000000000003,1.0,7489.72,37.1,37.0,37.2
2026-07-31,2026-07-27,2026-07-31,0618,dn,7295.0,7411.98,0.14000000000000057,0.0,7489.72,20.200000000000003,20.1,20.3
2026-07-31,2026-07-27,2026-07-31,0618,up,7530.0,7411.98,0.3200000000000003,0.0,7489.72,19.0,18.9,19.1
2026-07-31,2026-07-27,2026-07-31,0786,dn,7260.0,7411.98,0.11999999999999993,0.0,7489.72,15.7,15.6,15.8
2026-07-31,2026-07-27,2026-07-31,0786,up,7560.0,7411.98,0.22000000000000028,0.0,7489.72,10.8,10.7,10.9
2026-07-31,2026-07-27,2026-07-31,100,dn,7220.0,7411.98,0.07999999999999971,0.0,7489.72,11.7,11.6,11.8
2026-07-31,2026-07-27,2026-07-31,100,up,7605.0,7411.98,0.09000000000000004,0.0,7489.72,3.75,3.7,3.8
2026-08-07,2026-08-03,2026-08-07,trigger,dn,7445.0,7489.72,0.05,0.0,7757.64,11.5,10.9,12.1
2026-08-07,2026-08-03,2026-08-07,trigger,up,7535.0,7489.72,0.7099999999999994,1.0,7757.64,56.25,54.8,57.7
2026-08-07,2026-08-03,2026-08-07,0382,dn,7415.0,7489.72,0.08000000000000007,0.0,7757.64,8.8,8.3,9.3
2026-08-07,2026-08-03,2026-08-07,0382,up,7565.0,7489.72,0.5900000000000005,1.0,7757.64,37.0,36.2,37.8
2026-08-07,2026-08-03,2026-08-07,0618,dn,7370.0,7489.72,0.019999999999999928,0.0,7757.64,5.85,5.5,6.2
2026-08-07,2026-08-03,2026-08-07,0618,up,7610.0,7489.72,0.35,1.0,7757.64,15.3,14.6,16.0
2026-08-07,2026-08-03,2026-08-07,0786,dn,7340.0,7489.72,0.040000000000000216,0.0,7757.64,4.65,4.3,5.0
2026-08-07,2026-08-03,2026-08-07,0786,up,7640.0,7489.72,0.2,1.0,7757.64,6.85,6.3,7.4
2026-08-07,2026-08-03,2026-08-07,100,dn,7300.0,7489.72,0.040000000000000036,0.0,7757.64,3.35,3.2,3.5
2026-08-07,2026-08-03,2026-08-07,100,up,7680.0,7489.72,0.05,1.0,7757.64,1.825,1.65,2.0
