date,open,high,low,close
2011-01-03,2238.659912109375,2268.300048828125,2237.7900390625,2254.22998046875
2011-01-04,2261.64990234375,2263.030029296875,2237.72998046875,2251.4599609375
2011-01-05,2245.39990234375,2271.080078125,2243.8798828125,2270.39990234375
2011-01-06,2272.330078125,2279.449951171875,2268.590087890625,2277.510009765625
2011-01-07,2280.1298828125,2282.8701171875,2254.219970703125,2276.699951171875
2011-01-10,2270.64990234375,2288.639892578125,2265.0,2284.3798828125
2011-01-11,2294.659912109375,2296.14990234375,2279.47998046875,2288.72998046875
2011-01-12,2298.6298828125,2304.8798828125,2289.050048828125,2304.8798828125
2011-01-13,2303.60009765625,2310.820068359375,2298.6201171875,2305.530029296875
2011-01-14,2304.3701171875,2323.429931640625,2300.25,2323.429931640625
2011-01-18,2300.929931640625,2331.320068359375,2299.3701171875,2328.7900390625
2011-01-19,2329.929931640625,2331.6298828125,2294.889892578125,2303.320068359375
2011-01-20,2292.169921875,2295.239990234375,2268.590087890625,2286.080078125
2011-01-21,2295.14990234375,2301.050048828125,2267.169921875,2268.320068359375
2011-01-24,2271.72998046875,2300.389892578125,2268.719970703125,2300.389892578125
2011-01-25,2288.5,2304.0400390625,2283.7900390625,2304.030029296875
2011-01-26,2306.989990234375,2321.219970703125,2300.110107421875,2314.18994140625
2011-01-27,2322.330078125,2336.0400390625,2319.22998046875,2330.070068359375
2011-01-28,2330.070068359375,2330.070068359375,2260.60009765625,2270.510009765625
2011-01-31,2274.219970703125,2287.5,2258.050048828125,2281.909912109375
2011-02-01,2298.3701171875,2329.340087890625,2296.739990234375,2324.949951171875
2011-02-02,2317.889892578125,2328.800048828125,2316.219970703125,2321.090087890625
2011-02-03,2316.669921875,2327.239990234375,2297.7900390625,2323.070068359375
2011-02-04,2324.179931640625,2338.659912109375,2318.27001953125,2338.199951171875
2011-02-07,2340.43994140625,2360.820068359375,2338.8701171875,2349.199951171875
2011-02-08,2348.530029296875,2363.760009765625,2344.860107421875,2363.610107421875
2011-02-09,2359.81005859375,2367.18994140625,2352.4599609375,2360.949951171875
2011-02-10,2343.7900390625,2366.280029296875,2341.81005859375,2364.35009765625
2011-02-11,2357.77001953125,2381.39990234375,2353.280029296875,2379.14990234375
2011-02-14,2379.52001953125,2388.6298828125,2378.159912109375,2385.60009765625
2011-02-15,2380.159912109375,2384.81005859375,2371.18994140625,2381.919921875
2011-02-16,2389.510009765625,2403.52001953125,2387.659912109375,2397.93994140625
2011-02-17,2384.68994140625,2400.889892578125,2384.219970703125,2397.570068359375
2011-02-18,2396.75,2400.469970703125,2382.389892578125,2392.469970703125
2011-02-22,2353.81005859375,2366.429931640625,2318.39990234375,2322.860107421875
2011-02-23,2321.43994140625,2329.1298828125,2284.64990234375,2300.93994140625
2011-02-24,2306.93994140625,2321.199951171875,2285.43994140625,2313.31005859375
2011-02-25,2326.1298828125,2349.510009765625,2325.7099609375,2346.2900390625
2011-02-28,2354.8701171875,2362.7900390625,2338.2099609375,2350.989990234375
2011-03-01,2359.780029296875,2359.97998046875,2308.050048828125,2315.260009765625
2011-03-02,2314.280029296875,2340.800048828125,2311.989990234375,2326.77001953125
2011-03-03,2350.52001953125,2375.669921875,2350.179931640625,2371.760009765625
2011-03-04,2370.340087890625,2371.22998046875,2344.6201171875,2359.9599609375
2011-03-07,2367.919921875,2370.909912109375,2307.389892578125,2328.070068359375
2011-03-08,2325.1298828125,2347.510009765625,2310.9599609375,2337.550048828125
2011-03-09,2328.800048828125,2330.679931640625,2309.280029296875,2322.68994140625
2011-03-10,2295.090087890625,2300.530029296875,2276.1201171875,2284.2900390625
2011-03-11,2275.2900390625,2305.969970703125,2275.070068359375,2299.260009765625
2011-03-14,2286.77001953125,2302.919921875,2274.080078125,2290.719970703125
2011-03-15,2218.300048828125,2271.580078125,2217.429931640625,2259.6201171875
2011-03-16,2240.830078125,2252.1298828125,2188.919921875,2202.969970703125
2011-03-17,2238.85009765625,2247.929931640625,2223.1298828125,2225.239990234375
2011-03-18,2249.179931640625,2249.389892578125,2217.949951171875,2221.070068359375
2011-03-21,2250.889892578125,2273.110107421875,2249.4599609375,2262.699951171875
2011-03-22,2264.070068359375,2266.090087890625,2253.080078125,2257.9599609375
2011-03-23,2251.489990234375,2276.6201171875,2234.93994140625,2270.5
2011-03-24,2287.010009765625,2315.56005859375,2275.64990234375,2312.090087890625
2011-03-25,2319.070068359375,2331.6298828125,2314.02001953125,2316.360107421875
2011-03-28,2325.1298828125,2326.1201171875,2303.06005859375,2303.10009765625
2011-03-29,2299.27001953125,2325.5400390625,2291.780029296875,2325.5400390625
2011-03-30,2338.409912109375,2340.389892578125,2326.7900390625,2336.52001953125
2011-03-31,2332.739990234375,2342.239990234375,2329.6201171875,2338.989990234375
2011-04-01,2352.469970703125,2359.159912109375,2334.949951171875,2342.919921875
2011-04-04,2347.7099609375,2350.340087890625,2324.02001953125,2334.5400390625
2011-04-05,2330.1201171875,2342.340087890625,2323.409912109375,2327.8701171875
2011-04-06,2343.3701171875,2352.25,2320.320068359375,2332.340087890625
2011-04-07,2331.739990234375,2346.860107421875,2315.830078125,2332.8798828125
2011-04-08,2342.739990234375,2345.409912109375,2313.330078125,2321.179931640625
2011-04-11,2330.260009765625,2333.97998046875,2305.530029296875,2314.5
2011-04-12,2302.889892578125,2308.199951171875,2288.679931640625,2298.300048828125
2011-04-13,2312.800048828125,2322.60009765625,2298.820068359375,2316.6298828125
2011-04-14,2301.27001953125,2315.219970703125,2291.7900390625,2311.25
2011-04-15,2304.4599609375,2316.820068359375,2293.530029296875,2307.580078125
2011-04-18,2281.919921875,2293.080078125,2254.8798828125,2292.340087890625
2011-04-19,2297.0,2306.77001953125,2286.590087890625,2306.77001953125
2011-04-20,2344.2099609375,2360.68994140625,2344.2099609375,2357.760009765625
2011-04-21,2381.199951171875,2381.199951171875,2370.280029296875,2377.300048828125
2011-04-25,2377.909912109375,2385.030029296875,2375.1201171875,2383.719970703125
2011-04-26,2389.239990234375,2405.22998046875,2384.800048828125,2396.030029296875
2011-04-27,2402.449951171875,2415.85009765625,2390.4599609375,2413.590087890625
2011-04-28,2404.9599609375,2411.97998046875,2398.929931640625,2409.89990234375
2011-04-29,2405.050048828125,2415.56005859375,2403.25,2404.080078125
2011-05-02,2410.239990234375,2417.830078125,2397.47998046875,2404.239990234375
2011-05-03,2401.800048828125,2404.1201171875,2377.330078125,2392.800048828125
2011-05-04,2392.159912109375,2398.4599609375,2367.679931640625,2387.510009765625
2011-05-05,2376.4599609375,2402.050048828125,2366.72998046875,2375.2099609375
2011-05-06,2395.919921875,2411.6298828125,2376.14990234375,2383.179931640625
2011-05-09,2384.199951171875,2399.679931640625,2376.9599609375,2390.969970703125
2011-05-10,2397.199951171875,2414.580078125,2394.840087890625,2411.35009765625
2011-05-11,2408.14990234375,2415.89990234375,2377.429931640625,2393.080078125
2011-05-12,2384.139892578125,2410.449951171875,2372.18994140625,2407.889892578125
2011-05-13,2403.06005859375,2406.010009765625,2378.760009765625,2379.239990234375
2011-05-16,2368.469970703125,2375.360107421875,2332.840087890625,2337.85009765625
2011-05-17,2325.860107421875,2343.72998046875,2320.330078125,2343.510009765625
2011-05-18,2340.68994140625,2366.39990234375,2337.47998046875,2362.949951171875
2011-05-19,2369.06005859375,2374.219970703125,2355.39990234375,2369.669921875
2011-05-20,2365.489990234375,2368.989990234375,2348.72998046875,2351.429931640625
2011-05-23,2318.159912109375,2325.860107421875,2306.429931640625,2316.780029296875
2011-05-24,2321.590087890625,2322.6298828125,2302.360107421875,2303.550048828125
2011-05-25,2299.489990234375,2321.510009765625,2298.719970703125,2310.949951171875
2011-05-26,2306.43994140625,2332.02001953125,2306.110107421875,2325.929931640625
2011-05-27,2328.64990234375,2339.10009765625,2327.320068359375,2336.090087890625
2011-05-31,2359.050048828125,2372.5400390625,2347.22998046875,2372.5400390625
2011-06-01,2368.2900390625,2373.820068359375,2321.0,2322.47998046875
2011-06-02,2325.56005859375,2335.659912109375,2314.68994140625,2326.699951171875
2011-06-03,2301.39990234375,2317.929931640625,2289.409912109375,2292.31005859375
2011-06-06,2288.610107421875,2299.39990234375,2273.239990234375,2274.47998046875
2011-06-07,2279.550048828125,2288.760009765625,2268.06005859375,2268.9599609375
2011-06-08,2264.39990234375,2268.0,2246.6201171875,2252.889892578125
2011-06-09,2253.22998046875,2267.760009765625,2246.489990234375,2256.64990234375
2011-06-10,2249.39990234375,2250.889892578125,2220.830078125,2221.090087890625
2011-06-13,2225.2099609375,2234.219970703125,2214.3701171875,2222.280029296875
2011-06-14,2240.389892578125,2256.4599609375,2240.389892578125,2250.340087890625
2011-06-15,2229.81005859375,2243.219970703125,2204.14990234375,2209.010009765625
2011-06-16,2209.75,2216.739990234375,2180.93994140625,2199.929931640625
2011-06-17,2220.0400390625,2222.510009765625,2186.780029296875,2192.9599609375
2011-06-20,2187.2099609375,2210.639892578125,2186.77001953125,2204.360107421875
2011-06-21,2210.969970703125,2253.27001953125,2203.7099609375,2251.820068359375
2011-06-22,2243.2099609375,2254.639892578125,2234.830078125,2235.75
2011-06-23,2210.489990234375,2256.699951171875,2204.469970703125,2255.050048828125
2011-06-24,2245.489990234375,2246.9599609375,2213.10009765625,2217.06005859375
2011-06-27,2217.6298828125,2263.2099609375,2215.139892578125,2252.239990234375
2011-06-28,2256.52001953125,2286.919921875,2254.93994140625,2285.75
2011-06-29,2290.5,2299.320068359375,2278.85009765625,2294.429931640625
2011-06-30,2303.0,2327.360107421875,2302.669921875,2325.070068359375
2011-07-01,2326.159912109375,2363.360107421875,2320.570068359375,2361.389892578125
2011-07-05,2363.080078125,2374.409912109375,2357.31005859375,2371.2099609375
2011-07-06,2368.75,2383.77001953125,2361.469970703125,2378.580078125
2011-07-07,2396.639892578125,2418.989990234375,2394.550048828125,2412.889892578125
2011-07-08,2390.159912109375,2405.919921875,2379.139892578125,2405.889892578125
2011-07-11,2380.56005859375,2392.090087890625,2354.1201171875,2362.0
2011-07-12,2362.18994140625,2366.35009765625,2342.1298828125,2343.7900390625
2011-07-13,2360.429931640625,2377.340087890625,2345.800048828125,2352.429931640625
2011-07-14,2358.889892578125,2370.719970703125,2318.199951171875,2325.06005859375
2011-07-15,2351.81005859375,2357.360107421875,2336.1298828125,2356.669921875
2011-07-18,2346.530029296875,2354.56005859375,2322.6201171875,2344.010009765625
2011-07-19,2367.81005859375,2400.580078125,2367.81005859375,2398.169921875
2011-07-20,2411.7099609375,2412.389892578125,2384.5,2387.800048828125
2011-07-21,2389.56005859375,2417.1298828125,2377.820068359375,2404.239990234375
2011-07-22,2403.199951171875,2432.840087890625,2402.06005859375,2429.5
2011-07-25,2408.64990234375,2437.419921875,2406.169921875,2424.14990234375
2011-07-26,2423.159912109375,2438.43994140625,2418.52001953125,2429.449951171875
2011-07-27,2414.360107421875,2416.219970703125,2362.1201171875,2367.159912109375
2011-07-28,2367.43994140625,2401.25,2359.8701171875,2371.77001953125
2011-07-29,2349.300048828125,2388.239990234375,2341.820068359375,2362.81005859375
2011-08-01,2391.419921875,2396.5,2325.169921875,2354.050048828125
2011-08-02,2340.72998046875,2352.47998046875,2291.3701171875,2292.85009765625
2011-08-03,2294.93994140625,2316.72998046875,2254.909912109375,2312.780029296875
2011-08-04,2275.300048828125,2284.300048828125,2207.050048828125,2207.199951171875
2011-08-05,2227.489990234375,2240.679931640625,2131.52001953125,2194.3798828125
2011-08-08,2127.8701171875,2162.780029296875,2060.2900390625,2060.2900390625
2011-08-09,2095.989990234375,2161.75,2034.9200439453125,2160.7900390625
2011-08-10,2110.139892578125,2142.31005859375,2070.239990234375,2073.090087890625
2011-08-11,2108.919921875,2187.47998046875,2091.909912109375,2167.070068359375
2011-08-12,2176.5400390625,2195.25,2154.860107421875,2182.050048828125
2011-08-15,2189.489990234375,2214.1201171875,2180.860107421875,2214.1201171875
2011-08-16,2190.139892578125,2211.89990234375,2165.0400390625,2194.27001953125
2011-08-17,2193.300048828125,2214.260009765625,2158.949951171875,2181.6201171875
2011-08-18,2116.7900390625,2118.610107421875,2055.179931640625,2073.030029296875
2011-08-19,2053.010009765625,2102.8798828125,2035.300048828125,2038.219970703125
2011-08-22,2084.27001953125,2084.830078125,2038.1400146484375,2044.72998046875
2011-08-23,2059.030029296875,2129.27001953125,2050.18994140625,2129.27001953125
2011-08-24,2121.52001953125,2148.219970703125,2105.31005859375,2145.0400390625
2011-08-25,2141.860107421875,2153.7099609375,2102.5,2108.2099609375
2011-08-26,2101.909912109375,2169.409912109375,2082.0400390625,2161.969970703125
2011-08-29,2188.669921875,2224.5,2187.719970703125,2223.9599609375
2011-08-30,2212.070068359375,2250.10009765625,2202.449951171875,2237.68994140625
2011-08-31,2248.18994140625,2268.070068359375,2222.47998046875,2241.010009765625
2011-09-01,2245.010009765625,2263.93994140625,2217.02001953125,2219.050048828125
2011-09-02,2178.110107421875,2189.760009765625,2156.989990234375,2167.830078125
2011-09-06,2116.47998046875,2171.389892578125,2112.840087890625,2167.60009765625
2011-09-07,2198.610107421875,2223.800048828125,2193.830078125,2223.75
2011-09-08,2212.7099609375,2244.510009765625,2206.7900390625,2214.2900390625
2011-09-09,2197.719970703125,2206.489990234375,2151.35009765625,2163.659912109375
2011-09-12,2145.780029296875,2192.280029296875,2139.580078125,2191.840087890625
2011-09-13,2197.659912109375,2225.39990234375,2189.830078125,2220.580078125
2011-09-14,2233.659912109375,2277.919921875,2210.6298828125,2252.75
2011-09-15,2273.219970703125,2289.68994140625,2254.469970703125,2286.56005859375
2011-09-16,2284.280029296875,2308.9599609375,2283.429931640625,2306.090087890625
2011-09-19,2277.639892578125,2319.72998046875,2260.239990234375,2308.760009765625
2011-09-20,2318.550048828125,2337.699951171875,2293.06005859375,2295.889892578125
2011-09-21,2308.409912109375,2321.219970703125,2257.550048828125,2258.300048828125
2011-09-22,2196.6298828125,2219.719970703125,2151.47998046875,2184.590087890625
2011-09-23,2165.75,2216.75,2165.6201171875,2206.860107421875
2011-09-26,2216.659912109375,2237.1298828125,2170.139892578125,2234.280029296875
2011-09-27,2270.68994140625,2290.7099609375,2241.75,2253.550048828125
2011-09-28,2266.2900390625,2281.090087890625,2218.77001953125,2220.840087890625
2011-09-29,2255.550048828125,2258.9599609375,2160.199951171875,2197.679931640625
2011-09-30,2167.239990234375,2185.610107421875,2139.169921875,2139.179931640625
2011-10-03,2128.02001953125,2153.949951171875,2084.300048828125,2085.0400390625
2011-10-04,2064.010009765625,2131.31005859375,2042.9000244140625,2129.2099609375
2011-10-05,2121.030029296875,2187.56005859375,2106.6201171875,2182.77001953125
2011-10-06,2181.580078125,2218.300048828125,2169.570068359375,2217.989990234375
2011-10-07,2217.510009765625,2227.3798828125,2190.260009765625,2202.760009765625
2011-10-10,2241.169921875,2278.739990234375,2237.47998046875,2278.64990234375
2011-10-11,2272.639892578125,2300.699951171875,2269.5400390625,2294.919921875
2011-10-12,2316.760009765625,2331.909912109375,2305.31005859375,2307.179931640625
2011-10-13,2300.860107421875,2330.639892578125,2299.72998046875,2326.8798828125
2011-10-14,2360.0,2371.93994140625,2344.739990234375,2371.93994140625
2011-10-17,2359.530029296875,2367.2099609375,2322.530029296875,2334.3798828125
2011-10-18,2331.97998046875,2375.260009765625,2309.8798828125,2364.8701171875
2011-10-19,2348.52001953125,2357.550048828125,2310.64990234375,2316.81005859375
2011-10-20,2317.340087890625,2317.340087890625,2274.489990234375,2306.2900390625
2011-10-21,2332.2099609375,2349.7900390625,2314.77001953125,2335.929931640625
2011-10-24,2341.7099609375,2389.909912109375,2341.14990234375,2384.419921875
2011-10-25,2375.489990234375,2375.530029296875,2332.179931640625,2335.8701171875
2011-10-26,2349.85009765625,2355.02001953125,2291.780029296875,2334.7900390625
2011-10-27,2390.68994140625,2412.52001953125,2365.909912109375,2399.830078125
2011-10-28,2386.02001953125,2404.800048828125,2384.969970703125,2401.2900390625
2011-10-31,2376.989990234375,2389.2900390625,2359.85009765625,2360.080078125
2011-11-01,2301.110107421875,2321.360107421875,2287.739990234375,2298.3701171875
2011-11-02,2321.89990234375,2329.06005859375,2298.7099609375,2318.320068359375
2011-11-03,2340.139892578125,2369.77001953125,2311.199951171875,2367.7099609375
2011-11-04,2353.510009765625,2364.3701171875,2331.4599609375,2356.320068359375
2011-11-07,2353.820068359375,2372.719970703125,2329.679931640625,2371.0400390625
2011-11-08,2386.18994140625,2402.510009765625,2362.22998046875,2400.010009765625
2011-11-09,2346.739990234375,2354.89990234375,2307.780029296875,2314.10009765625
2011-11-10,2338.60009765625,2338.909912109375,2290.530029296875,2312.070068359375
2011-11-11,2336.43994140625,2363.1201171875,2330.6298828125,2355.780029296875
2011-11-14,2350.909912109375,2362.4599609375,2333.550048828125,2341.320068359375
2011-11-15,2334.239990234375,2375.10009765625,2331.75,2366.239990234375
2011-11-16,2345.27001953125,2365.1298828125,2322.050048828125,2324.3701171875
2011-11-17,2320.639892578125,2320.81005859375,2257.919921875,2272.090087890625
2011-11-18,2273.639892578125,2274.6201171875,2250.93994140625,2253.949951171875
2011-11-21,2219.8798828125,2225.5400390625,2188.139892578125,2211.139892578125
2011-11-22,2205.31005859375,2224.0400390625,2191.8701171875,2216.330078125
2011-11-23,2199.4599609375,2203.139892578125,2166.5400390625,2166.5400390625
2011-11-25,2159.93994140625,2182.280029296875,2150.7099609375,2150.8798828125
2011-11-28,2207.679931640625,2227.81005859375,2206.68994140625,2224.219970703125
2011-11-29,2225.1201171875,2240.6298828125,2205.77001953125,2211.389892578125
2011-11-30,2270.280029296875,2295.35009765625,2264.719970703125,2295.199951171875
2011-12-01,2294.27001953125,2314.89990234375,2292.260009765625,2309.199951171875
2011-12-02,2327.8701171875,2331.1201171875,2301.25,2302.0400390625
2011-12-05,2336.550048828125,2343.10009765625,2315.179931640625,2326.949951171875
2011-12-06,2327.64990234375,2335.7900390625,2313.989990234375,2321.489990234375
2011-12-07,2312.550048828125,2331.72998046875,2292.14990234375,2320.5400390625
2011-12-08,2309.530029296875,2324.0400390625,2278.419921875,2282.590087890625
2011-12-09,2287.27001953125,2325.639892578125,2287.27001953125,2318.679931640625
2011-12-12,2295.429931640625,2295.530029296875,2274.14990234375,2292.239990234375
2011-12-13,2308.2900390625,2316.89990234375,2258.7099609375,2268.3701171875
2011-12-14,2259.840087890625,2260.52001953125,2219.679931640625,2233.030029296875
2011-12-15,2253.139892578125,2253.2099609375,2223.52001953125,2226.7099609375
2011-12-16,2238.590087890625,2267.550048828125,2234.300048828125,2238.179931640625
2011-12-19,2244.3701171875,2250.27001953125,2209.570068359375,2215.27001953125
2011-12-20,2253.18994140625,2283.449951171875,2252.570068359375,2281.93994140625
2011-12-21,2265.89990234375,2267.010009765625,2222.679931640625,2249.030029296875
2011-12-22,2254.679931640625,2268.590087890625,2251.31005859375,2266.77001953125
2011-12-23,2274.35009765625,2287.9599609375,2268.239990234375,2287.570068359375
2011-12-27,2284.2900390625,2301.300048828125,2281.860107421875,2293.1201171875
2011-12-28,2294.969970703125,2295.169921875,2262.219970703125,2267.080078125
2011-12-29,2272.56005859375,2285.719970703125,2264.889892578125,2285.070068359375
2011-12-30,2281.909912109375,2289.1201171875,2277.77001953125,2277.830078125
2012-01-03,2323.159912109375,2332.239990234375,2315.280029296875,2321.9599609375
2012-01-04,2316.530029296875,2333.2900390625,2307.56005859375,2329.7099609375
2012-01-05,2326.580078125,2351.449951171875,2317.52001953125,2348.97998046875
2012-01-06,2350.679931640625,2362.580078125,2341.639892578125,2356.169921875
2012-01-09,2362.530029296875,2363.47998046875,2342.340087890625,2350.64990234375
2012-01-10,2374.260009765625,2381.429931640625,2360.97998046875,2367.3798828125
2012-01-11,2363.68994140625,2376.580078125,2357.530029296875,2372.25
2012-01-12,2377.340087890625,2384.260009765625,2359.919921875,2381.989990234375
2012-01-13,2371.419921875,2373.5,2352.760009765625,2371.97998046875
2012-01-17,2396.139892578125,2404.080078125,2385.7900390625,2393.239990234375
2012-01-18,2396.6298828125,2425.9599609375,2395.429931640625,2425.9599609375
2012-01-19,2435.139892578125,2445.590087890625,2433.030029296875,2441.699951171875
2012-01-20,2428.659912109375,2438.25,2428.35009765625,2437.02001953125
2012-01-23,2437.06005859375,2455.219970703125,2424.2900390625,2437.219970703125
2012-01-24,2426.860107421875,2440.199951171875,2423.239990234375,2433.9599609375
2012-01-25,2456.550048828125,2470.580078125,2440.570068359375,2465.659912109375
2012-01-26,2474.050048828125,2479.31005859375,2444.830078125,2454.6298828125
2012-01-27,2450.3798828125,2467.4599609375,2449.830078125,2461.77001953125
2012-01-30,2438.52001953125,2468.570068359375,2433.6298828125,2465.320068359375
2012-01-31,2476.64990234375,2481.510009765625,2453.050048828125,2467.949951171875
2012-02-01,2481.6201171875,2497.31005859375,2474.2900390625,2488.179931640625
2012-02-02,2495.080078125,2504.159912109375,2487.14990234375,2495.830078125
2012-02-03,2518.860107421875,2532.260009765625,2514.989990234375,2529.169921875
2012-02-06,2519.330078125,2528.300048828125,2513.510009765625,2528.300048828125
2012-02-07,2522.7900390625,2537.639892578125,2514.89990234375,2532.06005859375
2012-02-08,2533.47998046875,2545.840087890625,2523.8798828125,2545.719970703125
2012-02-09,2553.6298828125,2567.280029296875,2541.199951171875,2563.929931640625
2012-02-10,2543.860107421875,2553.10009765625,2537.989990234375,2547.320068359375
2012-02-13,2564.929931640625,2572.639892578125,2554.2900390625,2569.489990234375
2012-02-14,2561.60009765625,2575.239990234375,2553.949951171875,2575.239990234375
2012-02-15,2584.949951171875,2600.9599609375,2552.56005859375,2556.010009765625
2012-02-16,2555.550048828125,2594.7099609375,2551.35009765625,2592.2900390625
2012-02-17,2587.219970703125,2593.56005859375,2572.820068359375,2584.239990234375
2012-02-21,2589.2099609375,2601.739990234375,2574.320068359375,2590.239990234375
2012-02-22,2586.320068359375,2593.050048828125,2575.31005859375,2579.780029296875
2012-02-23,2578.909912109375,2598.10009765625,2570.070068359375,2594.929931640625
2012-02-24,2602.659912109375,2609.449951171875,2598.669921875,2604.2099609375
2012-02-27,2589.43994140625,2616.860107421875,2579.6298828125,2606.760009765625
2012-02-28,2610.0400390625,2634.22998046875,2607.5,2633.4599609375
2012-02-29,2638.969970703125,2645.199951171875,2614.47998046875,2623.10009765625
2012-03-01,2634.199951171875,2645.909912109375,2625.419921875,2643.5400390625
2012-03-02,2640.429931640625,2650.0,2633.280029296875,2641.580078125
2012-03-05,2636.60009765625,2642.75,2605.590087890625,2614.919921875
2012-03-06,2586.31005859375,2593.639892578125,2575.1298828125,2588.949951171875
2012-03-07,2599.85009765625,2614.22998046875,2597.22998046875,2607.85009765625
2012-03-08,2623.449951171875,2643.889892578125,2618.469970703125,2637.179931640625
2012-03-09,2641.14990234375,2651.97998046875,2639.60009765625,2646.85009765625
2012-03-12,2646.97998046875,2651.639892578125,2635.760009765625,2646.85009765625
2012-03-13,2665.300048828125,2697.639892578125,2658.090087890625,2697.429931640625
2012-03-14,2701.080078125,2717.860107421875,2690.39990234375,2708.409912109375
2012-03-15,2716.18994140625,2720.489990234375,2701.64990234375,2714.7900390625
2012-03-16,2715.7099609375,2719.610107421875,2706.9599609375,2712.780029296875
2012-03-19,2716.97998046875,2738.219970703125,2710.6298828125,2733.260009765625
2012-03-20,2719.39990234375,2740.35009765625,2711.10009765625,2737.6298828125
2012-03-21,2739.39990234375,2752.4599609375,2733.909912109375,2736.8798828125
2012-03-22,2720.659912109375,2737.830078125,2719.739990234375,2731.5
2012-03-23,2734.679931640625,2734.679931640625,2714.60009765625,2728.550048828125
2012-03-26,2746.97998046875,2778.02001953125,2746.429931640625,2778.02001953125
2012-03-27,2779.669921875,2793.43994140625,2778.909912109375,2782.1201171875
2012-03-28,2785.97998046875,2794.0,2754.969970703125,2770.969970703125
2012-03-29,2756.43994140625,2769.830078125,2741.320068359375,2762.050048828125
2012-03-30,2773.929931640625,2774.52001953125,2744.469970703125,2755.27001953125
2012-04-02,2752.25,2787.25,2747.5400390625,2784.419921875
2012-04-03,2786.139892578125,2795.35009765625,2767.050048828125,2782.780029296875
2012-04-04,2759.330078125,2762.72998046875,2729.2099609375,2745.0
2012-04-05,2740.699951171875,2764.2099609375,2739.10009765625,2762.5
2012-04-09,2726.080078125,2751.43994140625,2722.77001953125,2739.97998046875
2012-04-10,2738.43994140625,2749.510009765625,2688.2099609375,2695.1201171875
2012-04-11,2719.47998046875,2726.93994140625,2702.969970703125,2708.1298828125
2012-04-12,2715.0400390625,2743.409912109375,2711.0400390625,2740.260009765625
2012-04-13,2730.739990234375,2731.35009765625,2698.110107421875,2698.989990234375
2012-04-16,2713.889892578125,2713.889892578125,2660.9599609375,2670.10009765625
2012-04-17,2678.580078125,2731.3798828125,2675.139892578125,2723.580078125
2012-04-18,2714.659912109375,2732.030029296875,2707.909912109375,2716.139892578125
2012-04-19,2707.889892578125,2738.590087890625,2676.090087890625,2686.820068359375
2012-04-20,2699.550048828125,2712.010009765625,2674.659912109375,2676.0400390625
2012-04-23,2651.1298828125,2657.360107421875,2629.699951171875,2653.5
2012-04-24,2647.909912109375,2659.52001953125,2628.9599609375,2638.72998046875
2012-04-25,2694.860107421875,2710.8701171875,2691.1201171875,2709.6201171875
2012-04-26,2709.8798828125,2731.72998046875,2705.909912109375,2725.22998046875
2012-04-27,2737.570068359375,2750.5,2723.159912109375,2741.340087890625
2012-04-30,2731.260009765625,2737.5400390625,2720.43994140625,2723.679931640625
2012-05-01,2719.25,2756.81005859375,2715.75,2726.919921875
2012-05-02,2713.179931640625,2736.300048828125,2707.6298828125,2734.77001953125
2012-05-03,2737.0400390625,2737.139892578125,2697.780029296875,2704.590087890625
2012-05-04,2682.3701171875,2683.25,2637.72998046875,2637.919921875
2012-05-07,2622.669921875,2651.739990234375,2620.9599609375,2639.280029296875
2012-05-08,2624.35009765625,2638.300048828125,2587.530029296875,2629.8701171875
2012-05-09,2600.18994140625,2635.7099609375,2588.969970703125,2621.35009765625
2012-05-10,2631.969970703125,2631.969970703125,2606.7900390625,2616.239990234375
2012-05-11,2606.010009765625,2643.219970703125,2604.989990234375,2615.97998046875
2012-05-14,2593.75,2611.3701171875,2587.780029296875,2590.280029296875
2012-05-15,2589.9599609375,2617.22998046875,2576.77001953125,2580.75
2012-05-16,2589.909912109375,2597.159912109375,2558.68994140625,2561.56005859375
2012-05-17,2562.1298828125,2567.550048828125,2509.050048828125,2509.050048828125
2012-05-18,2509.89990234375,2523.14990234375,2474.699951171875,2478.530029296875
2012-05-21,2482.31005859375,2547.68994140625,2478.360107421875,2545.429931640625
2012-05-22,2553.580078125,2562.47998046875,2524.110107421875,2539.199951171875
2012-05-23,2534.659912109375,2553.18994140625,2499.300048828125,2547.080078125
2012-05-24,2553.1201171875,2554.199951171875,2512.35009765625,2531.35009765625
2012-05-25,2532.320068359375,2537.56005859375,2520.169921875,2527.050048828125
2012-05-29,2542.659912109375,2570.7900390625,2536.6201171875,2558.969970703125
2012-05-30,2538.580078125,2546.010009765625,2522.449951171875,2537.39990234375
2012-05-31,2535.8701171875,2540.39990234375,2507.580078125,2524.8701171875
2012-06-01,2510.820068359375,2510.820068359375,2458.72998046875,2458.830078125
2012-06-04,2458.969970703125,2480.969970703125,2443.919921875,2478.1298828125
2012-06-05,2467.81005859375,2492.530029296875,2467.659912109375,2487.5
2012-06-06,2504.080078125,2546.320068359375,2504.080078125,2546.320068359375
2012-06-07,2569.239990234375,2570.47998046875,2531.949951171875,2535.409912109375
2012-06-08,2529.419921875,2561.570068359375,2522.389892578125,2559.2099609375
2012-06-11,2578.72998046875,2579.22998046875,2513.669921875,2517.179931640625
2012-06-12,2523.010009765625,2546.830078125,2510.75,2546.199951171875
2012-06-13,2541.719970703125,2557.31005859375,2519.68994140625,2527.43994140625
2012-06-14,2529.280029296875,2547.31005859375,2515.169921875,2539.969970703125
2012-06-15,2543.85009765625,2572.840087890625,2542.510009765625,2571.22998046875
2012-06-18,2570.97998046875,2599.52001953125,2554.830078125,2592.52001953125
2012-06-19,2606.429931640625,2630.860107421875,2605.159912109375,2620.830078125
2012-06-20,2625.0,2633.2099609375,2603.320068359375,2623.330078125
2012-06-21,2619.97998046875,2622.760009765625,2554.64990234375,2556.9599609375
2012-06-22,2562.280029296875,2587.0,2559.260009765625,2585.530029296875
2012-06-25,2562.97998046875,2563.090087890625,2527.010009765625,2533.5400390625
2012-06-26,2541.2099609375,2556.919921875,2531.60009765625,2549.840087890625
2012-06-27,2558.669921875,2576.090087890625,2557.090087890625,2565.530029296875
2012-06-28,2565.530029296875,2565.530029296875,2510.3701171875,2536.64990234375
2012-06-29,2566.840087890625,2615.820068359375,2566.840087890625,2615.719970703125
2012-07-02,2616.52001953125,2625.260009765625,2604.89990234375,2625.030029296875
2012-07-03,2623.4599609375,2645.840087890625,2621.77001953125,2645.840087890625
2012-07-05,2643.6298828125,2660.260009765625,2629.909912109375,2647.469970703125
2012-07-06,2635.64990234375,2636.9599609375,2596.10009765625,2612.2900390625
2012-07-09,2610.3798828125,2620.219970703125,2597.27001953125,2610.31005859375
2012-07-10,2620.330078125,2630.030029296875,2574.260009765625,2585.52001953125
2012-07-11,2580.070068359375,2587.02001953125,2549.050048828125,2570.989990234375
2012-07-12,2561.679931640625,2561.679931640625,2522.889892578125,2545.300048828125
2012-07-13,2545.97998046875,2589.929931640625,2545.97998046875,2584.969970703125
2012-07-16,2579.9599609375,2589.570068359375,2567.449951171875,2577.050048828125
2012-07-17,2591.780029296875,2598.469970703125,2554.340087890625,2591.64990234375
2012-07-18,2586.860107421875,2633.02001953125,2585.47998046875,2625.8701171875
2012-07-19,2645.340087890625,2663.1201171875,2639.409912109375,2655.81005859375
2012-07-20,2654.60009765625,2654.60009765625,2618.0400390625,2618.0400390625
2012-07-23,2575.2900390625,2596.610107421875,2549.9599609375,2589.929931640625
2012-07-24,2593.389892578125,2596.0400390625,2551.35009765625,2567.4599609375
2012-07-25,2551.699951171875,2566.4599609375,2535.0400390625,2549.199951171875
2012-07-26,2588.199951171875,2598.360107421875,2568.330078125,2584.85009765625
2012-07-27,2600.030029296875,2649.97998046875,2594.840087890625,2647.030029296875
2012-07-30,2649.780029296875,2662.6201171875,2634.5,2642.1201171875
2012-07-31,2643.280029296875,2657.27001953125,2640.260009765625,2642.530029296875
2012-08-01,2660.489990234375,2661.840087890625,2625.080078125,2635.1298828125
2012-08-02,2616.0400390625,2650.97998046875,2606.5400390625,2625.52001953125
2012-08-03,2664.68994140625,2684.580078125,2657.5,2676.0
2012-08-06,2686.3798828125,2705.7099609375,2681.719970703125,2694.090087890625
2012-08-07,2705.969970703125,2727.31005859375,2701.89990234375,2717.159912109375
2012-08-08,2707.2900390625,2721.02001953125,2705.469970703125,2714.02001953125
2012-08-09,2712.969970703125,2724.429931640625,2708.239990234375,2719.610107421875
2012-08-10,2710.550048828125,2722.9599609375,2704.909912109375,2722.9599609375
2012-08-13,2721.489990234375,2728.8798828125,2708.3798828125,2728.679931640625
2012-08-14,2737.85009765625,2742.830078125,2721.1201171875,2727.7900390625
2012-08-15,2724.7099609375,2739.139892578125,2724.7099609375,2735.469970703125
2012-08-16,2743.8798828125,2774.219970703125,2742.820068359375,2768.090087890625
2012-08-17,2775.530029296875,2780.77001953125,2767.0400390625,2780.300048828125
2012-08-20,2777.7099609375,2784.570068359375,2767.72998046875,2784.330078125
2012-08-21,2791.739990234375,2802.909912109375,2762.89990234375,2772.199951171875
2012-08-22,2765.10009765625,2790.300048828125,2759.139892578125,2783.419921875
2012-08-23,2773.97998046875,2780.7099609375,2755.139892578125,2762.02001953125
2012-08-24,2754.429931640625,2785.340087890625,2750.639892578125,2778.050048828125
2012-08-27,2792.0,2794.27001953125,2777.360107421875,2782.550048828125
2012-08-28,2779.169921875,2790.510009765625,2772.25,2782.68994140625
2012-08-29,2782.97998046875,2790.169921875,2771.989990234375,2784.0
2012-08-30,2771.43994140625,2772.6201171875,2751.530029296875,2753.739990234375
2012-08-31,2773.239990234375,2785.080078125,2746.679931640625,2772.239990234375
2012-09-04,2766.929931640625,2781.080078125,2744.2900390625,2772.030029296875
2012-09-05,2769.18994140625,2780.56005859375,2760.659912109375,2766.949951171875
2012-09-06,2785.010009765625,2829.7099609375,2784.81005859375,2829.7099609375
2012-09-07,2823.219970703125,2829.949951171875,2817.47998046875,2825.110107421875
2012-09-10,2821.030029296875,2823.340087890625,2787.330078125,2788.35009765625
2012-09-11,2789.090087890625,2799.85009765625,2780.239990234375,2784.889892578125
2012-09-12,2794.3798828125,2798.969970703125,2775.39990234375,2791.679931640625
2012-09-13,2796.719970703125,2841.679931640625,2792.179931640625,2831.35009765625
2012-09-14,2841.820068359375,2865.3701171875,2839.47998046875,2855.22998046875
2012-09-17,2857.52001953125,2857.52001953125,2846.169921875,2856.43994140625
2012-09-18,2852.419921875,2859.340087890625,2848.909912109375,2857.3798828125
2012-09-19,2858.5400390625,2871.10009765625,2850.320068359375,2864.030029296875
2012-09-20,2850.43994140625,2863.669921875,2842.590087890625,2861.699951171875
2012-09-21,2874.530029296875,2878.3798828125,2859.550048828125,2861.639892578125
2012-09-24,2836.35009765625,2849.610107421875,2832.530029296875,2843.97998046875
2012-09-25,2851.64990234375,2858.679931640625,2804.1298828125,2804.530029296875
2012-09-26,2798.929931640625,2802.280029296875,2768.580078125,2781.6298828125
2012-09-27,2790.780029296875,2827.0,2784.6201171875,2821.60009765625
2012-09-28,2812.820068359375,2820.360107421875,2795.5400390625,2799.18994140625
2012-10-01,2811.449951171875,2827.610107421875,2784.5400390625,2794.280029296875
2012-10-02,2807.080078125,2812.2099609375,2779.010009765625,2799.2900390625
2012-10-03,2810.159912109375,2822.56005859375,2797.280029296875,2818.840087890625
2012-10-04,2824.889892578125,2835.330078125,2814.449951171875,2828.60009765625
2012-10-05,2840.18994140625,2845.969970703125,2806.43994140625,2811.93994140625
2012-10-08,2797.330078125,2801.85009765625,2781.3798828125,2786.919921875
2012-10-09,2781.81005859375,2781.81005859375,2736.97998046875,2741.919921875
2012-10-10,2743.580078125,2749.419921875,2724.3798828125,2728.5400390625
2012-10-11,2750.81005859375,2750.81005859375,2718.489990234375,2719.2099609375
2012-10-12,2719.68994140625,2734.39990234375,2714.169921875,2720.139892578125
2012-10-15,2729.199951171875,2742.699951171875,2713.219970703125,2739.8701171875
2012-10-16,2746.139892578125,2781.010009765625,2743.449951171875,2778.3798828125
2012-10-17,2763.699951171875,2784.81005859375,2760.300048828125,2775.6201171875
2012-10-18,2770.050048828125,2775.830078125,2734.60009765625,2744.169921875
2012-10-19,2741.580078125,2741.580078125,2675.570068359375,2678.320068359375
2012-10-22,2678.889892578125,2699.080078125,2671.5,2694.56005859375
2012-10-23,2670.93994140625,2689.47998046875,2658.77001953125,2666.02001953125
2012-10-24,2685.550048828125,2686.510009765625,2653.429931640625,2655.550048828125
2012-10-25,2677.1298828125,2679.81005859375,2649.18994140625,2657.659912109375
2012-10-26,2657.909912109375,2675.919921875,2636.830078125,2665.830078125
2012-10-31,2663.56005859375,2665.8798828125,2639.6298828125,2647.919921875
2012-11-01,2661.050048828125,2690.719970703125,2657.110107421875,2687.52001953125
2012-11-02,2701.909912109375,2701.909912109375,2654.969970703125,2656.280029296875
2012-11-05,2657.72998046875,2678.93994140625,2651.3701171875,2672.909912109375
2012-11-06,2676.14990234375,2696.4599609375,2668.449951171875,2681.050048828125
2012-11-07,2647.510009765625,2651.260009765625,2602.2900390625,2612.68994140625
2012-11-08,2620.25,2626.419921875,2572.429931640625,2572.570068359375
2012-11-09,2574.8701171875,2610.169921875,2571.860107421875,2584.10009765625
2012-11-12,2596.570068359375,2600.64990234375,2575.610107421875,2582.77001953125
2012-11-13,2558.860107421875,2586.590087890625,2554.52001953125,2561.860107421875
2012-11-14,2574.6201171875,2577.570068359375,2528.360107421875,2531.8701171875
2012-11-15,2534.239990234375,2542.169921875,2514.860107421875,2524.360107421875
2012-11-16,2525.889892578125,2541.340087890625,2494.3798828125,2534.159912109375
2012-11-19,2564.22998046875,2596.75,2562.52001953125,2595.830078125
2012-11-20,2592.27001953125,2598.469970703125,2570.659912109375,2594.659912109375
2012-11-21,2596.02001953125,2604.510009765625,2587.860107421875,2600.47998046875
2012-11-23,2617.8701171875,2640.389892578125,2614.239990234375,2639.590087890625
2012-11-26,2634.429931640625,2652.070068359375,2626.06005859375,2651.669921875
2012-11-27,2649.93994140625,2659.35009765625,2637.60009765625,2641.419921875
2012-11-28,2627.570068359375,2666.31005859375,2613.219970703125,2665.27001953125
2012-11-29,2677.6298828125,2688.949951171875,2667.31005859375,2680.030029296875
2012-11-30,2680.550048828125,2682.360107421875,2668.169921875,2677.8798828125
2012-12-03,2697.43994140625,2699.0400390625,2669.830078125,2671.840087890625
2012-12-04,2671.1201171875,2674.030029296875,2651.4599609375,2667.889892578125
2012-12-05,2660.679931640625,2663.43994140625,2624.510009765625,2637.889892578125
2012-12-06,2631.159912109375,2663.010009765625,2623.6201171875,2656.300048828125
2012-12-07,2667.43994140625,2671.570068359375,2631.469970703125,2640.5400390625
2012-12-10,2634.5400390625,2661.35009765625,2632.25,2647.570068359375
2012-12-11,2665.97998046875,2696.89990234375,2664.10009765625,2682.070068359375
2012-12-12,2694.39990234375,2694.429931640625,2668.510009765625,2674.570068359375
2012-12-13,2667.360107421875,2688.43994140625,2643.139892578125,2654.010009765625
2012-12-14,2635.909912109375,2643.969970703125,2620.080078125,2628.090087890625
2012-12-17,2629.760009765625,2664.719970703125,2627.3701171875,2664.260009765625
2012-12-18,2675.43994140625,2708.47998046875,2669.830078125,2705.389892578125
2012-12-19,2709.610107421875,2713.389892578125,2690.989990234375,2690.989990234375
2012-12-20,2697.60009765625,2698.7099609375,2679.550048828125,2693.550048828125
2012-12-21,2641.9599609375,2667.699951171875,2639.64990234375,2664.669921875
2012-12-24,2658.64990234375,2662.030029296875,2653.580078125,2658.050048828125
2012-12-26,2657.409912109375,2663.56005859375,2627.52001953125,2637.179931640625
2012-12-27,2636.35009765625,2641.110107421875,2599.6298828125,2632.93994140625
2012-12-28,2612.18994140625,2631.7099609375,2604.9599609375,2606.360107421875
2012-12-31,2600.919921875,2665.72998046875,2598.570068359375,2660.929931640625
2013-01-02,2727.669921875,2746.5,2716.300048828125,2746.469970703125
2013-01-03,2742.1298828125,2750.820068359375,2723.669921875,2732.260009765625
2013-01-04,2730.530029296875,2732.159912109375,2716.0400390625,2724.489990234375
2013-01-07,2713.43994140625,2727.679931640625,2707.110107421875,2724.219970703125
2013-01-08,2724.760009765625,2730.159912109375,2703.75,2718.719970703125
2013-01-09,2724.169921875,2735.419921875,2720.050048828125,2727.64990234375
2013-01-10,2746.679931640625,2749.18994140625,2719.679931640625,2744.179931640625
2013-01-11,2743.570068359375,2749.360107421875,2738.0,2748.260009765625
2013-01-14,2733.4599609375,2743.35009765625,2724.070068359375,2735.699951171875
2013-01-15,2721.2900390625,2726.27001953125,2710.800048828125,2722.97998046875
2013-01-16,2725.6298828125,2742.330078125,2721.6201171875,2734.72998046875
2013-01-17,2746.18994140625,2756.679931640625,2740.070068359375,2747.14990234375
2013-01-18,2735.89990234375,2743.5400390625,2728.070068359375,2743.239990234375
2013-01-22,2744.27001953125,2747.52001953125,2726.860107421875,2746.18994140625
2013-01-23,2761.97998046875,2769.31005859375,2756.590087890625,2762.169921875
2013-01-24,2724.199951171875,2748.360107421875,2719.830078125,2723.530029296875
2013-01-25,2731.330078125,2745.090087890625,2726.72998046875,2736.72998046875
2013-01-28,2737.6201171875,2752.5400390625,2735.2099609375,2742.429931640625
2013-01-29,2739.389892578125,2749.43994140625,2722.52001953125,2743.580078125
2013-01-30,2748.6298828125,2757.090087890625,2732.050048828125,2738.7099609375
2013-01-31,2736.1298828125,2751.110107421875,2730.070068359375,2731.530029296875
2013-02-01,2751.18994140625,2768.6298828125,2740.64990234375,2763.9599609375
2013-02-04,2749.39990234375,2755.64990234375,2715.510009765625,2715.679931640625
2013-02-05,2727.820068359375,2762.860107421875,2720.7900390625,2754.989990234375
2013-02-06,2745.3798828125,2758.25,2738.469970703125,2746.35009765625
2013-02-07,2746.02001953125,2749.139892578125,2716.360107421875,2746.5
2013-02-08,2761.050048828125,2780.1298828125,2760.389892578125,2775.56005859375
2013-02-11,2774.43994140625,2777.1298828125,2766.31005859375,2774.639892578125
2013-02-12,2771.159912109375,2776.7099609375,2761.409912109375,2762.6201171875
2013-02-13,2770.699951171875,2783.18994140625,2765.0400390625,2773.77001953125
2013-02-14,2760.1201171875,2776.489990234375,2759.739990234375,2771.429931640625
2013-02-15,2772.56005859375,2779.070068359375,2756.429931640625,2764.669921875
2013-02-19,2770.699951171875,2782.860107421875,2766.860107421875,2782.860107421875
2013-02-20,2781.0,2782.449951171875,2739.27001953125,2739.989990234375
2013-02-21,2730.10009765625,2731.25,2700.320068359375,2711.510009765625
2013-02-22,2726.27001953125,2737.280029296875,2715.469970703125,2737.280029296875
2013-02-25,2756.18994140625,2763.9599609375,2700.969970703125,2700.969970703125
2013-02-26,2708.800048828125,2718.06005859375,2689.830078125,2713.02001953125
2013-02-27,2714.449951171875,2757.610107421875,2710.18994140625,2741.260009765625
2013-02-28,2742.3798828125,2761.280029296875,2738.219970703125,2738.580078125
2013-03-01,2725.3798828125,2751.219970703125,2713.489990234375,2747.75
2013-03-04,2738.2099609375,2759.840087890625,2734.919921875,2759.530029296875
2013-03-05,2776.280029296875,2803.35009765625,2776.1201171875,2799.25
2013-03-06,2808.110107421875,2808.179931640625,2788.679931640625,2792.56005859375
2013-03-07,2794.68994140625,2804.030029296875,2790.0400390625,2799.489990234375
2013-03-08,2809.330078125,2812.72998046875,2792.1298828125,2804.110107421875
2013-03-11,2798.1298828125,2812.050048828125,2791.389892578125,2811.860107421875
2013-03-12,2803.469970703125,2809.530029296875,2788.219970703125,2800.81005859375
2013-03-13,2801.409912109375,2807.699951171875,2787.719970703125,2798.679931640625
2013-03-14,2806.409912109375,2812.2900390625,2801.360107421875,2807.300048828125
2013-03-15,2810.0400390625,2810.239990234375,2792.22998046875,2799.409912109375
2013-03-18,2771.530029296875,2803.449951171875,2767.47998046875,2792.300048828125
2013-03-19,2801.10009765625,2807.0,2763.1201171875,2787.27001953125
2013-03-20,2808.929931640625,2811.47998046875,2794.22998046875,2805.909912109375
2013-03-21,2779.570068359375,2787.85009765625,2768.7900390625,2774.85009765625
2013-03-22,2787.27001953125,2803.9599609375,2783.68994140625,2800.81005859375
2013-03-25,2810.75,2816.550048828125,2778.780029296875,2789.449951171875
2013-03-26,2803.22998046875,2807.179931640625,2796.389892578125,2806.5
2013-03-27,2786.659912109375,2811.7900390625,2783.860107421875,2809.97998046875
2013-03-28,2809.489990234375,2820.669921875,2804.530029296875,2818.68994140625
2013-04-01,2819.780029296875,2821.47998046875,2789.760009765625,2797.070068359375
2013-04-02,2809.0,2828.639892578125,2808.719970703125,2820.6201171875
2013-04-03,2821.969970703125,2825.280029296875,2787.27001953125,2795.0400390625
2013-04-04,2794.409912109375,2800.590087890625,2779.340087890625,2794.919921875
2013-04-05,2749.639892578125,2774.5400390625,2744.260009765625,2771.75
2013-04-08,2772.300048828125,2786.1298828125,2764.340087890625,2786.1298828125
2013-04-09,2793.860107421875,2815.070068359375,2780.199951171875,2804.669921875
2013-04-10,2812.510009765625,2862.320068359375,2811.85009765625,2859.2099609375
2013-04-11,2850.389892578125,2863.659912109375,2848.030029296875,2859.070068359375
2013-04-12,2854.469970703125,2857.35009765625,2834.4599609375,2856.47998046875
2013-04-15,2841.260009765625,2849.159912109375,2796.389892578125,2797.469970703125
2013-04-16,2815.64990234375,2839.3798828125,2810.02001953125,2838.409912109375
2013-04-17,2811.330078125,2812.4599609375,2765.449951171875,2781.97998046875
2013-04-18,2787.969970703125,2788.18994140625,2730.969970703125,2741.949951171875
2013-04-19,2743.39990234375,2785.64990234375,2743.39990234375,2780.4599609375
2013-04-22,2791.77001953125,2818.72998046875,2780.820068359375,2810.070068359375
2013-04-23,2824.969970703125,2845.39990234375,2810.760009765625,2835.3701171875
2013-04-24,2827.35009765625,2844.949951171875,2821.800048828125,2834.1201171875
2013-04-25,2841.97998046875,2860.68994140625,2841.02001953125,2848.659912109375
2013-04-26,2842.2099609375,2848.530029296875,2828.8798828125,2840.550048828125
2013-04-29,2849.5400390625,2877.080078125,2849.0400390625,2866.949951171875
2013-04-30,2869.1298828125,2887.8701171875,2859.93994140625,2887.43994140625
2013-05-01,2885.35009765625,2892.260009765625,2868.760009765625,2873.35009765625
2013-05-02,2877.56005859375,2916.300048828125,2877.260009765625,2911.139892578125
2013-05-03,2938.739990234375,2952.219970703125,2937.239990234375,2944.590087890625
2013-05-06,2948.89990234375,2959.6298828125,2947.469970703125,2955.360107421875
2013-05-07,2960.080078125,2961.760009765625,2942.25,2952.8798828125
2013-05-08,2952.31005859375,2969.659912109375,2946.7900390625,2968.239990234375
2013-05-09,2960.550048828125,2980.360107421875,2955.699951171875,2961.1201171875
2013-05-10,2967.070068359375,2981.02001953125,2962.68994140625,2981.02001953125
2013-05-13,2972.9599609375,2989.699951171875,2971.72998046875,2982.090087890625
2013-05-14,2981.889892578125,3005.02001953125,2981.889892578125,2996.050048828125
2013-05-15,2990.389892578125,3004.52001953125,2982.77001953125,3002.6201171875
2013-05-16,3005.050048828125,3019.0400390625,2997.469970703125,2999.340087890625
2013-05-17,3017.7900390625,3028.9599609375,3005.25,3028.9599609375
2013-05-20,3019.280029296875,3032.860107421875,3011.949951171875,3020.969970703125
2013-05-21,3019.89990234375,3036.7099609375,3011.510009765625,3026.449951171875
2013-05-22,3027.449951171875,3053.510009765625,2984.840087890625,2999.1298828125
2013-05-23,2967.929931640625,3002.550048828125,2966.64990234375,2991.449951171875
2013-05-24,2971.360107421875,2991.260009765625,2965.300048828125,2991.02001953125
2013-05-28,3024.3798828125,3037.0,3002.219970703125,3011.93994140625
2013-05-29,2996.97998046875,3006.89990234375,2979.89990234375,2994.820068359375
2013-05-30,2998.989990234375,3026.360107421875,2998.77001953125,3011.830078125
2013-05-31,3001.68994140625,3023.110107421875,2981.760009765625,2981.760009765625
2013-06-03,2984.590087890625,2990.800048828125,2950.8701171875,2990.7900390625
2013-06-04,2993.06005859375,3007.300048828125,2962.219970703125,2973.68994140625
2013-06-05,2961.669921875,2975.830078125,2933.219970703125,2937.139892578125
2013-06-06,2940.8701171875,2950.300048828125,2911.93994140625,2950.300048828125
2013-06-07,2960.89990234375,2993.1298828125,2955.10009765625,2990.8701171875
2013-06-10,2995.030029296875,3004.669921875,2985.5,2990.489990234375
2013-06-11,2959.43994140625,2987.85009765625,2952.070068359375,2959.840087890625
2013-06-12,2977.679931640625,2978.760009765625,2921.8798828125,2926.139892578125
2013-06-13,2924.889892578125,2968.97998046875,2914.199951171875,2962.89990234375
2013-06-14,2958.8701171875,2966.1298828125,2939.679931640625,2943.860107421875
2013-06-17,2967.330078125,2988.590087890625,2956.919921875,2971.260009765625
2013-06-18,2974.919921875,3001.889892578125,2974.610107421875,2996.090087890625
2013-06-19,2998.090087890625,3000.219970703125,2959.5,2959.5
2013-06-20,2927.6298828125,2938.10009765625,2882.449951171875,2890.330078125
2013-06-21,2887.070068359375,2898.39990234375,2853.68994140625,2877.93994140625
2013-06-24,2852.64990234375,2869.919921875,2825.179931640625,2848.199951171875
2013-06-25,2874.659912109375,2880.929931640625,2851.989990234375,2866.5
2013-06-26,2892.429931640625,2899.580078125,2883.9599609375,2893.85009765625
2013-06-27,2909.8798828125,2924.340087890625,2905.300048828125,2906.840087890625
2013-06-28,2896.699951171875,2927.489990234375,2891.570068359375,2909.60009765625
2013-07-01,2933.47998046875,2951.0,2924.260009765625,2927.35009765625
2013-07-02,2924.7900390625,2945.929931640625,2913.47998046875,2929.6298828125
2013-07-03,2918.949951171875,2953.85009765625,2916.27001953125,2941.409912109375
2013-07-05,2958.260009765625,2963.820068359375,2934.219970703125,2963.219970703125
2013-07-08,2976.610107421875,2978.820068359375,2955.3701171875,2966.1298828125
2013-07-09,2981.10009765625,2989.929931640625,2966.679931640625,2984.320068359375
2013-07-10,2981.219970703125,3004.280029296875,2981.090087890625,3000.659912109375
2013-07-11,3032.090087890625,3060.669921875,3030.389892578125,3059.4599609375
2013-07-12,3061.889892578125,3079.070068359375,3054.030029296875,3079.070068359375
2013-07-15,3077.02001953125,3082.25,3068.030029296875,3079.85009765625
2013-07-16,3083.570068359375,3085.199951171875,3069.169921875,3077.469970703125
2013-07-17,3084.93994140625,3090.889892578125,3075.9599609375,3085.280029296875
2013-07-18,3081.340087890625,3091.2099609375,3071.889892578125,3077.820068359375
2013-07-19,3043.06005859375,3049.75,3035.989990234375,3044.929931640625
2013-07-22,3061.5,3061.550048828125,3044.760009765625,3055.22998046875
2013-07-23,3059.14990234375,3059.3701171875,3029.070068359375,3031.39990234375
2013-07-24,3060.47998046875,3060.6298828125,3034.6201171875,3041.159912109375
2013-07-25,3054.169921875,3063.760009765625,3040.25,3061.669921875
2013-07-26,3046.1201171875,3076.22998046875,3044.3798828125,3076.22998046875
2013-07-29,3067.47998046875,3083.340087890625,3062.909912109375,3068.949951171875
2013-07-30,3080.199951171875,3099.3798828125,3076.389892578125,3085.330078125
2013-07-31,3094.820068359375,3110.010009765625,3087.469970703125,3090.18994140625
2013-08-01,3113.219970703125,3128.669921875,3111.280029296875,3126.300048828125
2013-08-02,3125.489990234375,3143.52001953125,3118.0400390625,3143.52001953125
2013-08-05,3136.77001953125,3145.25,3133.52001953125,3143.18994140625
2013-08-06,3136.14990234375,3141.050048828125,3111.5,3122.199951171875
2013-08-07,3117.1298828125,3123.919921875,3096.409912109375,3118.68994140625
2013-08-08,3134.06005859375,3137.659912109375,3111.360107421875,3130.1298828125
2013-08-09,3124.739990234375,3136.699951171875,3109.860107421875,3118.570068359375
2013-08-12,3107.06005859375,3130.610107421875,3106.25,3125.929931640625
2013-08-13,3130.080078125,3149.239990234375,3106.27001953125,3141.06005859375
2013-08-14,3141.969970703125,3144.429931640625,3125.409912109375,3129.449951171875
2013-08-15,3089.340087890625,3092.27001953125,3068.070068359375,3076.22998046875
2013-08-16,3076.830078125,3090.68994140625,3070.429931640625,3073.909912109375
2013-08-19,3074.3798828125,3101.02001953125,3069.469970703125,3069.760009765625
2013-08-20,3077.14990234375,3096.419921875,3073.050048828125,3082.169921875
2013-08-21,3073.239990234375,3098.6201171875,3061.419921875,3071.469970703125
2013-08-22,3085.610107421875,3103.639892578125,3085.419921875,3101.820068359375
2013-08-23,3126.25,3127.050048828125,3112.8701171875,3124.27001953125
2013-08-26,3127.010009765625,3147.8701171875,3118.52001953125,3122.669921875
2013-08-27,3086.169921875,3102.27001953125,3053.260009765625,3059.580078125
2013-08-28,3060.9599609375,3085.679931640625,3060.5400390625,3072.169921875
2013-08-29,3065.8701171875,3109.070068359375,3065.8701171875,3093.360107421875
2013-08-30,3095.169921875,3095.43994140625,3063.070068359375,3073.81005859375
2013-09-03,3097.64990234375,3112.419921875,3077.1298828125,3091.760009765625
2013-09-04,3100.280029296875,3128.800048828125,3092.9599609375,3124.5400390625
2013-09-05,3127.070068359375,3138.06005859375,3125.3798828125,3129.93994140625
2013-09-06,3140.97998046875,3148.989990234375,3098.02001953125,3133.3798828125
2013-09-09,3146.02001953125,3174.8701171875,3146.02001953125,3169.929931640625
2013-09-10,3186.530029296875,3189.239990234375,3173.110107421875,3185.070068359375
2013-09-11,3163.77001953125,3180.3701171875,3159.31005859375,3179.860107421875
2013-09-12,3179.60009765625,3186.300048828125,3170.139892578125,3175.570068359375
2013-09-13,3180.449951171875,3182.110107421875,3161.64990234375,3178.280029296875
2013-09-16,3203.18994140625,3204.590087890625,3163.1298828125,3168.68994140625
2013-09-17,3177.780029296875,3195.14990234375,3176.580078125,3190.830078125
2013-09-18,3198.449951171875,3235.719970703125,3190.010009765625,3231.31005859375
2013-09-19,3240.929931640625,3245.1201171875,3231.679931640625,3237.610107421875
2013-09-20,3244.429931640625,3248.52001953125,3224.72998046875,3224.72998046875
2013-09-23,3242.320068359375,3243.429931640625,3205.5,3219.340087890625
2013-09-24,3226.22998046875,3236.840087890625,3209.389892578125,3218.659912109375
2013-09-25,3221.199951171875,3226.6201171875,3202.75,3208.550048828125
2013-09-26,3222.97998046875,3240.989990234375,3221.169921875,3234.0400390625
2013-09-27,3217.43994140625,3235.2900390625,3210.800048828125,3230.300048828125
2013-09-30,3190.39990234375,3229.449951171875,3186.860107421875,3218.199951171875
2013-10-01,3220.919921875,3254.330078125,3220.919921875,3253.050048828125
2013-10-02,3231.570068359375,3256.7099609375,3228.43994140625,3253.260009765625
2013-10-03,3247.85009765625,3254.909912109375,3197.3701171875,3213.830078125
2013-10-04,3214.050048828125,3246.159912109375,3212.010009765625,3242.570068359375
2013-10-07,3215.77001953125,3240.110107421875,3213.010009765625,3215.68994140625
2013-10-08,3217.14990234375,3217.14990234375,3152.260009765625,3153.8701171875
2013-10-09,3161.35009765625,3161.760009765625,3117.68994140625,3142.5400390625
2013-10-10,3179.27001953125,3216.030029296875,3178.669921875,3210.840087890625
2013-10-11,3203.489990234375,3237.010009765625,3201.929931640625,3233.830078125
2013-10-14,3213.3798828125,3257.18994140625,3212.050048828125,3256.02001953125
2013-10-15,3253.9599609375,3269.969970703125,3241.35009765625,3244.659912109375
2013-10-16,3261.47998046875,3283.179931640625,3258.800048828125,3281.669921875
2013-10-17,3265.909912109375,3301.60009765625,3264.22998046875,3301.280029296875
2013-10-18,3330.610107421875,3355.6298828125,3321.780029296875,3353.8798828125
2013-10-21,3361.760009765625,3369.739990234375,3351.050048828125,3361.179931640625
2013-10-22,3374.169921875,3384.35009765625,3344.179931640625,3366.929931640625
2013-10-23,3348.60009765625,3355.469970703125,3330.199951171875,3346.050048828125
2013-10-24,3347.969970703125,3367.389892578125,3344.06005859375,3362.3798828125
2013-10-25,3394.159912109375,3400.0400390625,3368.590087890625,3383.830078125
2013-10-28,3382.179931640625,3390.469970703125,3370.39990234375,3382.679931640625
2013-10-29,3397.8798828125,3399.090087890625,3375.570068359375,3391.75
2013-10-30,3402.489990234375,3408.280029296875,3372.22998046875,3385.3798828125
2013-10-31,3378.510009765625,3400.39990234375,3367.760009765625,3377.72998046875
2013-11-01,3392.320068359375,3394.909912109375,3364.64990234375,3379.760009765625
2013-11-04,3388.699951171875,3390.179931640625,3374.3798828125,3384.75
2013-11-05,3372.949951171875,3395.929931640625,3361.909912109375,3388.820068359375
2013-11-06,3396.47998046875,3401.27001953125,3374.280029296875,3385.3798828125
2013-11-07,3386.360107421875,3389.2099609375,3318.39990234375,3321.409912109375
2013-11-08,3333.919921875,3366.840087890625,3324.699951171875,3366.840087890625
2013-11-11,3359.830078125,3369.889892578125,3350.739990234375,3362.97998046875
2013-11-12,3351.25,3370.360107421875,3348.85009765625,3365.22998046875
2013-11-13,3346.449951171875,3405.60009765625,3346.409912109375,3405.56005859375
2013-11-14,3393.25,3418.570068359375,3390.3798828125,3415.139892578125
2013-11-15,3419.77001953125,3422.580078125,3409.010009765625,3422.580078125
2013-11-18,3423.469970703125,3429.199951171875,3383.449951171875,3388.8701171875
2013-11-19,3385.820068359375,3400.639892578125,3371.60009765625,3378.1298828125
2013-11-20,3386.06005859375,3397.68994140625,3359.31005859375,3367.169921875
2013-11-21,3382.5,3404.949951171875,3380.64990234375,3402.739990234375
2013-11-22,3409.52001953125,3422.1298828125,3406.39990234375,3422.02001953125
2013-11-25,3433.919921875,3437.489990234375,3420.360107421875,3427.489990234375
2013-11-26,3429.639892578125,3455.5400390625,3422.469970703125,3445.760009765625
2013-11-27,3454.81005859375,3471.64990234375,3451.969970703125,3470.47998046875
2013-11-29,3481.31005859375,3495.969970703125,3481.31005859375,3487.820068359375
2013-12-02,3496.18994140625,3501.070068359375,3476.679931640625,3481.14990234375
2013-12-03,3478.989990234375,3487.02001953125,3465.35009765625,3479.340087890625
2013-12-04,3463.719970703125,3493.10009765625,3453.219970703125,3483.010009765625
2013-12-05,3484.27001953125,3489.080078125,3468.840087890625,3477.72998046875
2013-12-06,3511.06005859375,3511.10009765625,3485.739990234375,3504.260009765625
2013-12-09,3515.669921875,3524.010009765625,3511.280029296875,3516.169921875
2013-12-10,3510.7099609375,3520.72998046875,3507.419921875,3514.199951171875
2013-12-11,3514.239990234375,3519.219970703125,3464.39990234375,3468.989990234375
2013-12-12,3471.89990234375,3478.949951171875,3457.9599609375,3460.2900390625
2013-12-13,3476.8798828125,3477.830078125,3449.739990234375,3456.39990234375
2013-12-16,3470.429931640625,3494.409912109375,3470.110107421875,3475.7900390625
2013-12-17,3474.72998046875,3482.340087890625,3461.070068359375,3469.320068359375
2013-12-18,3468.14990234375,3510.52001953125,3422.860107421875,3509.6298828125
2013-12-19,3499.81005859375,3502.22998046875,3483.030029296875,3498.6298828125
2013-12-20,3502.4599609375,3540.969970703125,3502.2900390625,3531.18994140625
2013-12-23,3563.18994140625,3570.280029296875,3552.300048828125,3569.39990234375
2013-12-24,3570.52001953125,3574.510009765625,3564.590087890625,3572.800048828125
2013-12-26,3579.6201171875,3586.719970703125,3572.10009765625,3584.580078125
2013-12-27,3589.1201171875,3591.31005859375,3571.050048828125,3574.02001953125
2013-12-30,3570.860107421875,3574.199951171875,3559.3701171875,3570.080078125
2013-12-31,3576.239990234375,3592.0,3575.25,3592.0
2014-01-02,3575.60009765625,3577.030029296875,3553.64990234375,3563.570068359375
2014-01-03,3564.93994140625,3567.510009765625,3537.610107421875,3538.72998046875
2014-01-06,3539.02001953125,3542.52001953125,3512.449951171875,3526.9599609375
2014-01-07,3539.2900390625,3562.989990234375,3535.5,3557.85009765625
2014-01-08,3558.300048828125,3575.14990234375,3551.1201171875,3567.5400390625
2014-01-09,3576.330078125,3579.39990234375,3541.81005859375,3552.580078125
2014-01-10,3565.679931640625,3568.469970703125,3536.449951171875,3565.080078125
2014-01-13,3559.389892578125,3572.39990234375,3499.3701171875,3512.800048828125
2014-01-14,3526.199951171875,3581.60009765625,3525.469970703125,3580.64990234375
2014-01-15,3593.81005859375,3615.699951171875,3592.6201171875,3609.840087890625
2014-01-16,3605.429931640625,3614.659912109375,3599.8701171875,3611.2900390625
2014-01-17,3597.409912109375,3608.719970703125,3580.389892578125,3591.25
2014-01-21,3611.6298828125,3617.699951171875,3586.050048828125,3617.699951171875
2014-01-22,3623.31005859375,3634.64990234375,3615.47998046875,3627.719970703125
2014-01-23,3612.530029296875,3613.8798828125,3588.830078125,3613.760009765625
2014-01-24,3596.929931640625,3601.0,3541.3798828125,3541.47998046875
2014-01-27,3543.5,3548.47998046875,3482.889892578125,3509.02001953125
2014-01-28,3484.389892578125,3509.800048828125,3483.7099609375,3505.719970703125
2014-01-29,3472.419921875,3500.820068359375,3461.639892578125,3467.820068359375
2014-01-30,3514.25,3544.2099609375,3508.010009765625,3532.409912109375
2014-01-31,3488.3701171875,3539.43994140625,3488.0400390625,3521.919921875
2014-02-03,3524.22998046875,3533.47998046875,3433.639892578125,3440.5
2014-02-04,3460.1298828125,3480.739990234375,3449.18994140625,3470.199951171875
2014-02-05,3457.0400390625,3469.35009765625,3418.8798828125,3454.89990234375
2014-02-06,3465.830078125,3502.52001953125,3465.419921875,3497.60009765625
2014-02-07,3522.330078125,3563.139892578125,3508.830078125,3561.909912109375
2014-02-10,3558.590087890625,3582.840087890625,3557.780029296875,3582.110107421875
2014-02-11,3587.580078125,3628.590087890625,3585.080078125,3621.719970703125
2014-02-12,3626.139892578125,3635.919921875,3618.06005859375,3627.360107421875
2014-02-13,3601.75,3659.56005859375,3600.860107421875,3659.56005859375
2014-02-14,3652.8798828125,3671.0400390625,3643.7900390625,3663.8798828125
2014-02-18,3668.989990234375,3685.179931640625,3658.639892578125,3679.429931640625
2014-02-19,3668.719970703125,3679.68994140625,3646.1298828125,3652.85009765625
2014-02-20,3654.85009765625,3676.889892578125,3640.6298828125,3671.929931640625
2014-02-21,3683.419921875,3687.159912109375,3661.4599609375,3662.60009765625
2014-02-24,3670.070068359375,3701.27001953125,3668.340087890625,3685.81005859375
2014-02-25,3689.679931640625,3697.60009765625,3669.530029296875,3679.139892578125
2014-02-26,3691.840087890625,3702.090087890625,3663.75,3676.60009765625
2014-02-27,3678.31005859375,3704.64990234375,3672.639892578125,3699.800048828125
2014-02-28,3703.47998046875,3722.3798828125,3664.830078125,3696.10009765625
2014-03-03,3657.320068359375,3678.3798828125,3637.669921875,3668.3701171875
2014-03-04,3710.18994140625,3723.0,3706.820068359375,3719.929931640625
2014-03-05,3721.530029296875,3732.97998046875,3715.3798828125,3727.18994140625
2014-03-06,3735.85009765625,3738.320068359375,3709.409912109375,3720.929931640625
2014-03-07,3736.929931640625,3737.360107421875,3686.93994140625,3703.39990234375
2014-03-10,3702.139892578125,3709.780029296875,3683.969970703125,3706.340087890625
2014-03-11,3715.889892578125,3725.7099609375,3681.3701171875,3691.5
2014-03-12,3678.360107421875,3707.199951171875,3661.8701171875,3707.06005859375
2014-03-13,3719.360107421875,3720.6201171875,3636.7900390625,3651.489990234375
2014-03-14,3643.2099609375,3656.93994140625,3626.860107421875,3627.8701171875
2014-03-17,3653.18994140625,3678.320068359375,3651.139892578125,3662.510009765625
2014-03-18,3667.39990234375,3708.260009765625,3664.7900390625,3706.6201171875
2014-03-19,3705.510009765625,3709.010009765625,3661.06005859375,3682.739990234375
2014-03-20,3675.6201171875,3705.31005859375,3665.830078125,3693.969970703125
2014-03-21,3711.469970703125,3717.360107421875,3643.35009765625,3653.070068359375
2014-03-24,3665.3798828125,3665.580078125,3585.14990234375,3617.389892578125
2014-03-25,3640.260009765625,3659.590087890625,3600.64990234375,3629.72998046875
2014-03-26,3645.72998046875,3654.68994140625,3582.840087890625,3582.889892578125
2014-03-27,3578.5400390625,3594.080078125,3543.070068359375,3563.1298828125
2014-03-28,3576.179931640625,3609.080078125,3560.580078125,3571.489990234375
2014-03-31,3598.080078125,3618.419921875,3593.699951171875,3595.739990234375
2014-04-01,3615.909912109375,3659.159912109375,3614.159912109375,3658.39990234375
2014-04-02,3670.330078125,3676.360107421875,3649.7900390625,3665.989990234375
2014-04-03,3670.429931640625,3675.699951171875,3617.409912109375,3637.580078125
2014-04-04,3659.919921875,3663.780029296875,3532.280029296875,3539.3798828125
2014-04-07,3522.2099609375,3551.2099609375,3482.75,3507.75
2014-04-08,3511.820068359375,3543.97998046875,3499.0,3538.22998046875
2014-04-09,3552.070068359375,3602.35009765625,3544.090087890625,3600.43994140625
2014-04-10,3597.580078125,3599.639892578125,3479.14990234375,3487.760009765625
2014-04-11,3453.239990234375,3502.330078125,3440.550048828125,3446.85009765625
2014-04-14,3479.659912109375,3493.169921875,3443.260009765625,3474.6298828125
2014-04-15,3484.2900390625,3505.669921875,3414.110107421875,3487.85009765625
2014-04-16,3517.5,3533.090087890625,3489.2900390625,3533.090087890625
2014-04-17,3526.570068359375,3551.02001953125,3511.27001953125,3534.530029296875
2014-04-21,3543.64990234375,3559.949951171875,3525.590087890625,3559.949951171875
2014-04-22,3570.510009765625,3596.919921875,3566.8701171875,3588.81005859375
2014-04-23,3587.64990234375,3588.050048828125,3555.18994140625,3557.0400390625
2014-04-24,3609.830078125,3613.199951171875,3552.929931640625,3591.030029296875
2014-04-25,3569.919921875,3573.949951171875,3525.60009765625,3533.10009765625
2014-04-28,3546.9599609375,3570.110107421875,3489.60009765625,3545.030029296875
2014-04-29,3557.77001953125,3579.030029296875,3538.239990234375,3573.989990234375
2014-04-30,3556.0,3585.5,3548.110107421875,3582.02001953125
2014-05-01,3589.659912109375,3613.030029296875,3580.02001953125,3594.360107421875
2014-05-02,3608.840087890625,3611.56005859375,3578.530029296875,3587.639892578125
2014-05-05,3566.260009765625,3605.260009765625,3556.39990234375,3605.090087890625
2014-05-06,3598.27001953125,3599.64990234375,3556.10009765625,3556.510009765625
2014-05-07,3561.469970703125,3567.550048828125,3506.35009765625,3546.469970703125
2014-05-08,3533.389892578125,3583.639892578125,3524.85009765625,3540.419921875
2014-05-09,3537.679931640625,3556.35009765625,3516.239990234375,3555.699951171875
2014-05-12,3574.239990234375,3613.3701171875,3572.68994140625,3612.72998046875
2014-05-13,3614.909912109375,3625.77001953125,3605.780029296875,3611.1298828125
2014-05-14,3603.580078125,3614.6298828125,3585.679931640625,3593.25
2014-05-15,3594.590087890625,3598.340087890625,3542.6298828125,3565.169921875
2014-05-16,3568.199951171875,3590.409912109375,3545.6298828125,3587.199951171875
2014-05-19,3577.85009765625,3618.9599609375,3572.280029296875,3615.6201171875
2014-05-20,3612.860107421875,3624.60009765625,3585.8798828125,3600.31005859375
2014-05-21,3605.7900390625,3636.469970703125,3605.510009765625,3635.610107421875
2014-05-22,3639.489990234375,3660.590087890625,3633.85009765625,3650.860107421875
2014-05-23,3656.27001953125,3678.169921875,3646.22998046875,3677.330078125
2014-05-27,3693.179931640625,3723.070068359375,3691.090087890625,3723.070068359375
2014-05-28,3720.889892578125,3726.719970703125,3708.64990234375,3712.260009765625
2014-05-29,3723.27001953125,3735.719970703125,3717.659912109375,3735.719970703125
2014-05-30,3738.7099609375,3741.570068359375,3716.090087890625,3736.820068359375
2014-06-02,3740.7099609375,3740.7099609375,3707.889892578125,3732.9599609375
2014-06-03,3719.169921875,3735.969970703125,3715.4599609375,3730.070068359375
2014-06-04,3720.0,3750.010009765625,3715.239990234375,3743.590087890625
2014-06-05,3748.360107421875,3782.0,3735.18994140625,3776.949951171875
2014-06-06,3792.419921875,3795.139892578125,3782.1201171875,3794.570068359375
2014-06-09,3795.85009765625,3804.0400390625,3783.89990234375,3795.739990234375
2014-06-10,3790.47998046875,3802.4599609375,3786.56005859375,3800.860107421875
2014-06-11,3789.409912109375,3803.949951171875,3783.610107421875,3797.85009765625
2014-06-12,3790.590087890625,3794.989990234375,3751.68994140625,3763.800048828125
2014-06-13,3782.840087890625,3784.840087890625,3759.8701171875,3775.56005859375
2014-06-16,3768.3701171875,3789.929931640625,3761.419921875,3779.929931640625
2014-06-17,3775.72998046875,3790.919921875,3769.93994140625,3781.320068359375
2014-06-18,3786.18994140625,3807.489990234375,3764.530029296875,3804.610107421875
2014-06-19,3808.760009765625,3811.239990234375,3783.300048828125,3800.800048828125
2014-06-20,3803.10009765625,3807.919921875,3794.510009765625,3802.639892578125
2014-06-23,3802.25,3806.18994140625,3794.85009765625,3805.31005859375
2014-06-24,3807.489990234375,3837.169921875,3791.1201171875,3799.530029296875
2014-06-25,3794.840087890625,3831.85009765625,3792.31005859375,3827.330078125
2014-06-26,3826.699951171875,3827.699951171875,3798.6298828125,3826.909912109375
2014-06-27,3825.02001953125,3844.889892578125,3823.2099609375,3844.43994140625
2014-06-30,3844.449951171875,3860.64990234375,3841.699951171875,3849.47998046875
2014-07-01,3864.139892578125,3902.929931640625,3863.81005859375,3894.330078125
2014-07-02,3895.179931640625,3904.35009765625,3890.77001953125,3899.27001953125
2014-07-03,3911.110107421875,3923.14990234375,3901.330078125,3923.010009765625
2014-07-07,3917.889892578125,3923.919921875,3904.669921875,3910.7099609375
2014-07-08,3903.3701171875,3906.219970703125,3848.179931640625,3864.070068359375
2014-07-09,3873.169921875,3896.3798828125,3863.199951171875,3892.909912109375
2014-07-10,3837.2900390625,3895.719970703125,3837.159912109375,3880.0400390625
2014-07-11,3888.760009765625,3905.39990234375,3879.39990234375,3904.580078125
2014-07-14,3923.60009765625,3937.72998046875,3916.530029296875,3929.4599609375
2014-07-15,3934.7900390625,3940.550048828125,3887.5,3914.4599609375
2014-07-16,3943.60009765625,3947.489990234375,3927.010009765625,3932.330078125
2014-07-17,3921.8701171875,3933.8798828125,3866.219970703125,3878.010009765625
2014-07-18,3899.3798828125,3942.14990234375,3894.56005859375,3939.889892578125
2014-07-21,3933.110107421875,3941.929931640625,3917.739990234375,3934.139892578125
2014-07-22,3950.830078125,3966.10009765625,3949.090087890625,3961.6201171875
2014-07-23,3974.659912109375,3990.639892578125,3967.9599609375,3986.18994140625
2014-07-24,3994.179931640625,3997.5,3975.659912109375,3983.18994140625
2014-07-25,3959.35009765625,3970.43994140625,3945.050048828125,3965.169921875
2014-07-28,3966.31005859375,3977.0,3936.719970703125,3967.239990234375
2014-07-29,3974.06005859375,3983.419921875,3957.219970703125,3959.030029296875
2014-07-30,3982.10009765625,3989.0,3960.2900390625,3976.070068359375
2014-07-31,3938.31005859375,3948.89990234375,3889.10009765625,3892.5
2014-08-01,3886.10009765625,3908.2099609375,3855.35009765625,3879.669921875
2014-08-04,3890.6298828125,3922.25,3875.10009765625,3908.77001953125
2014-08-05,3891.1298828125,3901.169921875,3858.64990234375,3874.93994140625
2014-08-06,3851.43994140625,3896.64990234375,3849.449951171875,3874.27001953125
2014-08-07,3889.68994140625,3895.739990234375,3845.199951171875,3857.93994140625
2014-08-08,3864.090087890625,3890.6298828125,3848.489990234375,3888.090087890625
2014-08-11,3899.97998046875,3921.18994140625,3899.3701171875,3910.4599609375
2014-08-12,3904.449951171875,3916.72998046875,3887.580078125,3905.22998046875
2014-08-13,3924.469970703125,3949.68994140625,3921.43994140625,3949.199951171875
2014-08-14,3953.27001953125,3969.239990234375,3949.080078125,3969.110107421875
2014-08-15,3993.0,3997.080078125,3951.25,3987.510009765625
2014-08-18,4007.18994140625,4022.47998046875,4003.4599609375,4020.5
2014-08-19,4025.510009765625,4041.5,4024.169921875,4040.1298828125
2014-08-20,4032.909912109375,4046.969970703125,4032.199951171875,4040.7099609375
2014-08-21,4041.0,4048.949951171875,4035.75,4047.030029296875
2014-08-22,4052.139892578125,4060.89990234375,4040.219970703125,4052.75
2014-08-25,4073.47998046875,4079.52001953125,4058.60009765625,4067.47998046875
2014-08-26,4073.050048828125,4076.5400390625,4062.72998046875,4071.669921875
2014-08-27,4073.39990234375,4078.18994140625,4064.070068359375,4073.179931640625
2014-08-28,4059.3701171875,4072.2900390625,4054.610107421875,4066.27001953125
2014-08-29,4081.02001953125,4082.969970703125,4062.179931640625,4082.56005859375
2014-09-02,4093.1201171875,4095.8701171875,4078.18994140625,4095.81005859375
2014-09-03,4103.97021484375,4104.43017578125,4063.489990234375,4070.9599609375
2014-09-04,4078.820068359375,4100.77978515625,4056.530029296875,4066.1298828125
2014-09-05,4067.3701171875,4089.97998046875,4051.75,4089.919921875
2014-09-08,4086.52001953125,4105.5,4076.6298828125,4095.469970703125
2014-09-09,4094.02001953125,4110.85986328125,4053.110107421875,4061.8798828125
2014-09-10,4063.85009765625,4095.909912109375,4054.610107421875,4094.969970703125
2014-09-11,4077.68994140625,4092.7900390625,4060.919921875,4092.64990234375
2014-09-12,4087.169921875,4089.6201171875,4057.530029296875,4069.22998046875
2014-09-15,4070.199951171875,4070.820068359375,4018.300048828125,4029.889892578125
2014-09-16,4012.530029296875,4073.139892578125,4009.97998046875,4067.27001953125
2014-09-17,4066.760009765625,4090.949951171875,4048.580078125,4073.570068359375
2014-09-18,4084.510009765625,4103.419921875,4080.820068359375,4103.080078125
2014-09-19,4113.02001953125,4118.91015625,4084.449951171875,4100.08984375
2014-09-22,4091.8701171875,4092.139892578125,4044.989990234375,4061.22998046875
2014-09-23,4045.669921875,4069.2099609375,4043.260009765625,4051.570068359375
2014-09-24,4055.419921875,4096.27001953125,4041.719970703125,4094.31005859375
2014-09-25,4079.3701171875,4087.18994140625,4007.6298828125,4007.820068359375
2014-09-26,4016.969970703125,4057.469970703125,4015.02001953125,4053.719970703125
2014-09-29,4009.659912109375,4056.429931640625,4008.580078125,4047.179931640625
2014-09-30,4054.860107421875,4070.43994140625,4031.699951171875,4049.449951171875
2014-10-01,4043.330078125,4043.43994140625,3972.909912109375,3984.739990234375
2014-10-02,3984.800048828125,3996.75,3934.93994140625,3985.8701171875
2014-10-03,4004.75,4040.56005859375,3995.81005859375,4027.31005859375
2014-10-06,4041.39990234375,4046.7099609375,4004.2099609375,4016.27001953125
2014-10-07,3999.25,4007.93994140625,3958.43994140625,3958.590087890625
2014-10-08,3960.7900390625,4048.7900390625,3938.159912109375,4041.1201171875
2014-10-09,4031.6201171875,4040.5400390625,3965.3701171875,3969.320068359375
2014-10-10,3946.320068359375,3969.47998046875,3870.860107421875,3870.860107421875
2014-10-13,3866.889892578125,3893.659912109375,3807.889892578125,3808.0
2014-10-14,3837.219970703125,3860.0400390625,3801.159912109375,3810.449951171875
2014-10-15,3738.719970703125,3801.419921875,3700.22998046875,3785.969970703125
2014-10-16,3706.699951171875,3795.080078125,3704.830078125,3765.280029296875
2014-10-17,3815.719970703125,3848.97998046875,3791.159912109375,3815.469970703125
2014-10-20,3813.60009765625,3872.360107421875,3804.969970703125,3870.080078125
2014-10-21,3916.64990234375,3971.39990234375,3908.830078125,3971.389892578125
2014-10-22,3980.489990234375,3988.39990234375,3947.97998046875,3949.590087890625
2014-10-23,3989.860107421875,4032.219970703125,3984.14990234375,4012.27001953125
2014-10-24,4019.840087890625,4045.18994140625,4003.429931640625,4042.02001953125
2014-10-27,4031.8798828125,4052.5,4019.22998046875,4046.02001953125
2014-10-28,4063.070068359375,4107.18994140625,4062.2099609375,4106.6298828125
2014-10-29,4091.6201171875,4104.06005859375,4062.489990234375,4090.550048828125
2014-10-30,4074.260009765625,4109.06005859375,4064.449951171875,4100.64013671875
2014-10-31,4168.5,4170.8701171875,4143.2001953125,4158.2099609375
2014-11-03,4160.60009765625,4179.35986328125,4156.7900390625,4169.27978515625
2014-11-04,4154.8798828125,4165.0498046875,4126.72021484375,4156.22998046875
2014-11-05,4179.22998046875,4179.93017578125,4140.2099609375,4153.27001953125
2014-11-06,4147.31005859375,4165.77001953125,4133.97998046875,4164.080078125
2014-11-07,4170.4599609375,4171.1298828125,4139.4599609375,4160.5
2014-11-10,4162.58984375,4179.97998046875,4151.47998046875,4175.9501953125
2014-11-11,4173.60986328125,4187.31005859375,4165.25,4187.16015625
2014-11-12,4174.47021484375,4199.18994140625,4173.02001953125,4195.39990234375
2014-11-13,4202.77001953125,4228.68017578125,4194.330078125,4213.47998046875
2014-11-14,4214.97021484375,4225.18017578125,4198.58984375,4224.990234375
2014-11-17,4215.2900390625,4225.47998046875,4194.18017578125,4213.7900390625
2014-11-18,4215.18017578125,4248.18994140625,4214.31982421875,4242.18994140625
2014-11-19,4233.7099609375,4235.83984375,4204.16015625,4222.66015625
2014-11-20,4204.5400390625,4245.169921875,4202.35986328125,4242.08984375
2014-11-21,4284.41015625,4285.27001953125,4237.3798828125,4251.31982421875
2014-11-24,4262.08984375,4285.0,4258.41015625,4284.31982421875
2014-11-25,4290.68017578125,4302.43994140625,4279.89990234375,4288.22998046875
2014-11-26,4291.8701171875,4319.41015625,4289.509765625,4317.990234375
2014-11-28,4330.9599609375,4347.08984375,4326.2099609375,4337.7900390625
2014-12-01,4323.9501953125,4332.5498046875,4274.68017578125,4287.81005859375
2014-12-02,4291.330078125,4312.919921875,4283.89013671875,4305.9599609375
2014-12-03,4312.169921875,4319.02001953125,4287.0400390625,4312.93017578125
2014-12-04,4309.47998046875,4327.5498046875,4293.93994140625,4311.93017578125
2014-12-05,4318.27978515625,4324.419921875,4302.0400390625,4311.56982421875
2014-12-08,4301.27001953125,4320.080078125,4259.009765625,4278.33984375
2014-12-09,4228.2099609375,4297.72998046875,4216.8701171875,4294.669921875
2014-12-10,4284.5,4297.0,4218.85009765625,4224.8701171875
2014-12-11,4241.68994140625,4296.81005859375,4238.2900390625,4246.47998046875
2014-12-12,4207.60986328125,4254.43017578125,4199.27978515625,4199.27978515625
2014-12-15,4224.169921875,4236.06005859375,4145.009765625,4157.41015625
2014-12-16,4122.22998046875,4190.419921875,4089.18994140625,4089.60009765625
2014-12-17,4095.75,4175.97021484375,4089.090087890625,4165.10009765625
2014-12-18,4230.35009765625,4267.77001953125,4213.2099609375,4267.77001953125
2014-12-19,4272.75,4300.39990234375,4258.330078125,4281.77978515625
2014-12-22,4271.8701171875,4295.27001953125,4270.5400390625,4293.669921875
2014-12-23,4308.9501953125,4309.02978515625,4274.509765625,4279.2998046875
2014-12-24,4283.18994140625,4298.8701171875,4281.7998046875,4283.10009765625
2014-12-26,4295.72021484375,4322.4501953125,4294.7998046875,4314.08984375
2014-12-29,4309.7001953125,4321.2001953125,4306.669921875,4312.64013671875
2014-12-30,4301.14013671875,4309.1298828125,4277.75,4282.35009765625
2014-12-31,4294.8798828125,4307.009765625,4233.7099609375,4236.27978515625
2015-01-02,4258.60009765625,4276.7099609375,4206.4599609375,4230.240234375
2015-01-05,4206.5498046875,4210.9599609375,4151.85009765625,4160.9599609375
2015-01-06,4174.77978515625,4176.259765625,4090.330078125,4110.830078125
2015-01-07,4139.85009765625,4169.97021484375,4126.39013671875,4160.0
2015-01-08,4195.490234375,4247.93017578125,4192.6298828125,4240.5498046875
2015-01-09,4250.97998046875,4253.97021484375,4188.60986328125,4213.27978515625
2015-01-12,4221.52001953125,4223.8798828125,4158.10986328125,4169.97021484375
2015-01-13,4212.990234375,4252.7001953125,4134.93994140625,4166.2001953125
2015-01-14,4122.080078125,4165.0,4108.31982421875,4145.83984375
2015-01-15,4162.10986328125,4169.43994140625,4085.699951171875,4089.64990234375
2015-01-16,4087.8798828125,4143.52978515625,4078.85009765625,4142.14013671875
2015-01-20,4164.43017578125,4181.33984375,4117.14990234375,4171.2099609375
2015-01-21,4158.1298828125,4211.27978515625,4145.81982421875,4192.08984375
2015-01-22,4215.0,4274.14990234375,4173.5400390625,4270.35986328125
2015-01-23,4268.52978515625,4292.8798828125,4258.47998046875,4278.14013671875
2015-01-26,4271.10009765625,4282.47998046875,4254.47021484375,4275.72021484375
2015-01-27,4200.8798828125,4209.41015625,4151.14990234375,4165.5
2015-01-28,4233.740234375,4235.14990234375,4140.3798828125,4140.3798828125
2015-01-29,4134.52001953125,4189.5400390625,4103.7099609375,4181.35009765625
2015-01-30,4178.6201171875,4210.85009765625,4144.02978515625,4148.43017578125
2015-02-02,4162.2001953125,4189.08984375,4094.72998046875,4188.58984375
2015-02-03,4201.93994140625,4229.14990234375,4174.22998046875,4229.14990234375
2015-02-04,4202.43017578125,4248.83984375,4198.740234375,4221.2001953125
2015-02-05,4229.6201171875,4258.0,4220.169921875,4256.18017578125
2015-02-06,4259.97998046875,4271.27978515625,4214.89013671875,4228.68017578125
2015-02-09,4209.81005859375,4235.240234375,4206.759765625,4216.08984375
2015-02-10,4240.0400390625,4286.43017578125,4232.990234375,4281.16015625
2015-02-11,4284.759765625,4305.35009765625,4277.64990234375,4297.27978515625
2015-02-12,4321.41015625,4347.97021484375,4317.97998046875,4347.97021484375
2015-02-13,4359.77978515625,4384.02978515625,4351.02001953125,4384.02978515625
2015-02-17,4379.31982421875,4387.31982421875,4370.6298828125,4385.33984375
2015-02-18,4378.72998046875,4393.18994140625,4374.22998046875,4390.91015625
2015-02-19,4388.919921875,4415.7900390625,4388.43994140625,4411.85986328125
2015-02-20,4406.75,4444.6201171875,4397.6201171875,4443.0498046875
2015-02-23,4441.259765625,4449.490234375,4430.8701171875,4449.490234375
2015-02-24,4442.1298828125,4455.52001953125,4428.81982421875,4451.02978515625
2015-02-25,4441.080078125,4461.10986328125,4429.89990234375,4440.58984375
2015-02-26,4443.5498046875,4463.81005859375,4430.7900390625,4462.27001953125
2015-02-27,4459.85986328125,4464.31005859375,4435.66015625,4440.669921875
2015-03-02,4452.7998046875,4483.97021484375,4450.85986328125,4483.0498046875
2015-03-03,4466.52978515625,4473.64013671875,4433.509765625,4458.77978515625
2015-03-04,4442.41015625,4452.3701171875,4421.0,4445.35986328125
2015-03-05,4454.89013671875,4464.47998046875,4433.93994140625,4452.06005859375
2015-03-06,4442.18994140625,4453.93017578125,4389.81982421875,4399.22998046875
2015-03-09,4406.8701171875,4424.22021484375,4391.6201171875,4412.990234375
2015-03-10,4376.02978515625,4381.6201171875,4329.080078125,4329.080078125
2015-03-11,4336.0498046875,4342.8701171875,4304.27978515625,4305.3798828125
2015-03-12,4302.72998046875,4339.2001953125,4300.8701171875,4336.22998046875
2015-03-13,4328.08984375,4347.8701171875,4289.2998046875,4314.89990234375
2015-03-16,4338.2900390625,4371.4599609375,4327.27001953125,4370.47021484375
2015-03-17,4355.830078125,4384.97998046875,4349.68994140625,4375.6298828125
2015-03-18,4366.7998046875,4440.490234375,4344.490234375,4422.5
2015-03-19,4424.7900390625,4440.009765625,4419.83984375,4426.81982421875
2015-03-20,4468.2900390625,4478.68017578125,4456.41015625,4458.5400390625
2015-03-23,4454.14990234375,4466.33984375,4445.52001953125,4445.5400390625
2015-03-24,4444.39013671875,4467.7900390625,4430.97021484375,4430.990234375
2015-03-25,4437.3798828125,4442.5400390625,4329.2900390625,4329.2900390625
2015-03-26,4288.16015625,4340.16015625,4280.9501953125,4315.259765625
2015-03-27,4314.60009765625,4342.93017578125,4309.52001953125,4332.85986328125
2015-03-30,4359.77978515625,4384.18017578125,4359.77978515625,4382.81982421875
2015-03-31,4364.14013671875,4377.35986328125,4333.68994140625,4333.68994140625
2015-04-01,4328.169921875,4334.56005859375,4284.06005859375,4311.259765625
2015-04-02,4316.240234375,4327.7900390625,4302.490234375,4316.009765625
2015-04-06,4286.16015625,4361.56005859375,4283.91015625,4350.97998046875
2015-04-07,4349.2998046875,4379.41015625,4343.740234375,4344.080078125
2015-04-08,4345.22998046875,4382.81982421875,4345.08984375,4375.9599609375
2015-04-09,4375.77978515625,4405.64990234375,4361.22998046875,4403.9501953125
2015-04-10,4402.02001953125,4422.6298828125,4394.3798828125,4422.02001953125
2015-04-13,4428.1298828125,4448.2001953125,4407.06982421875,4409.2099609375
2015-04-14,4409.2900390625,4418.8701171875,4375.10986328125,4397.64013671875
2015-04-15,4409.740234375,4435.27978515625,4406.0400390625,4424.52978515625
2015-04-16,4412.14990234375,4427.22021484375,4408.9599609375,4418.830078125
2015-04-17,4379.6298828125,4390.31005859375,4333.10986328125,4351.7998046875
2015-04-20,4373.64990234375,4423.8798828125,4373.08984375,4417.39990234375
2015-04-21,4444.5,4448.68017578125,4430.97998046875,4435.97998046875
2015-04-22,4448.580078125,4466.83984375,4419.35009765625,4460.81005859375
2015-04-23,4445.169921875,4496.080078125,4444.2900390625,4477.06982421875
2015-04-24,4529.72998046875,4543.64013671875,4517.8798828125,4536.77978515625
2015-04-27,4548.509765625,4562.330078125,4516.330078125,4525.0400390625
2015-04-28,4529.41015625,4537.14990234375,4479.009765625,4515.27001953125
2015-04-29,4490.56982421875,4517.009765625,4463.97998046875,4488.14990234375
2015-04-30,4459.22998046875,4480.35986328125,4395.10009765625,4414.25
2015-05-01,4437.7001953125,4479.06005859375,4435.240234375,4479.06005859375
2015-05-04,4491.18994140625,4510.47021484375,4480.85009765625,4482.60986328125
2015-05-05,4464.2099609375,4472.22998046875,4407.27001953125,4409.39013671875
2015-05-06,4420.2998046875,4429.9599609375,4349.93017578125,4379.75
2015-05-07,4377.81005859375,4413.72998046875,4373.2900390625,4401.5498046875
2015-05-08,4445.0,4466.169921875,4441.72998046875,4458.64990234375
2015-05-11,4457.6201171875,4468.75,4437.52978515625,4438.64013671875
2015-05-12,4412.81982421875,4441.39990234375,4380.52001953125,4420.64990234375
2015-05-13,4436.080078125,4460.5400390625,4421.75,4426.56005859375
2015-05-14,4461.06982421875,4496.25,4448.3798828125,4495.0400390625
2015-05-15,4505.39013671875,4509.1298828125,4482.5498046875,4494.2900390625
2015-05-18,4487.14013671875,4521.009765625,4483.759765625,4512.9501953125
2015-05-19,4514.669921875,4521.85009765625,4498.52978515625,4503.72021484375
2015-05-20,4505.58984375,4533.919921875,4484.52001953125,4505.2998046875
2015-05-21,4499.419921875,4537.27978515625,4495.39013671875,4529.47021484375
2015-05-22,4522.85986328125,4542.4599609375,4522.60986328125,4527.16015625
2015-05-26,4516.6298828125,4521.85009765625,4456.759765625,4472.9599609375
2015-05-27,4488.0498046875,4551.52978515625,4479.740234375,4546.06005859375
2015-05-28,4537.47998046875,4548.240234375,4523.5498046875,4535.66015625
2015-05-29,4532.14990234375,4539.56982421875,4499.64990234375,4508.25
2015-06-01,4530.02978515625,4535.43017578125,4488.169921875,4521.85009765625
2015-06-02,4503.759765625,4531.080078125,4486.18994140625,4508.89013671875
2015-06-03,4531.0400390625,4539.35009765625,4512.43994140625,4519.85986328125
2015-06-04,4501.72998046875,4526.2099609375,4475.0498046875,4487.02978515625
2015-06-05,4483.43017578125,4493.43017578125,4452.31982421875,4477.18994140625
2015-06-08,4476.68994140625,4477.830078125,4423.7998046875,4431.509765625
2015-06-09,4421.02001953125,4441.6201171875,4392.4501953125,4427.60986328125
2015-06-10,4440.5400390625,4497.509765625,4435.2900390625,4485.4599609375
2015-06-11,4498.490234375,4511.31982421875,4483.83984375,4488.47021484375
2015-06-12,4467.3798828125,4476.2099609375,4449.2099609375,4453.7900390625
2015-06-15,4416.14013671875,4437.97021484375,4396.1298828125,4432.919921875
2015-06-16,4428.2998046875,4463.2001953125,4426.18994140625,4455.89990234375
2015-06-17,4465.169921875,4482.27001953125,4441.33984375,4468.97998046875
2015-06-18,4483.60986328125,4540.68994140625,4483.60986328125,4531.85009765625
2015-06-19,4538.7099609375,4539.490234375,4511.2099609375,4513.419921875
2015-06-22,4541.85009765625,4557.97998046875,4534.759765625,4544.0400390625
2015-06-23,4549.52001953125,4551.77001953125,4529.990234375,4548.740234375
2015-06-24,4542.06982421875,4561.64013671875,4523.89990234375,4524.60009765625
2015-06-25,4540.39990234375,4546.14990234375,4508.66015625,4514.009765625
2015-06-26,4514.3701171875,4523.97021484375,4469.22998046875,4484.27978515625
2015-06-29,4433.10986328125,4460.080078125,4377.22998046875,4379.8701171875
2015-06-30,4414.85986328125,4420.5,4381.93994140625,4396.759765625
2015-07-01,4433.7900390625,4445.89990234375,4409.419921875,4429.22998046875
2015-07-02,4440.169921875,4445.830078125,4417.47998046875,4433.39013671875
2015-07-06,4394.43994140625,4444.41015625,4394.43994140625,4418.66015625
2015-07-07,4422.75,4434.91015625,4344.14990234375,4429.06005859375
2015-07-08,4392.509765625,4403.1298828125,4346.419921875,4351.580078125
2015-07-09,4410.27001953125,4414.43017578125,4351.509765625,4352.02978515625
2015-07-10,4405.990234375,4434.10986328125,4394.009765625,4420.14990234375
2015-07-13,4457.759765625,4498.740234375,4456.5400390625,4494.47021484375
2015-07-14,4503.2001953125,4537.2099609375,4500.66015625,4523.47021484375
2015-07-15,4531.31982421875,4547.18017578125,4517.39990234375,4528.35986328125
2015-07-16,4567.06005859375,4595.02001953125,4558.31982421875,4594.89990234375
2015-07-17,4635.47998046875,4661.60009765625,4624.68017578125,4661.60009765625
2015-07-20,4670.22998046875,4694.1298828125,4657.97998046875,4679.68017578125
2015-07-21,4679.5400390625,4686.35986328125,4661.759765625,4674.41015625
2015-07-22,4604.97021484375,4643.830078125,4604.52978515625,4623.240234375
2015-07-23,4627.56005859375,4641.580078125,4592.490234375,4602.830078125
2015-07-24,4630.9501953125,4632.06005859375,4552.39990234375,4557.3701171875
2015-07-27,4530.3701171875,4551.990234375,4511.919921875,4519.08984375
2015-07-28,4539.47021484375,4568.7900390625,4506.18994140625,4560.22998046875
2015-07-29,4570.5,4586.77978515625,4552.759765625,4581.60009765625
2015-07-30,4570.77001953125,4606.64990234375,4540.97998046875,4598.58984375
2015-07-31,4616.47998046875,4616.47998046875,4584.22021484375,4588.91015625
2015-08-03,4595.259765625,4607.52001953125,4549.60009765625,4580.4599609375
2015-08-04,4573.25,4584.4501953125,4551.89990234375,4567.47021484375
2015-08-05,4592.81005859375,4634.7001953125,4590.18994140625,4602.240234375
2015-08-06,4608.68994140625,4612.6201171875,4508.2998046875,4528.509765625
2015-08-07,4519.35986328125,4532.4599609375,4485.5,4520.080078125
2015-08-10,4558.68017578125,4583.6298828125,4554.6298828125,4573.10986328125
2015-08-11,4548.75,4567.68994140625,4491.06005859375,4513.990234375
2015-08-12,4475.91015625,4539.18017578125,4436.5400390625,4528.18994140625
2015-08-13,4536.9599609375,4556.14013671875,4514.4501953125,4519.31982421875
2015-08-14,4512.8798828125,4536.2001953125,4503.830078125,4530.740234375
2015-08-17,4516.8798828125,4568.58984375,4507.97998046875,4566.3701171875
2015-08-18,4556.22998046875,4562.14990234375,4536.0498046875,4542.06982421875
2015-08-19,4525.31982421875,4550.669921875,4486.10986328125,4510.89990234375
2015-08-20,4467.7900390625,4484.35986328125,4385.1298828125,4385.1298828125
2015-08-21,4313.18994140625,4361.31982421875,4197.27001953125,4197.27001953125
2015-08-24,3847.1201171875,4199.7900390625,3787.22998046875,4038.60009765625
2015-08-25,4187.27978515625,4207.3798828125,4015.909912109375,4016.320068359375
2015-08-26,4141.240234375,4227.85986328125,4052.5400390625,4219.60009765625
2015-08-27,4281.6298828125,4328.990234375,4231.14013671875,4324.81982421875
2015-08-28,4307.0498046875,4340.7001953125,4295.56005859375,4329.1201171875
2015-08-31,4299.8798828125,4324.740234375,4262.08984375,4274.580078125
2015-09-01,4177.93994140625,4229.31005859375,4121.830078125,4142.6298828125
2015-09-02,4207.68017578125,4256.22998046875,4166.080078125,4256.22998046875
2015-09-03,4267.33984375,4300.2998046875,4222.3798828125,4234.64990234375
2015-09-04,4175.6201171875,4210.81005859375,4160.43017578125,4184.72021484375
2015-09-08,4267.39990234375,4306.5,4247.14013671875,4303.52978515625
2015-09-09,4346.35986328125,4352.9599609375,4242.47021484375,4253.4501953125
2015-09-10,4248.47998046875,4326.77001953125,4243.68994140625,4296.2998046875
2015-09-11,4273.6201171875,4323.22998046875,4268.10009765625,4323.22998046875
2015-09-14,4334.85986328125,4334.93994140625,4293.77001953125,4308.759765625
2015-09-15,4322.41015625,4373.18994140625,4303.89013671875,4360.27978515625
2015-09-16,4357.35986328125,4388.31982421875,4346.47021484375,4383.669921875
2015-09-17,4378.990234375,4450.66015625,4368.7998046875,4384.9599609375
2015-09-18,4325.2900390625,4374.919921875,4317.08984375,4323.85986328125
2015-09-21,4343.77001953125,4372.419921875,4299.93994140625,4336.1298828125
2015-09-22,4273.2998046875,4286.60009765625,4233.89990234375,4274.10009765625
2015-09-23,4280.009765625,4294.72998046875,4255.06005859375,4273.52978515625
2015-09-24,4239.85009765625,4275.64013671875,4198.10986328125,4261.10009765625
2015-09-25,4305.39013671875,4308.66015625,4198.9599609375,4224.740234375
2015-09-28,4206.68017578125,4207.02001953125,4092.2900390625,4103.47021484375
2015-09-29,4110.259765625,4155.31005859375,4053.1201171875,4083.3701171875
2015-09-30,4137.18017578125,4181.06005859375,4125.2001953125,4181.06005859375
2015-10-01,4185.27978515625,4194.18017578125,4128.33984375,4192.9599609375
2015-10-02,4136.9599609375,4267.4501953125,4124.5498046875,4267.4501953125
2015-10-05,4296.5400390625,4339.22998046875,4290.25,4331.43017578125
2015-10-06,4315.31982421875,4332.02978515625,4273.7001953125,4306.7001953125
2015-10-07,4331.8701171875,4342.58984375,4279.2099609375,4333.4599609375
2015-10-08,4316.18017578125,4358.08984375,4275.58984375,4350.14990234375
2015-10-09,4355.240234375,4378.259765625,4341.509765625,4370.009765625
2015-10-12,4378.64013671875,4389.77001953125,4363.9599609375,4382.56005859375
2015-10-13,4354.06005859375,4399.93017578125,4349.18017578125,4352.93994140625
2015-10-14,4356.81982421875,4373.7099609375,4328.9599609375,4346.919921875
2015-10-15,4361.97998046875,4418.25,4357.22021484375,4418.22021484375
2015-10-16,4419.9501953125,4438.75,4405.8798828125,4438.6201171875
2015-10-19,4428.06005859375,4464.77978515625,4420.7998046875,4462.06982421875
2015-10-20,4454.6201171875,4463.10986328125,4424.33984375,4438.18017578125
2015-10-21,4462.22021484375,4464.72998046875,4409.89990234375,4413.52001953125
2015-10-22,4451.31982421875,4504.7001953125,4438.60009765625,4503.22021484375
2015-10-23,4623.72021484375,4645.9599609375,4598.740234375,4624.08984375
2015-10-26,4621.14013671875,4638.75,4606.66015625,4630.85009765625
2015-10-27,4617.60009765625,4645.93994140625,4617.43994140625,4639.22998046875
2015-10-28,4649.10009765625,4678.580078125,4609.93017578125,4678.580078125
2015-10-29,4657.77978515625,4678.2001953125,4653.0,4670.759765625
2015-10-30,4676.2998046875,4681.22998046875,4648.830078125,4648.830078125
2015-11-02,4658.7900390625,4707.77001953125,4652.4501953125,4703.919921875
2015-11-03,4692.02978515625,4735.31005859375,4685.97998046875,4719.0498046875
2015-11-04,4729.06982421875,4737.1201171875,4698.83984375,4717.5498046875
2015-11-05,4718.509765625,4731.56005859375,4678.7900390625,4702.89990234375
2015-11-06,4695.8798828125,4710.47021484375,4665.41015625,4707.22998046875
2015-11-09,4687.35009765625,4694.27001953125,4627.1201171875,4655.52001953125
2015-11-10,4628.830078125,4647.31982421875,4616.7099609375,4641.72998046875
2015-11-11,4657.18994140625,4677.77978515625,4631.06005859375,4636.93994140625
2015-11-12,4617.77978515625,4639.259765625,4588.080078125,4588.93017578125
2015-11-13,4566.1201171875,4575.7998046875,4499.14990234375,4502.14013671875
2015-11-16,4494.56005859375,4566.02978515625,4486.08984375,4565.47021484375
2015-11-17,4571.5498046875,4598.27001953125,4554.89013671875,4565.81982421875
2015-11-18,4586.240234375,4657.6298828125,4580.72021484375,4653.43994140625
2015-11-19,4657.60986328125,4678.02001953125,4648.93994140625,4655.35009765625
2015-11-20,4680.509765625,4691.58984375,4674.60986328125,4686.35986328125
2015-11-23,4689.97998046875,4706.6201171875,4655.60009765625,4674.7900390625
2015-11-24,4645.52001953125,4682.1298828125,4621.6298828125,4669.41015625
2015-11-25,4674.22998046875,4683.5498046875,4666.240234375,4672.8798828125
2015-11-27,4680.43994140625,4689.580078125,4665.919921875,4680.47021484375
2015-11-30,4692.56982421875,4695.06005859375,4654.52978515625,4664.509765625
2015-12-01,4685.740234375,4716.16015625,4682.39990234375,4716.16015625
2015-12-02,4720.27001953125,4739.75,4680.06005859375,4686.22021484375
2015-12-03,4704.2001953125,4705.77978515625,4579.91015625,4606.75
2015-12-04,4621.47998046875,4722.39013671875,4612.10986328125,4716.1201171875
2015-12-07,4718.5498046875,4720.81982421875,4671.8701171875,4693.6201171875
2015-12-08,4646.43017578125,4708.47021484375,4643.64990234375,4694.77001953125
2015-12-09,4674.7998046875,4698.25,4595.009765625,4622.14013671875
2015-12-10,4627.77001953125,4674.0,4619.97998046875,4643.0498046875
2015-12-11,4583.080078125,4600.91015625,4534.0498046875,4537.56005859375
2015-12-14,4535.56005859375,4571.56982421875,4478.25,4570.16015625
2015-12-15,4607.2001953125,4636.77001953125,4592.72021484375,4597.330078125
2015-12-16,4633.85009765625,4673.5400390625,4582.8701171875,4664.56005859375
2015-12-17,4680.6298828125,4681.1298828125,4597.64990234375,4598.14013671875
2015-12-18,4578.68994140625,4593.39990234375,4513.22998046875,4514.830078125
2015-12-21,4547.919921875,4560.7099609375,4519.81982421875,4560.5498046875
2015-12-22,4580.60986328125,4596.080078125,4560.5400390625,4589.259765625
2015-12-23,4612.16015625,4626.169921875,4605.35986328125,4624.58984375
2015-12-24,4626.31982421875,4635.58984375,4620.7998046875,4622.77001953125
2015-12-28,4610.41015625,4621.68017578125,4580.1298828125,4621.35009765625
2015-12-29,4645.080078125,4702.740234375,4644.31982421875,4691.080078125
2015-12-30,4687.16015625,4688.66015625,4651.72998046875,4652.009765625
2015-12-31,4634.16015625,4642.5498046875,4592.8798828125,4593.27001953125
2016-01-04,4485.06005859375,4497.85986328125,4439.1298828125,4497.85986328125
2016-01-05,4512.0400390625,4522.1201171875,4466.0498046875,4484.18017578125
2016-01-06,4409.77978515625,4467.5498046875,4409.490234375,4443.990234375
2016-01-07,4349.14013671875,4403.60986328125,4303.66015625,4305.72021484375
2016-01-08,4336.1201171875,4362.4599609375,4264.81005859375,4270.77978515625
2016-01-11,4300.97021484375,4311.14013671875,4217.6298828125,4283.5498046875
2016-01-12,4322.77001953125,4353.18994140625,4273.02001953125,4333.72021484375
2016-01-13,4352.64013671875,4359.5,4177.2998046875,4183.1201171875
2016-01-14,4201.22998046875,4308.25,4133.31982421875,4272.97021484375
2016-01-15,4123.8701171875,4184.68994140625,4085.7900390625,4141.080078125
2016-01-19,4199.56005859375,4202.0400390625,4101.0498046875,4147.06982421875
2016-01-20,4078.22998046875,4178.64013671875,3992.909912109375,4136.27978515625
2016-01-21,4146.4501953125,4200.35986328125,4099.2998046875,4142.60009765625
2016-01-22,4226.43994140625,4260.5498046875,4209.240234375,4259.77001953125
2016-01-25,4245.47021484375,4268.10986328125,4193.31982421875,4196.52978515625
2016-01-26,4211.919921875,4250.97021484375,4177.85009765625,4233.85009765625
2016-01-27,4214.93994140625,4226.08984375,4111.93017578125,4128.85986328125
2016-01-28,4197.2001953125,4197.47998046875,4116.5,4186.06005859375
2016-01-29,4186.35009765625,4279.169921875,4184.31005859375,4279.169921875
2016-02-01,4254.41015625,4301.6298828125,4238.2001953125,4286.56005859375
2016-02-02,4262.4501953125,4265.0400390625,4180.56982421875,4193.10009765625
2016-02-03,4213.669921875,4218.16015625,4099.240234375,4171.97021484375
2016-02-04,4158.0498046875,4200.990234375,4120.580078125,4167.77001953125
2016-02-05,4150.35009765625,4152.72998046875,4008.449951171875,4024.469970703125
2016-02-08,3947.989990234375,3979.090087890625,3888.780029296875,3960.669921875
2016-02-09,3903.929931640625,4008.06005859375,3902.739990234375,3947.800048828125
2016-02-10,3996.760009765625,4045.47998046875,3962.699951171875,3966.280029296875
2016-02-11,3910.570068359375,3988.7099609375,3902.860107421875,3962.219970703125
2016-02-12,3996.639892578125,4022.1201171875,3965.739990234375,4019.18994140625
2016-02-16,4077.330078125,4104.330078125,4049.8798828125,4104.330078125
2016-02-17,4138.43017578125,4204.6201171875,4125.830078125,4199.10009765625
2016-02-18,4212.22021484375,4212.580078125,4146.10009765625,4151.490234375
2016-02-19,4129.75,4175.080078125,4121.58984375,4164.08984375
2016-02-22,4203.60009765625,4235.1201171875,4199.93017578125,4231.27001953125
2016-02-23,4209.31982421875,4217.990234375,4158.56005859375,4162.5400390625
2016-02-24,4116.02001953125,4205.97998046875,4088.1201171875,4200.66015625
2016-02-25,4212.47998046875,4241.25,4173.25,4241.06005859375
2016-02-26,4273.58984375,4275.830078125,4227.2900390625,4235.6201171875
2016-02-29,4228.56982421875,4263.31005859375,4200.14990234375,4201.1201171875
2016-03-01,4238.080078125,4333.60986328125,4225.93017578125,4333.60986328125
2016-03-02,4328.72021484375,4335.43017578125,4301.08984375,4334.39013671875
2016-03-03,4330.39990234375,4331.490234375,4296.31982421875,4325.85986328125
2016-03-04,4334.02978515625,4356.33984375,4301.35009765625,4329.0
2016-03-07,4303.81005859375,4330.27978515625,4271.56005859375,4303.330078125
2016-03-08,4272.72021484375,4308.83984375,4258.81982421875,4265.509765625
2016-03-09,4281.10009765625,4293.22998046875,4258.080078125,4293.22998046875
2016-03-10,4307.8701171875,4335.330078125,4232.080078125,4286.97021484375
2016-03-11,4337.1201171875,4361.830078125,4320.5498046875,4361.830078125
2016-03-14,4347.93994140625,4378.35009765625,4347.5498046875,4367.330078125
2016-03-15,4354.3798828125,4371.2900390625,4339.85986328125,4367.080078125
2016-03-16,4359.669921875,4416.10986328125,4357.740234375,4404.2001953125
2016-03-17,4390.06005859375,4413.080078125,4376.8701171875,4400.259765625
2016-03-18,4408.81982421875,4420.8798828125,4387.7998046875,4410.830078125
2016-03-21,4403.08984375,4430.43994140625,4400.35009765625,4426.97998046875
2016-03-22,4403.47021484375,4450.759765625,4401.259765625,4437.6201171875
2016-03-23,4431.81982421875,4434.759765625,4394.9599609375,4402.56005859375
2016-03-24,4380.22998046875,4405.990234375,4374.7099609375,4405.52978515625
2016-03-28,4415.0400390625,4417.56982421875,4393.080078125,4398.06982421875
2016-03-29,4391.18994140625,4471.77001953125,4384.27001953125,4467.72021484375
2016-03-30,4494.7001953125,4518.18017578125,4481.83984375,4490.8798828125
2016-03-31,4491.009765625,4504.240234375,4478.1298828125,4483.66015625
2016-04-01,4461.77001953125,4534.31982421875,4452.10986328125,4532.080078125
2016-04-04,4526.39013671875,4533.43017578125,4503.64990234375,4511.7001953125
2016-04-05,4479.10986328125,4494.7099609375,4465.0400390625,4470.75
2016-04-06,4476.35009765625,4544.58984375,4476.35009765625,4543.77978515625
2016-04-07,4519.02001953125,4525.68994140625,4459.72021484375,4475.2900390625
2016-04-08,4506.97021484375,4515.91015625,4459.56005859375,4474.93017578125
2016-04-11,4496.259765625,4516.10009765625,4458.47021484375,4458.7099609375
2016-04-12,4464.06982421875,4503.89013671875,4435.0498046875,4496.0400390625
2016-04-13,4526.919921875,4560.10986328125,4524.259765625,4554.72021484375
2016-04-14,4554.66015625,4569.72998046875,4541.66015625,4554.6298828125
2016-04-15,4550.31005859375,4558.919921875,4531.0,4543.16015625
2016-04-18,4535.2099609375,4570.580078125,4531.10986328125,4569.31005859375
2016-04-19,4573.580078125,4574.3798828125,4515.97998046875,4537.08984375
2016-04-20,4539.2001953125,4562.33984375,4523.89990234375,4540.43994140625
2016-04-21,4540.7099609375,4558.669921875,4522.85009765625,4540.7998046875
2016-04-22,4478.4501953125,4502.39013671875,4440.14013671875,4474.18994140625
2016-04-25,4459.669921875,4474.77001953125,4452.8701171875,4474.1298828125
2016-04-26,4480.60009765625,4490.06005859375,4439.3798828125,4452.97021484375
2016-04-27,4412.81982421875,4426.27978515625,4381.169921875,4416.6298828125
2016-04-28,4419.1201171875,4447.2001953125,4355.2998046875,4363.990234375
2016-04-29,4367.58984375,4372.97021484375,4307.10009765625,4341.2998046875
2016-05-02,4350.830078125,4386.97998046875,4334.58984375,4381.2998046875
2016-05-03,4349.080078125,4368.759765625,4329.759765625,4341.39013671875
2016-05-04,4314.5,4328.22021484375,4301.06982421875,4312.009765625
2016-05-05,4326.91015625,4333.1201171875,4299.60986328125,4309.47998046875
2016-05-06,4290.35986328125,4330.240234375,4282.0,4330.169921875
2016-05-09,4331.66015625,4361.8701171875,4329.89990234375,4341.22998046875
2016-05-10,4360.72998046875,4404.08984375,4351.16015625,4402.0400390625
2016-05-11,4395.8798828125,4407.93017578125,4360.72998046875,4361.02978515625
2016-05-12,4376.08984375,4377.85986328125,4312.8798828125,4342.81005859375
2016-05-13,4337.830078125,4364.240234375,4318.7001953125,4326.52978515625
2016-05-16,4335.330078125,4395.7001953125,4329.89013671875,4380.47998046875
2016-05-17,4376.5498046875,4385.06005859375,4311.18017578125,4322.56005859375
2016-05-18,4314.33984375,4360.91015625,4305.72998046875,4338.22998046875
2016-05-19,4319.85986328125,4331.580078125,4284.3701171875,4315.580078125
2016-05-20,4330.06982421875,4379.97998046875,4329.56982421875,4362.89990234375
2016-05-23,4364.72998046875,4382.39990234375,4353.35986328125,4355.10009765625
2016-05-24,4381.33984375,4449.2099609375,4380.4599609375,4444.2998046875
2016-05-25,4459.259765625,4488.52001953125,4453.0498046875,4476.43017578125
2016-05-26,4478.56982421875,4494.02978515625,4469.759765625,4487.9599609375
2016-05-27,4490.9599609375,4512.5400390625,4489.16015625,4512.5400390625
2016-05-31,4513.85009765625,4526.83984375,4497.64990234375,4523.89013671875
2016-06-01,4507.18017578125,4530.39013671875,4502.77978515625,4520.06982421875
2016-06-02,4510.81005859375,4531.35009765625,4488.080078125,4531.35009765625
2016-06-03,4520.97998046875,4523.35986328125,4480.7998046875,4509.7900390625
2016-06-06,4517.8798828125,4536.5498046875,4510.330078125,4523.6298828125
2016-06-07,4527.85986328125,4532.2998046875,4511.419921875,4513.08984375
2016-06-08,4521.10009765625,4529.08984375,4505.39013671875,4520.6298828125
2016-06-09,4501.14990234375,4518.5,4494.759765625,4512.68994140625
2016-06-10,4473.080078125,4480.47998046875,4447.330078125,4461.0498046875
2016-06-13,4436.1201171875,4461.27001953125,4419.72998046875,4422.759765625
2016-06-14,4413.7099609375,4439.72998046875,4392.43017578125,4424.91015625
2016-06-15,4433.68017578125,4439.60986328125,4404.580078125,4409.509765625
2016-06-16,4387.89990234375,4428.27001953125,4362.16015625,4424.22998046875
2016-06-17,4409.75,4409.75,4363.6298828125,4374.3798828125
2016-06-20,4424.10986328125,4444.06005859375,4397.35986328125,4400.16015625
2016-06-21,4408.02978515625,4422.669921875,4398.64013671875,4413.39990234375
2016-06-22,4415.4599609375,4442.02001953125,4400.8798828125,4404.72998046875
2016-06-23,4437.60986328125,4467.47998046875,4420.16015625,4467.47998046875
2016-06-24,4294.7998046875,4373.14990234375,4274.5400390625,4285.7001953125
2016-06-27,4247.7099609375,4249.0,4179.740234375,4201.0498046875
2016-06-28,4245.31982421875,4291.43017578125,4245.2900390625,4290.47021484375
2016-06-29,4323.330078125,4373.9599609375,4322.35986328125,4364.740234375
2016-06-30,4378.75,4417.9599609375,4359.56982421875,4417.7001953125
2016-07-01,4411.77001953125,4453.85986328125,4411.759765625,4437.4501953125
2016-07-05,4414.35009765625,4418.0400390625,4386.56005859375,4410.75
2016-07-06,4388.43017578125,4447.22998046875,4375.72021484375,4444.7001953125
2016-07-07,4451.14990234375,4468.31005859375,4438.7998046875,4459.580078125
2016-07-08,4484.919921875,4529.72021484375,4476.5,4528.35986328125
2016-07-11,4544.330078125,4569.97021484375,4544.330078125,4554.7099609375
2016-07-12,4579.85009765625,4588.240234375,4570.56005859375,4577.60986328125
2016-07-13,4589.1298828125,4589.9501953125,4565.7001953125,4565.77001953125
2016-07-14,4597.18994140625,4604.759765625,4585.7001953125,4596.490234375
2016-07-15,4602.0,4607.18017578125,4579.830078125,4589.830078125
2016-07-18,4595.06005859375,4627.56982421875,4591.830078125,4619.68017578125
2016-07-19,4601.68017578125,4617.47021484375,4595.3798828125,4603.27978515625
2016-07-20,4630.85009765625,4665.669921875,4623.93017578125,4657.2001953125
2016-07-21,4662.9501953125,4669.52978515625,4634.06982421875,4647.02001953125
2016-07-22,4650.97998046875,4670.5400390625,4635.22021484375,4666.06982421875
2016-07-25,4662.89990234375,4667.08984375,4650.5,4665.93017578125
2016-07-26,4664.10009765625,4687.89990234375,4648.919921875,4672.10986328125
2016-07-27,4711.10986328125,4716.06982421875,4685.10986328125,4702.8798828125
2016-07-28,4710.22998046875,4725.77978515625,4696.080078125,4721.41015625
2016-07-29,4734.7001953125,4743.25,4715.77001953125,4730.22998046875
2016-08-01,4734.43994140625,4767.240234375,4728.72998046875,4756.0400390625
2016-08-02,4748.419921875,4752.2900390625,4689.5498046875,4719.2099609375
2016-08-03,4716.580078125,4734.330078125,4712.10009765625,4734.330078125
2016-08-04,4731.5400390625,4749.08984375,4719.009765625,4743.81005859375
2016-08-05,4769.169921875,4799.85986328125,4763.580078125,4791.2099609375
2016-08-08,4791.10009765625,4794.14013671875,4770.22021484375,4784.740234375
2016-08-09,4787.919921875,4811.02001953125,4786.3798828125,4795.75
2016-08-10,4799.830078125,4799.8798828125,4771.97998046875,4783.39013671875
2016-08-11,4800.58984375,4813.35986328125,4790.64990234375,4803.31005859375
2016-08-12,4794.35009765625,4807.52978515625,4790.490234375,4807.080078125
2016-08-15,4814.77001953125,4837.669921875,4812.4501953125,4827.1201171875
2016-08-16,4814.2099609375,4814.9599609375,4796.919921875,4797.18994140625
2016-08-17,4799.02978515625,4807.0498046875,4772.43017578125,4805.4501953125
2016-08-18,4802.330078125,4814.5400390625,4794.2900390625,4808.68017578125
2016-08-19,4800.2001953125,4816.0,4786.27001953125,4806.14013671875
2016-08-22,4797.9501953125,4817.35986328125,4791.06005859375,4808.56005859375
2016-08-23,4828.7900390625,4836.4501953125,4816.759765625,4818.47998046875
2016-08-24,4812.490234375,4821.2998046875,4770.72998046875,4783.490234375
2016-08-25,4773.68017578125,4792.47021484375,4768.0,4775.43017578125
2016-08-26,4782.4599609375,4815.580078125,4758.10009765625,4783.68994140625
2016-08-29,4787.93017578125,4804.419921875,4784.6298828125,4791.08984375
2016-08-30,4787.77001953125,4797.6201171875,4760.27978515625,4775.990234375
2016-08-31,4770.22998046875,4775.18994140625,4751.68994140625,4771.0498046875
2016-09-01,4774.81005859375,4787.93994140625,4750.240234375,4783.93994140625
2016-09-02,4806.14013671875,4816.7001953125,4781.60986328125,4798.740234375
2016-09-06,4806.66015625,4829.509765625,4797.33984375,4829.509765625
2016-09-07,4829.91015625,4839.58984375,4813.990234375,4831.85986328125
2016-09-08,4816.47998046875,4816.47998046875,4791.22021484375,4804.0
2016-09-09,4763.0400390625,4773.77001953125,4681.5400390625,4681.5400390625
2016-09-12,4656.58984375,4772.4501953125,4656.509765625,4764.64990234375
2016-09-13,4740.0,4756.2001953125,4701.7900390625,4722.85009765625
2016-09-14,4726.75,4770.39013671875,4726.75,4746.06005859375
2016-09-15,4749.7099609375,4826.02001953125,4748.669921875,4819.89990234375
2016-09-16,4811.7900390625,4821.85009765625,4794.2001953125,4818.0498046875
2016-09-19,4833.83984375,4843.759765625,4787.43994140625,4796.06982421875
2016-09-20,4813.77978515625,4824.2099609375,4797.77978515625,4805.22021484375
2016-09-21,4826.580078125,4858.56982421875,4797.89990234375,4853.75
2016-09-22,4879.27978515625,4895.5,4876.3701171875,4891.35986328125
2016-09-23,4881.4501953125,4882.419921875,4853.41015625,4858.91015625
2016-09-26,4830.169921875,4837.33984375,4812.31982421875,4817.169921875
2016-09-27,4813.89013671875,4868.3798828125,4811.27978515625,4866.7099609375
2016-09-28,4871.83984375,4877.2998046875,4850.0400390625,4875.27001953125
2016-09-29,4868.4599609375,4875.52001953125,4819.02001953125,4838.2998046875
2016-09-30,4856.10009765625,4889.22998046875,4846.89990234375,4875.7001953125
2016-10-03,4864.6298828125,4872.14013671875,4848.2099609375,4866.6298828125
2016-10-04,4880.56982421875,4891.5,4841.72021484375,4859.47021484375
2016-10-05,4872.97998046875,4891.35009765625,4870.81005859375,4877.75
2016-10-06,4871.9501953125,4883.97021484375,4851.52978515625,4873.919921875
2016-10-07,4883.93994140625,4884.7001953125,4840.93017578125,4864.52001953125
2016-10-10,4887.72998046875,4904.72021484375,4885.58984375,4893.77001953125
2016-10-11,4890.169921875,4890.169921875,4804.240234375,4821.91015625
2016-10-12,4824.27001953125,4836.5498046875,4806.330078125,4819.64013671875
2016-10-13,4785.58984375,4816.330078125,4760.06982421875,4803.10009765625
2016-10-14,4828.89990234375,4845.990234375,4806.72998046875,4808.47998046875
2016-10-17,4808.47021484375,4814.8798828125,4790.4501953125,4796.169921875
2016-10-18,4849.91015625,4860.68017578125,4837.31005859375,4839.72021484375
2016-10-19,4833.81005859375,4845.06982421875,4830.68017578125,4836.60986328125
2016-10-20,4831.31005859375,4842.31982421875,4805.83984375,4832.7099609375
2016-10-21,4836.5400390625,4853.60986328125,4822.77978515625,4851.85986328125
2016-10-24,4884.16015625,4911.58984375,4880.77001953125,4909.97021484375
2016-10-25,4908.18017578125,4911.759765625,4885.89990234375,4891.4501953125
2016-10-26,4863.52001953125,4886.31982421875,4846.43994140625,4860.58984375
2016-10-27,4883.06982421875,4885.830078125,4831.68994140625,4836.4501953125
2016-10-28,4820.5,4848.5498046875,4794.06982421875,4805.58984375
2016-10-31,4821.31005859375,4823.919921875,4801.16015625,4801.27001953125
2016-11-01,4810.2998046875,4811.02001953125,4726.35009765625,4766.93994140625
2016-11-02,4764.830078125,4773.64990234375,4717.56005859375,4726.91015625
2016-11-03,4718.52978515625,4732.2001953125,4673.0498046875,4679.10009765625
2016-11-04,4647.58984375,4697.93994140625,4647.58984375,4660.4599609375
2016-11-07,4737.97998046875,4777.06005859375,4731.7900390625,4773.72998046875
2016-11-08,4766.47998046875,4824.97021484375,4757.25,4804.919921875
2016-11-09,4748.91015625,4832.9501953125,4747.35009765625,4825.18017578125
2016-11-10,4849.7099609375,4855.7900390625,4685.740234375,4747.02978515625
2016-11-11,4729.14013671875,4759.830078125,4711.9599609375,4751.9501953125
2016-11-14,4752.60986328125,4753.27001953125,4677.41015625,4702.0400390625
2016-11-15,4733.56982421875,4778.64990234375,4727.97998046875,4764.47021484375
2016-11-16,4745.02978515625,4794.56982421875,4742.9501953125,4792.27001953125
2016-11-17,4789.7900390625,4826.75,4781.72021484375,4826.58984375
2016-11-18,4832.81005859375,4840.81005859375,4804.43994140625,4808.0400390625
2016-11-21,4822.02978515625,4862.22998046875,4819.56982421875,4859.0
2016-11-22,4876.919921875,4884.6298828125,4861.080078125,4873.83984375
2016-11-23,4856.72021484375,4859.669921875,4832.58984375,4853.85986328125
2016-11-25,4861.47021484375,4870.89990234375,4853.0400390625,4870.02001953125
2016-11-28,4861.72998046875,4878.8701171875,4852.7099609375,4857.02001953125
2016-11-29,4859.85009765625,4896.56982421875,4848.89013671875,4873.2099609375
2016-11-30,4876.2998046875,4880.759765625,4810.81005859375,4810.81005859375
2016-12-01,4806.77001953125,4810.43994140625,4723.56982421875,4734.10009765625
2016-12-02,4734.3798828125,4759.02978515625,4721.41015625,4739.3701171875
2016-12-05,4762.33984375,4795.27978515625,4743.52978515625,4778.14013671875
2016-12-06,4786.06005859375,4796.580078125,4769.39013671875,4788.669921875
2016-12-07,4778.85986328125,4854.31982421875,4765.43994140625,4851.93994140625
2016-12-08,4849.75,4869.56005859375,4843.0400390625,4859.18994140625
2016-12-09,4878.5400390625,4897.240234375,4877.18017578125,4895.89990234375
2016-12-12,4878.0400390625,4882.97998046875,4854.27001953125,4874.2998046875
2016-12-13,4893.64990234375,4960.47998046875,4890.14990234375,4935.83984375
2016-12-14,4943.64013671875,4955.25,4910.759765625,4921.22021484375
2016-12-15,4925.64990234375,4959.89990234375,4919.81005859375,4933.41015625
2016-12-16,4945.0400390625,4952.14013671875,4904.3798828125,4914.85986328125
2016-12-19,4919.16015625,4963.0,4911.75,4934.85009765625
2016-12-20,4948.33984375,4961.5498046875,4944.31982421875,4953.7998046875
2016-12-21,4952.06982421875,4957.4501953125,4938.240234375,4948.91015625
2016-12-22,4948.35986328125,4948.35986328125,4917.330078125,4934.39013671875
2016-12-23,4927.52978515625,4940.0400390625,4922.9501953125,4940.02001953125
2016-12-27,4948.919921875,4992.080078125,4947.58984375,4965.81005859375
2016-12-28,4976.419921875,4978.43017578125,4922.08984375,4926.2900390625
2016-12-29,4923.93017578125,4933.7099609375,4903.27978515625,4918.27978515625
2016-12-30,4925.35986328125,4927.16015625,4853.93017578125,4863.6201171875
2017-01-03,4900.85009765625,4928.490234375,4884.52001953125,4911.330078125
2017-01-04,4920.7900390625,4944.740234375,4919.7998046875,4937.2099609375
2017-01-05,4936.35009765625,4967.89990234375,4935.33984375,4964.9501953125
2017-01-06,4973.8701171875,5020.7001953125,4957.81982421875,5007.080078125
2017-01-09,5013.81982421875,5033.31982421875,5009.4501953125,5024.89990234375
2017-01-10,5027.5,5049.830078125,5016.18994140625,5035.169921875
2017-01-11,5033.8798828125,5050.2099609375,5012.64990234375,5050.2099609375
2017-01-12,5029.27978515625,5044.3701171875,4995.06982421875,5041.43017578125
2017-01-13,5047.56005859375,5066.9501953125,5045.919921875,5059.509765625
2017-01-17,5043.06982421875,5053.2001953125,5029.60986328125,5044.64990234375
2017-01-18,5050.259765625,5058.2001953125,5039.18017578125,5055.85009765625
2017-01-19,5061.10009765625,5078.41015625,5041.2099609375,5051.169921875
2017-01-20,5070.14990234375,5085.33984375,5050.02001953125,5063.2001953125
2017-01-23,5055.97021484375,5073.240234375,5035.490234375,5065.7001953125
2017-01-24,5079.60986328125,5108.22021484375,5068.3701171875,5101.06005859375
2017-01-25,5132.8701171875,5153.18017578125,5129.0,5151.47021484375
2017-01-26,5164.1201171875,5168.2001953125,5148.85009765625,5156.919921875
2017-01-27,5169.490234375,5172.43017578125,5150.18017578125,5168.06005859375
2017-01-30,5146.41015625,5146.8798828125,5098.33984375,5129.330078125
2017-01-31,5107.47021484375,5116.7998046875,5086.330078125,5116.77001953125
2017-02-01,5157.830078125,5162.4599609375,5128.89990234375,5152.68994140625
2017-02-02,5141.27001953125,5162.56005859375,5128.759765625,5147.7001953125
2017-02-03,5153.60986328125,5165.47021484375,5147.580078125,5161.60009765625
2017-02-06,5154.18017578125,5167.9599609375,5148.06005859375,5167.9599609375
2017-02-07,5178.85009765625,5196.27001953125,5174.33984375,5185.8798828125
2017-02-08,5176.5,5201.56982421875,5168.97998046875,5196.580078125
2017-02-09,5200.169921875,5221.6201171875,5196.06982421875,5212.16015625
2017-02-10,5219.81005859375,5234.27001953125,5212.83984375,5226.68994140625
2017-02-13,5242.490234375,5262.419921875,5241.0,5256.81982421875
2017-02-14,5251.35986328125,5271.10009765625,5238.68994140625,5271.06982421875
2017-02-15,5266.1201171875,5304.33984375,5264.43994140625,5302.39013671875
2017-02-16,5306.3798828125,5316.7900390625,5287.5400390625,5300.64013671875
2017-02-17,5295.490234375,5324.72021484375,5291.7001953125,5324.72021484375
2017-02-21,5334.56982421875,5353.16015625,5330.47021484375,5350.72998046875
2017-02-22,5345.18017578125,5354.72998046875,5335.7998046875,5352.1298828125
2017-02-23,5358.02978515625,5358.52978515625,5309.990234375,5332.3701171875
2017-02-24,5305.22998046875,5343.31005859375,5304.009765625,5343.31005859375
2017-02-27,5330.56005859375,5347.8798828125,5322.14013671875,5347.5498046875
2017-02-28,5344.18017578125,5347.47021484375,5316.7001953125,5330.31005859375
2017-03-01,5368.64990234375,5398.43017578125,5355.3798828125,5390.990234375
2017-03-02,5386.33984375,5387.72998046875,5355.52978515625,5363.259765625
2017-03-03,5355.2099609375,5373.47998046875,5344.47998046875,5373.47998046875
2017-03-06,5352.60986328125,5368.27001953125,5338.60986328125,5360.31005859375
2017-03-07,5348.2001953125,5373.259765625,5341.43017578125,5351.27978515625
2017-03-08,5351.35009765625,5375.77001953125,5348.72998046875,5359.81005859375
2017-03-09,5355.77978515625,5370.66015625,5336.080078125,5363.97998046875
2017-03-10,5390.4599609375,5394.66015625,5364.10009765625,5385.89990234375
2017-03-13,5387.72998046875,5396.39013671875,5382.02001953125,5394.56982421875
2017-03-14,5382.7900390625,5384.8798828125,5360.7001953125,5382.169921875
2017-03-15,5392.47998046875,5426.83984375,5375.8798828125,5416.25
2017-03-16,5421.4599609375,5423.66015625,5399.27001953125,5412.080078125
2017-03-17,5413.47021484375,5423.27978515625,5406.81005859375,5408.759765625
2017-03-20,5406.02001953125,5426.47021484375,5400.16015625,5413.31005859375
2017-03-21,5433.27978515625,5439.580078125,5328.7099609375,5332.52978515625
2017-03-22,5332.64013671875,5372.27001953125,5327.25,5367.5498046875
2017-03-23,5356.7099609375,5375.43017578125,5346.2998046875,5355.14013671875
2017-03-24,5376.740234375,5392.27978515625,5345.93994140625,5364.0
2017-03-27,5320.9599609375,5383.22021484375,5316.02001953125,5374.27001953125
2017-03-28,5371.89990234375,5422.25,5363.2900390625,5407.2099609375
2017-03-29,5410.14013671875,5433.35986328125,5405.10009765625,5430.27001953125
2017-03-30,5430.31005859375,5446.509765625,5425.2998046875,5439.740234375
2017-03-31,5430.990234375,5451.5,5427.5,5436.22998046875
2017-04-03,5440.2001953125,5453.43994140625,5403.31005859375,5432.2001953125
2017-04-04,5415.52978515625,5441.33984375,5415.2998046875,5440.41015625
2017-04-05,5447.27001953125,5479.85986328125,5409.0400390625,5418.52001953125
2017-04-06,5423.64990234375,5435.06005859375,5407.8701171875,5420.8798828125
2017-04-07,5420.93994140625,5434.18017578125,5400.080078125,5418.3701171875
2017-04-10,5423.56982421875,5442.7099609375,5406.580078125,5421.68017578125
2017-04-11,5413.91015625,5422.7900390625,5359.14013671875,5398.39990234375
2017-04-12,5394.60986328125,5399.5498046875,5370.240234375,5377.02978515625
2017-04-13,5370.68994140625,5398.990234375,5353.58984375,5353.58984375
2017-04-17,5369.2099609375,5399.2001953125,5367.58984375,5399.2001953125
2017-04-18,5383.740234375,5405.5400390625,5377.91015625,5391.66015625
2017-04-19,5416.2998046875,5431.0,5392.27978515625,5399.64013671875
2017-04-20,5422.47021484375,5455.8798828125,5413.31982421875,5443.52978515625
2017-04-21,5447.27978515625,5450.81005859375,5430.22021484375,5442.0498046875
2017-04-24,5503.27001953125,5513.56982421875,5494.4599609375,5508.02978515625
2017-04-25,5523.47998046875,5557.93017578125,5521.52001953125,5548.18994140625
2017-04-26,5553.60009765625,5563.97021484375,5537.990234375,5541.08984375
2017-04-27,5555.27001953125,5573.259765625,5551.5498046875,5571.27978515625
2017-04-28,5598.47021484375,5600.0,5575.2099609375,5583.52978515625
2017-05-01,5602.43994140625,5640.47998046875,5600.31005859375,5629.6298828125
2017-05-02,5642.41015625,5645.080078125,5625.490234375,5644.06982421875
2017-05-03,5624.8798828125,5629.77978515625,5608.16015625,5625.16015625
2017-05-04,5623.56982421875,5633.490234375,5606.0498046875,5626.31982421875
2017-05-05,5640.77978515625,5646.08984375,5619.60009765625,5646.08984375
2017-05-08,5649.18017578125,5659.06982421875,5638.0,5659.06982421875
2017-05-09,5667.97998046875,5691.2099609375,5664.0,5678.31005859375
2017-05-10,5681.330078125,5683.64013671875,5661.43994140625,5681.68017578125
2017-05-11,5662.58984375,5675.5,5637.39990234375,5674.22021484375
2017-05-12,5683.580078125,5687.419921875,5672.0400390625,5686.81005859375
2017-05-15,5687.97021484375,5706.60986328125,5683.10009765625,5704.47998046875
2017-05-16,5715.14990234375,5724.7099609375,5699.41015625,5724.43994140625
2017-05-17,5673.6201171875,5688.740234375,5578.16015625,5580.5498046875
2017-05-18,5569.81005859375,5645.080078125,5568.47021484375,5626.31005859375
2017-05-19,5640.7099609375,5673.6298828125,5640.68017578125,5651.56005859375
2017-05-22,5662.9501953125,5701.0498046875,5661.58984375,5699.39990234375
2017-05-23,5714.93994140625,5716.5498046875,5690.2001953125,5703.35009765625
2017-05-24,5720.830078125,5732.56982421875,5705.169921875,5730.2998046875
2017-05-25,5748.2900390625,5793.1298828125,5738.81982421875,5778.3701171875
2017-05-26,5782.169921875,5790.2001953125,5771.7099609375,5788.35986328125
2017-05-30,5785.3798828125,5799.990234375,5781.3701171875,5794.6298828125
2017-05-31,5812.97021484375,5813.259765625,5762.56005859375,5788.7998046875
2017-06-01,5804.169921875,5816.60009765625,5779.89013671875,5816.509765625
2017-06-02,5834.41015625,5881.4599609375,5825.740234375,5881.4599609375
2017-06-05,5881.22021484375,5888.919921875,5871.08984375,5878.1201171875
2017-06-06,5869.47998046875,5890.8798828125,5848.31982421875,5856.77001953125
2017-06-07,5871.77001953125,5883.18994140625,5845.9599609375,5877.58984375
2017-06-08,5894.75,5895.18017578125,5852.64990234375,5885.2998046875
2017-06-09,5891.669921875,5897.68994140625,5657.759765625,5741.93994140625
2017-06-12,5677.16015625,5716.2001953125,5633.33984375,5708.18017578125
2017-06-13,5740.2099609375,5760.5400390625,5709.169921875,5751.81982421875
2017-06-14,5774.1201171875,5774.2001953125,5682.35009765625,5727.06982421875
2017-06-15,5661.35986328125,5707.3701171875,5634.580078125,5700.89013671875
2017-06-16,5694.2099609375,5695.740234375,5656.6201171875,5681.47998046875
2017-06-19,5729.5400390625,5776.3701171875,5724.490234375,5772.22021484375
2017-06-20,5763.0,5772.169921875,5725.009765625,5726.31005859375
2017-06-21,5740.580078125,5784.919921875,5737.009765625,5782.39013671875
2017-06-22,5787.43994140625,5802.4599609375,5767.8701171875,5779.8701171875
2017-06-23,5775.02978515625,5810.31005859375,5759.7001953125,5803.10986328125
2017-06-26,5832.31005859375,5845.14990234375,5765.8701171875,5777.58984375
2017-06-27,5752.72021484375,5761.0400390625,5671.60009765625,5671.60009765625
2017-06-28,5693.47998046875,5757.22998046875,5660.52978515625,5753.02978515625
2017-06-29,5723.31005859375,5723.66015625,5599.43994140625,5653.02001953125
2017-06-30,5676.39990234375,5681.89990234375,5637.740234375,5646.919921875
2017-07-03,5680.35986328125,5684.97998046875,5592.52978515625,5596.9599609375
2017-07-05,5611.0,5663.60009765625,5593.66015625,5648.81982421875
2017-07-06,5606.419921875,5628.83984375,5579.64013671875,5597.89990234375
2017-07-07,5618.85009765625,5673.02001953125,5618.85009765625,5656.47021484375
2017-07-10,5662.7099609375,5708.6201171875,5650.259765625,5694.14990234375
2017-07-11,5687.02978515625,5717.91015625,5667.27001953125,5709.7998046875
2017-07-12,5757.2001953125,5785.0,5749.64990234375,5778.9501953125
2017-07-13,5785.31982421875,5806.18017578125,5776.6201171875,5793.35986328125
2017-07-14,5815.0400390625,5844.7998046875,5799.85009765625,5838.080078125
2017-07-17,5845.81982421875,5860.64013671875,5830.25,5839.740234375
2017-07-18,5832.919921875,5880.5498046875,5818.2001953125,5880.10009765625
2017-07-19,5898.39990234375,5922.3701171875,5895.5400390625,5916.16015625
2017-07-20,5929.580078125,5932.60986328125,5896.60986328125,5921.22021484375
2017-07-21,5905.60009765625,5921.52978515625,5890.25,5921.52978515625
2017-07-24,5920.93017578125,5950.580078125,5912.740234375,5941.3701171875
2017-07-25,5927.10009765625,5945.06005859375,5916.2900390625,5930.64990234375
2017-07-26,5944.16015625,5954.3798828125,5939.169921875,5950.72998046875
2017-07-27,5994.02001953125,5995.77001953125,5847.0498046875,5917.02978515625
2017-07-28,5883.7001953125,5918.31005859375,5868.919921875,5908.919921875
2017-07-31,5928.68017578125,5932.3701171875,5871.7900390625,5880.330078125
2017-08-01,5900.64013671875,5905.2900390625,5880.4501953125,5895.169921875
2017-08-02,5934.06982421875,5936.14990234375,5859.6201171875,5914.22998046875
2017-08-03,5915.72998046875,5917.47021484375,5879.72021484375,5891.2001953125
2017-08-04,5899.68994140625,5912.56005859375,5877.06005859375,5899.91015625
2017-08-07,5909.4501953125,5936.7900390625,5903.75,5934.72998046875
2017-08-08,5922.64013671875,5972.93017578125,5910.5,5926.35009765625
2017-08-09,5879.5498046875,5920.9599609375,5866.169921875,5919.39013671875
2017-08-10,5880.14013671875,5887.27001953125,5783.35986328125,5788.18994140625
2017-08-11,5792.31982421875,5844.60986328125,5785.259765625,5831.52978515625
2017-08-14,5878.64013671875,5916.330078125,5878.0,5908.169921875
2017-08-15,5917.2900390625,5919.75,5893.85009765625,5907.72998046875
2017-08-16,5920.68017578125,5944.97998046875,5899.56005859375,5917.419921875
2017-08-17,5896.31982421875,5903.8701171875,5796.31982421875,5796.31982421875
2017-08-18,5803.89990234375,5831.080078125,5770.14013671875,5790.91015625
2017-08-21,5791.0400390625,5804.2998046875,5750.5,5786.5400390625
2017-08-22,5817.2900390625,5879.0,5817.02001953125,5873.330078125
2017-08-23,5842.16015625,5864.77978515625,5840.7099609375,5851.77978515625
2017-08-24,5863.990234375,5871.8701171875,5802.77001953125,5834.43994140625
2017-08-25,5854.31005859375,5870.47021484375,5815.60009765625,5822.52978515625
2017-08-28,5839.27001953125,5852.7998046875,5821.8701171875,5838.080078125
2017-08-29,5785.2900390625,5871.7900390625,5785.22021484375,5862.14013671875
2017-08-30,5870.8798828125,5940.56982421875,5865.33984375,5932.89990234375
2017-08-31,5948.740234375,5995.4501953125,5945.9501953125,5988.60009765625
2017-09-01,6001.81982421875,6009.60986328125,5972.27001953125,5987.89990234375
2017-09-05,5966.64013671875,5980.91015625,5890.25,5932.72998046875
2017-09-06,5949.5400390625,5964.3798828125,5909.919921875,5951.1298828125
2017-09-07,5960.43994140625,5980.14990234375,5943.89013671875,5964.31005859375
2017-09-08,5957.18994140625,5958.81005859375,5907.9599609375,5913.3701171875
2017-09-11,5962.35009765625,5990.8701171875,5960.8701171875,5980.52978515625
2017-09-12,5998.75,6002.97021484375,5968.08984375,5995.64013671875
2017-09-13,5982.85009765625,6004.47021484375,5974.8798828125,6004.3798828125
2017-09-14,5981.85009765625,5997.22998046875,5965.06005859375,5968.81982421875
2017-09-15,5965.66015625,6009.4501953125,5957.85009765625,5988.0
2017-09-18,5997.509765625,6012.9501953125,5963.169921875,5981.1201171875
2017-09-19,5991.93017578125,5998.240234375,5971.169921875,5991.080078125
2017-09-20,5987.72021484375,5994.52978515625,5927.7001953125,5973.60986328125
2017-09-21,5965.60009765625,5965.60009765625,5915.740234375,5934.91015625
2017-09-22,5912.2001953125,5937.58984375,5911.47998046875,5932.31982421875
2017-09-25,5904.06005859375,5908.56982421875,5839.89013671875,5867.35009765625
2017-09-26,5893.18017578125,5908.47021484375,5862.990234375,5881.33984375
2017-09-27,5912.9599609375,5957.75,5900.35009765625,5937.7900390625
2017-09-28,5920.64990234375,5939.22021484375,5908.6201171875,5933.06982421875
2017-09-29,5941.77978515625,5980.22021484375,5930.81982421875,5979.2998046875
2017-10-02,5988.9599609375,6005.2001953125,5955.830078125,5981.919921875
2017-10-03,5986.85009765625,5999.18994140625,5976.64990234375,5995.06005859375
2017-10-04,5983.31005859375,6009.81005859375,5976.1201171875,5998.83984375
2017-10-05,6018.27001953125,6059.2099609375,6014.77001953125,6057.14013671875
2017-10-06,6037.43994140625,6064.669921875,6037.02001953125,6064.56982421875
2017-10-09,6071.9599609375,6078.81005859375,6051.330078125,6058.52978515625
2017-10-10,6078.27001953125,6084.14013671875,6036.72021484375,6063.52001953125
2017-10-11,6062.72998046875,6082.25,6052.43994140625,6081.25
2017-10-12,6072.2099609375,6093.759765625,6063.47021484375,6069.990234375
2017-10-13,6094.72021484375,6100.06005859375,6087.02978515625,6092.4501953125
2017-10-16,6108.66015625,6115.52978515625,6095.6298828125,6114.52978515625
2017-10-17,6111.31982421875,6122.81982421875,6103.66015625,6122.60986328125
2017-10-18,6128.91015625,6129.490234375,6106.85009765625,6114.35009765625
2017-10-19,6074.27978515625,6092.8701171875,6051.47021484375,6092.6201171875
2017-10-20,6114.4599609375,6122.56005859375,6102.16015625,6108.81982421875
2017-10-23,6122.240234375,6122.240234375,6061.080078125,6067.830078125
2017-10-24,6078.02001953125,6090.89013671875,6057.68994140625,6080.22021484375
2017-10-25,6069.35009765625,6087.580078125,6011.240234375,6055.0400390625
2017-10-26,6056.0498046875,6066.60986328125,6035.9599609375,6037.8701171875
2017-10-27,6138.22998046875,6223.52001953125,6129.7998046875,6213.47021484375
2017-10-30,6209.7998046875,6250.85009765625,6202.52978515625,6227.58984375
2017-10-31,6241.8798828125,6258.419921875,6229.14990234375,6248.56005859375
2017-11-01,6274.259765625,6276.669921875,6224.580078125,6248.64990234375
2017-11-02,6238.2900390625,6243.740234375,6194.580078125,6236.39013671875
2017-11-03,6266.18994140625,6297.6201171875,6237.64990234375,6295.580078125
2017-11-06,6292.14990234375,6318.580078125,6291.83984375,6313.60986328125
2017-11-07,6314.68994140625,6328.580078125,6299.52978515625,6320.77978515625
2017-11-08,6319.02978515625,6346.97998046875,6308.6201171875,6345.81005859375
2017-11-09,6295.2900390625,6315.16015625,6248.2900390625,6312.2099609375
2017-11-10,6297.14990234375,6313.169921875,6284.22021484375,6309.06982421875
2017-11-13,6286.009765625,6325.18017578125,6285.97021484375,6316.18017578125
2017-11-14,6293.330078125,6300.4599609375,6263.77001953125,6293.64013671875
2017-11-15,6261.27001953125,6276.7998046875,6227.990234375,6258.35986328125
2017-11-16,6293.4599609375,6352.47021484375,6293.4599609375,6339.14013671875
2017-11-17,6343.64013671875,6345.56005859375,6308.47998046875,6314.509765625
2017-11-20,6319.56982421875,6324.58984375,6301.8798828125,6308.60986328125
2017-11-21,6336.91015625,6380.06982421875,6336.259765625,6378.6298828125
2017-11-22,6384.1298828125,6391.16015625,6371.75,6386.1201171875
2017-11-24,6393.330078125,6410.77001953125,6389.39990234375,6409.2900390625
2017-11-27,6409.52001953125,6420.2099609375,6392.009765625,6405.97021484375
2017-11-28,6419.47998046875,6426.0400390625,6385.31982421875,6422.56005859375
2017-11-29,6412.68994140625,6412.68994140625,6279.3701171875,6311.3798828125
2017-11-30,6337.33984375,6374.18994140625,6321.43017578125,6365.56005859375
2017-12-01,6325.60986328125,6365.2998046875,6244.83984375,6337.8701171875
2017-12-04,6380.68017578125,6380.77001953125,6256.81005859375,6263.7001953125
2017-12-05,6242.47021484375,6337.06005859375,6235.77001953125,6265.10986328125
2017-12-06,6243.72021484375,6304.10009765625,6234.22021484375,6293.0498046875
2017-12-07,6300.64013671875,6333.2900390625,6290.64990234375,6316.27978515625
2017-12-08,6364.60009765625,6377.5498046875,6335.22998046875,6344.56982421875
2017-12-11,6351.240234375,6394.43017578125,6347.91015625,6393.89013671875
2017-12-12,6389.47021484375,6403.5,6371.68994140625,6383.64990234375
2017-12-13,6405.41015625,6416.830078125,6388.41015625,6394.669921875
2017-12-14,6407.259765625,6423.68017578125,6386.25,6389.91015625
2017-12-15,6405.14990234375,6470.919921875,6405.02978515625,6466.31982421875
2017-12-18,6504.89013671875,6522.7001953125,6495.18017578125,6513.27001953125
2017-12-19,6505.35986328125,6510.8701171875,6462.7900390625,6480.669921875
2017-12-20,6504.5498046875,6504.5498046875,6447.93017578125,6472.47998046875
2017-12-21,6481.080078125,6501.52001953125,6467.77978515625,6472.68994140625
2017-12-22,6462.5498046875,6467.830078125,6449.0,6465.169921875
2017-12-26,6427.31982421875,6438.240234375,6407.990234375,6433.16015625
2017-12-27,6437.06005859375,6448.93994140625,6425.919921875,6435.14990234375
2017-12-28,6449.52978515625,6452.06982421875,6432.68017578125,6441.419921875
2017-12-29,6439.91015625,6442.52978515625,6396.419921875,6396.419921875
2018-01-02,6431.58984375,6513.02001953125,6417.75,6511.33984375
2018-01-03,6520.02978515625,6579.25,6519.259765625,6575.7998046875
2018-01-04,6595.75,6603.169921875,6576.919921875,6584.580078125
2018-01-05,6613.1298828125,6654.97998046875,6605.02978515625,6653.2900390625
2018-01-08,6651.68017578125,6680.31982421875,6649.2001953125,6676.6298828125
2018-01-09,6692.8701171875,6696.1201171875,6658.27001953125,6677.93994140625
2018-01-10,6640.66015625,6663.509765625,6619.35009765625,6662.66015625
2018-01-11,6675.68994140625,6708.490234375,6664.740234375,6708.490234375
2018-01-12,6699.31982421875,6763.97998046875,6695.52001953125,6758.5400390625
2018-01-16,6807.85009765625,6835.7900390625,6719.10986328125,6737.14013671875
2018-01-17,6767.85009765625,6820.0400390625,6738.4501953125,6810.27978515625
2018-01-18,6804.58984375,6826.7900390625,6784.72021484375,6811.3798828125
2018-01-19,6829.0400390625,6843.240234375,6801.58984375,6834.330078125
2018-01-22,6829.5498046875,6906.27978515625,6822.85009765625,6906.27978515625
2018-01-23,6928.27001953125,6969.39990234375,6926.3701171875,6963.4599609375
2018-01-24,6975.3798828125,6992.91015625,6880.68017578125,6919.35009765625
2018-01-25,6965.009765625,6967.60009765625,6894.83984375,6916.2998046875
2018-01-26,6956.66015625,7022.97021484375,6941.47998046875,7022.97021484375
2018-01-29,7000.68017578125,7020.64013671875,6974.7001953125,6988.31982421875
2018-01-30,6910.39013671875,6958.7900390625,6894.6298828125,6930.72998046875
2018-01-31,6972.81005859375,6983.60986328125,6915.47998046875,6949.990234375
2018-02-01,6910.56982421875,6970.77001953125,6879.02001953125,6901.5
2018-02-02,6866.3798828125,6889.06982421875,6756.5400390625,6760.2900390625
2018-02-05,6687.47021484375,6807.9599609375,6495.39013671875,6495.919921875
2018-02-06,6378.60009765625,6673.41015625,6370.47998046875,6665.97998046875
2018-02-07,6632.97998046875,6716.25,6581.3798828125,6582.02001953125
2018-02-08,6595.81005859375,6606.0498046875,6304.18017578125,6306.10009765625
2018-02-09,6395.16015625,6453.43017578125,6164.43017578125,6412.68017578125
2018-02-12,6477.0400390625,6565.27978515625,6424.2998046875,6523.85009765625
2018-02-13,6482.77001953125,6567.6201171875,6478.41015625,6553.85986328125
2018-02-14,6523.259765625,6684.14990234375,6520.39013671875,6675.02978515625
2018-02-15,6734.33984375,6795.919921875,6665.919921875,6794.919921875
2018-02-16,6778.27978515625,6840.60009765625,6758.509765625,6770.66015625
2018-02-20,6742.14990234375,6838.0,6740.47998046875,6779.68994140625
2018-02-21,6808.60009765625,6879.47021484375,6759.22021484375,6759.259765625
2018-02-22,6793.080078125,6826.009765625,6744.0498046875,6761.85009765625
2018-02-23,6816.43017578125,6897.52978515625,6789.02978515625,6896.60009765625
2018-02-26,6933.81982421875,6989.35986328125,6927.4599609375,6989.10009765625
2018-02-27,6984.830078125,7003.1298828125,6900.35009765625,6900.35009765625
2018-02-28,6945.2001953125,6964.16015625,6854.419921875,6854.419921875
2018-03-01,6862.93994140625,6892.3798828125,6687.43994140625,6750.5400390625
2018-03-02,6661.91015625,6820.3701171875,6645.02978515625,6811.0400390625
2018-03-05,6777.6298828125,6901.6298828125,6753.830078125,6881.27978515625
2018-03-06,6919.7900390625,6937.02978515625,6872.06005859375,6913.02001953125
2018-03-07,6855.56982421875,6935.47998046875,6850.91015625,6929.39013671875
2018-03-08,6955.85009765625,6971.0,6931.35009765625,6966.43017578125
2018-03-09,7014.83984375,7101.31005859375,7007.2998046875,7101.18017578125
2018-03-12,7122.47021484375,7156.25,7108.0400390625,7131.1201171875
2018-03-13,7172.25,7186.08984375,7025.830078125,7046.509765625
2018-03-14,7077.85009765625,7084.06982421875,7012.56982421875,7040.97998046875
2018-03-15,7050.66015625,7075.5498046875,7010.009765625,7030.97021484375
2018-03-16,7058.1201171875,7061.669921875,7011.68994140625,7019.9501953125
2018-03-19,6945.97021484375,6949.02001953125,6806.16015625,6864.8798828125
2018-03-20,6871.08984375,6902.22998046875,6845.85009765625,6885.919921875
2018-03-21,6863.2900390625,6930.7001953125,6828.8798828125,6853.4501953125
2018-03-22,6763.93994140625,6809.93994140625,6679.35009765625,6682.259765625
2018-03-23,6683.18994140625,6708.580078125,6507.83984375,6508.08984375
2018-03-26,6644.39990234375,6760.64990234375,6538.7900390625,6753.830078125
2018-03-27,6791.39013671875,6793.5,6479.56005859375,6529.83984375
2018-03-28,6488.02001953125,6559.8798828125,6410.0400390625,6460.81005859375
2018-03-29,6493.509765625,6640.759765625,6435.669921875,6581.1298828125
2018-04-02,6528.22998046875,6560.9599609375,6322.60009765625,6390.83984375
2018-04-03,6448.0498046875,6485.27001953125,6343.89990234375,6458.830078125
2018-04-04,6326.5400390625,6578.56005859375,6326.5400390625,6560.06005859375
2018-04-05,6619.22021484375,6632.2099609375,6550.27978515625,6594.83984375
2018-04-06,6514.47998046875,6587.35986328125,6402.02978515625,6433.2099609375
2018-04-09,6488.47998046875,6604.259765625,6466.0400390625,6472.33984375
2018-04-10,6585.52978515625,6639.97021484375,6534.89013671875,6615.8701171875
2018-04-11,6578.83984375,6650.2900390625,6574.8798828125,6583.43994140625
2018-04-12,6627.31982421875,6682.68994140625,6618.81005859375,6656.259765625
2018-04-13,6696.02001953125,6703.31005859375,6598.33984375,6628.33984375
2018-04-16,6675.919921875,6699.759765625,6633.080078125,6675.18017578125
2018-04-17,6738.64990234375,6834.31005859375,6729.7900390625,6816.3701171875
2018-04-18,6824.580078125,6856.9599609375,6788.31982421875,6833.2099609375
2018-04-19,6793.080078125,6815.0400390625,6749.06982421875,6774.89013671875
2018-04-20,6754.68017578125,6757.68017578125,6642.830078125,6667.75
2018-04-23,6699.16015625,6721.64990234375,6613.5498046875,6648.7998046875
2018-04-24,6680.8798828125,6688.89013671875,6464.740234375,6509.0498046875
2018-04-25,6514.330078125,6540.759765625,6426.56982421875,6513.93994140625
2018-04-26,6606.60986328125,6673.64990234375,6579.1201171875,6649.64990234375
2018-04-27,6748.58984375,6750.77978515625,6619.259765625,6656.35009765625
2018-04-30,6669.43994140625,6712.5,6593.60009765625,6605.56982421875
2018-05-01,6592.93017578125,6685.41015625,6578.259765625,6681.9599609375
2018-05-02,6694.52001953125,6715.9599609375,6637.9599609375,6644.47998046875
2018-05-03,6608.7001953125,6667.2900390625,6539.8701171875,6643.47998046875
2018-05-04,6618.7001953125,6783.35986328125,6612.39013671875,6769.1201171875
2018-05-07,6803.4501953125,6846.4599609375,6796.0498046875,6821.8701171875
2018-05-08,6813.91015625,6830.8701171875,6770.2998046875,6815.47998046875
2018-05-09,6830.5498046875,6895.93017578125,6807.39990234375,6893.2099609375
2018-05-10,6909.18017578125,6966.93017578125,6906.77001953125,6963.5498046875
2018-05-11,6948.8701171875,6969.2998046875,6923.60986328125,6952.56005859375
2018-05-14,6977.35009765625,7008.259765625,6954.64013671875,6964.3701171875
2018-05-15,6909.31982421875,6912.0400390625,6852.72998046875,6888.5400390625
2018-05-16,6892.89013671875,6944.5400390625,6891.64990234375,6929.97021484375
2018-05-17,6905.75,6952.97998046875,6869.39013671875,6901.6298828125
2018-05-18,6876.64990234375,6897.91015625,6857.580078125,6866.25
2018-05-21,6920.31982421875,6948.27001953125,6876.35009765625,6905.52978515625
2018-05-22,6934.7001953125,6947.43017578125,6883.75,6893.6201171875
2018-05-23,6847.27001953125,6954.7001953125,6846.93994140625,6953.6298828125
2018-05-24,6951.52001953125,6963.68017578125,6882.56982421875,6949.7001953125
2018-05-25,6951.47021484375,6982.52001953125,6941.85009765625,6960.919921875
2018-05-29,6928.5,6964.64990234375,6887.1201171875,6926.5400390625
2018-05-30,6955.58984375,6987.6298828125,6938.02001953125,6976.3701171875
2018-05-31,6969.93017578125,7016.419921875,6955.990234375,6967.72998046875
2018-06-01,7010.080078125,7084.83984375,7008.02001953125,7083.93017578125
2018-06-04,7099.5,7146.77001953125,7099.08984375,7143.56982421875
2018-06-05,7162.41015625,7179.81982421875,7137.1298828125,7166.75
2018-06-06,7180.240234375,7212.4501953125,7140.919921875,7210.080078125
2018-06-07,7212.43017578125,7212.43017578125,7115.85986328125,7152.830078125
2018-06-08,7121.759765625,7161.919921875,7100.72998046875,7152.6201171875
2018-06-11,7149.64990234375,7187.4501953125,7146.08984375,7168.47998046875
2018-06-12,7181.669921875,7214.490234375,7173.759765625,7209.18017578125
2018-06-13,7219.580078125,7261.169921875,7193.02001953125,7205.259765625
2018-06-14,7233.7001953125,7291.31005859375,7233.7001953125,7279.58984375
2018-06-15,7245.16015625,7268.83984375,7220.97021484375,7255.759765625
2018-06-18,7201.18017578125,7256.43017578125,7186.16015625,7251.41015625
2018-06-19,7158.7998046875,7229.990234375,7138.02001953125,7228.0400390625
2018-06-20,7264.85009765625,7309.990234375,7256.8701171875,7280.7001953125
2018-06-21,7304.0498046875,7308.259765625,7203.93017578125,7217.490234375
2018-06-22,7239.72021484375,7239.75,7177.4599609375,7197.509765625
2018-06-25,7131.0498046875,7144.2900390625,6976.9599609375,7038.169921875
2018-06-26,7061.22998046875,7108.4501953125,7040.06005859375,7068.2001953125
2018-06-27,7096.60009765625,7128.77001953125,6968.2998046875,6969.669921875
2018-06-28,6963.3701171875,7055.25,6950.22998046875,7031.60009765625
2018-06-29,7071.490234375,7101.830078125,7031.39990234375,7040.7998046875
2018-07-02,6979.5400390625,7099.27001953125,6969.16015625,7097.81982421875
2018-07-03,7121.7099609375,7122.4501953125,7009.509765625,7014.5498046875
2018-07-05,7064.0,7105.5400390625,7025.25,7101.0498046875
2018-07-06,7114.169921875,7217.0,7106.10009765625,7207.330078125
2018-07-09,7251.18017578125,7277.580078125,7221.31982421875,7276.0
2018-07-10,7287.0498046875,7297.7900390625,7257.490234375,7282.60009765625
2018-07-11,7221.66015625,7271.1201171875,7220.22998046875,7243.97998046875
2018-07-12,7276.3798828125,7368.72021484375,7274.16015625,7366.25
2018-07-13,7372.27978515625,7387.740234375,7348.9599609375,7375.81982421875
2018-07-16,7381.02978515625,7390.64013671875,7346.33984375,7357.89990234375
2018-07-17,7291.47998046875,7418.43017578125,7288.2998046875,7403.89013671875
2018-07-18,7407.25,7411.25,7368.35986328125,7390.1298828125
2018-07-19,7364.66015625,7388.990234375,7344.330078125,7352.35986328125
2018-07-20,7379.1298828125,7398.58984375,7343.3701171875,7350.22998046875
2018-07-23,7335.419921875,7376.81982421875,7301.33984375,7371.77978515625
2018-07-24,7455.509765625,7475.990234375,7375.740234375,7406.25
2018-07-25,7406.10009765625,7511.39013671875,7405.64013671875,7508.58984375
2018-07-26,7404.56005859375,7430.1201171875,7385.72021484375,7400.75
2018-07-27,7443.240234375,7443.240234375,7255.31982421875,7296.77978515625
2018-07-30,7292.72021484375,7299.080078125,7158.77978515625,7193.10009765625
2018-07-31,7219.669921875,7272.9599609375,7179.41015625,7231.97998046875
2018-08-01,7269.2001953125,7294.7998046875,7234.64013671875,7272.89013671875
2018-08-02,7221.35009765625,7380.56005859375,7221.35009765625,7372.14990234375
2018-08-03,7389.35986328125,7395.490234375,7356.330078125,7395.490234375
2018-08-06,7390.81982421875,7439.5498046875,7381.580078125,7438.990234375
2018-08-07,7459.31982421875,7478.9599609375,7443.8798828125,7462.64990234375
2018-08-08,7454.419921875,7486.2099609375,7435.77001953125,7469.5498046875
2018-08-09,7467.509765625,7498.3701171875,7458.56982421875,7466.9599609375
2018-08-10,7409.0498046875,7436.68994140625,7382.830078125,7408.2998046875
2018-08-13,7420.18017578125,7468.81982421875,7398.52978515625,7401.169921875
2018-08-14,7430.4501953125,7455.419921875,7390.0,7447.169921875
2018-08-15,7385.669921875,7409.47998046875,7308.52001953125,7354.66015625
2018-08-16,7409.60986328125,7422.830078125,7361.8798828125,7374.2900390625
2018-08-17,7352.6298828125,7394.93994140625,7312.64990234375,7377.5400390625
2018-08-20,7393.580078125,7395.75,7343.47021484375,7371.419921875
2018-08-21,7393.4599609375,7441.419921875,7388.3701171875,7397.22998046875
2018-08-22,7379.83984375,7434.47998046875,7374.68994140625,7424.60009765625
2018-08-23,7420.31005859375,7465.8701171875,7405.39990234375,7413.83984375
2018-08-24,7443.7099609375,7489.5400390625,7442.990234375,7485.39990234375
2018-08-27,7527.3701171875,7560.759765625,7512.02001953125,7559.1298828125
2018-08-28,7580.85009765625,7588.72021484375,7556.7099609375,7570.25
2018-08-29,7585.1298828125,7661.9501953125,7583.52001953125,7660.18017578125
2018-08-30,7645.10986328125,7691.10009765625,7619.72998046875,7642.669921875
2018-08-31,7634.43994140625,7676.4599609375,7628.5400390625,7654.5498046875
2018-09-04,7629.33984375,7643.4501953125,7581.35009765625,7622.31982421875
2018-09-05,7600.9501953125,7607.18017578125,7498.3798828125,7523.259765625
2018-09-06,7527.22021484375,7532.2998046875,7405.31982421875,7453.169921875
2018-09-07,7402.18994140625,7489.39990234375,7400.990234375,7430.259765625
2018-09-10,7466.759765625,7473.75,7410.740234375,7447.68017578125
2018-09-11,7415.08984375,7519.4501953125,7401.72021484375,7507.8701171875
2018-09-12,7493.3798828125,7501.240234375,7422.91015625,7488.06005859375
2018-09-13,7535.22998046875,7578.759765625,7531.66015625,7561.68994140625
2018-09-14,7575.3798828125,7581.2998046875,7515.0400390625,7545.5
2018-09-17,7522.58984375,7533.919921875,7427.7900390625,7434.72998046875
2018-09-18,7440.85986328125,7531.2001953125,7436.52978515625,7494.39990234375
2018-09-19,7498.240234375,7513.33984375,7441.56005859375,7490.31982421875
2018-09-20,7534.02001953125,7582.43017578125,7523.8701171875,7569.02978515625
2018-09-21,7587.39013671875,7603.85986328125,7522.1201171875,7531.06982421875
2018-09-24,7477.4501953125,7554.9501953125,7447.22998046875,7548.75
2018-09-25,7552.02001953125,7568.169921875,7525.18994140625,7563.18994140625
2018-09-26,7563.9599609375,7637.6201171875,7553.259765625,7563.08984375
2018-09-27,7600.35009765625,7657.7998046875,7596.9599609375,7629.56982421875
2018-09-28,7612.64990234375,7649.2998046875,7598.68994140625,7627.64990234375
2018-10-01,7673.0,7700.56005859375,7627.47021484375,7645.4501953125
2018-10-02,7632.3701171875,7685.35986328125,7610.25,7628.27978515625
2018-10-03,7663.08984375,7676.89990234375,7625.60009765625,7637.43017578125
2018-10-04,7603.009765625,7608.240234375,7436.259765625,7490.0
2018-10-05,7482.0400390625,7510.4501953125,7327.43994140625,7399.009765625
2018-10-08,7356.5400390625,7415.5400390625,7267.02001953125,7352.81982421875
2018-10-09,7352.43994140625,7430.35986328125,7339.85986328125,7371.6201171875
2018-10-10,7319.81005859375,7329.240234375,7042.06005859375,7044.5
2018-10-11,7013.47998046875,7120.10009765625,6892.89013671875,6964.02978515625
2018-10-12,7150.2099609375,7179.0400390625,7019.89013671875,7157.2099609375
2018-10-15,7129.31005859375,7144.16015625,7047.47021484375,7068.669921875
2018-10-16,7141.669921875,7291.259765625,7133.2900390625,7276.43017578125
2018-10-17,7310.0,7311.85009765625,7205.759765625,7278.6298828125
2018-10-18,7250.919921875,7251.5400390625,7081.89013671875,7116.08984375
2018-10-19,7169.4501953125,7227.9599609375,7080.740234375,7107.22998046875
2018-10-22,7146.02978515625,7193.72021484375,7088.89990234375,7141.2099609375
2018-10-23,7002.68994140625,7149.1298828125,6933.56005859375,7118.669921875
2018-10-24,7101.85009765625,7117.33984375,6777.47021484375,6789.14990234375
2018-10-25,6891.27001953125,7063.919921875,6866.75,7016.39013671875
2018-10-26,6804.68994140625,6976.93994140625,6743.77978515625,6852.39990234375
2018-10-29,6954.68994140625,6973.18994140625,6574.75,6713.89990234375
2018-10-30,6673.83984375,6816.27001953125,6652.52978515625,6810.1201171875
2018-10-31,6933.10986328125,7030.509765625,6924.08984375,6967.10009765625
2018-11-01,6980.7900390625,7071.83984375,6932.2099609375,7069.169921875
2018-11-02,7042.2998046875,7085.27001953125,6909.06982421875,6965.2900390625
2018-11-05,6946.14990234375,6952.93017578125,6859.7998046875,6937.08984375
2018-11-06,6939.1298828125,7024.77978515625,6928.0,6988.85009765625
2018-11-07,7068.5,7205.9599609375,7057.7099609375,7203.1298828125
2018-11-08,7176.18994140625,7192.31982421875,7125.14013671875,7158.58984375
2018-11-09,7095.4501953125,7104.39013671875,6982.89013671875,7039.14990234375
2018-11-12,6990.3701171875,6998.7998046875,6819.3798828125,6829.10009765625
2018-11-13,6858.58984375,6951.43994140625,6811.68017578125,6830.91015625
2018-11-14,6896.2001953125,6916.10009765625,6736.18017578125,6769.8701171875
2018-11-15,6750.6298828125,6908.830078125,6702.419921875,6890.4501953125
2018-11-16,6823.02978515625,6898.1298828125,6797.43017578125,6867.02001953125
2018-11-19,6832.25,6841.43994140625,6623.3701171875,6642.919921875
2018-11-20,6475.68017578125,6614.009765625,6442.35986328125,6526.9599609375
2018-11-21,6608.1201171875,6639.3701171875,6566.31005859375,6575.66015625
2018-11-23,6525.02001953125,6591.56005859375,6524.5498046875,6527.35009765625
2018-11-26,6616.7900390625,6679.91015625,6590.89013671875,6678.33984375
2018-11-27,6639.39013671875,6715.41015625,6609.080078125,6701.0400390625
2018-11-28,6756.1298828125,6914.7900390625,6713.2900390625,6913.330078125
2018-11-29,6890.83984375,6938.02001953125,6839.4501953125,6892.39990234375
2018-11-30,6902.240234375,6951.1298828125,6872.2900390625,6949.009765625
2018-12-03,7106.83984375,7107.0,7013.2001953125,7062.1298828125
2018-12-04,7026.81005859375,7045.68017578125,6785.85009765625,6795.2099609375
2018-12-06,6652.1298828125,6840.5,6630.81982421875,6838.85009765625
2018-12-07,6806.6298828125,6849.3798828125,6594.5400390625,6613.27978515625
2018-12-10,6603.35986328125,6710.39013671875,6534.330078125,6682.740234375
2018-12-11,6782.41015625,6788.47021484375,6650.830078125,6704.240234375
2018-12-12,6800.5498046875,6867.66015625,6761.77978515625,6763.9599609375
2018-12-13,6805.7001953125,6833.77978515625,6724.0400390625,6767.97021484375
2018-12-14,6679.91015625,6710.41015625,6585.31005859375,6594.9599609375
2018-12-17,6571.0,6621.6298828125,6399.5498046875,6448.39013671875
2018-12-18,6503.1201171875,6551.0400390625,6434.60009765625,6491.52001953125
2018-12-19,6480.31005859375,6575.39013671875,6284.72021484375,6342.97021484375
2018-12-20,6312.72021484375,6380.97021484375,6161.85009765625,6243.18994140625
2018-12-21,6293.0498046875,6308.31005859375,6013.97998046875,6046.56005859375
2018-12-24,5994.080078125,6075.169921875,5895.1201171875,5899.35009765625
2018-12-26,5969.080078125,6263.81982421875,5921.85986328125,6262.77001953125
2018-12-27,6168.60009765625,6291.990234375,6043.4501953125,6288.2998046875
2018-12-28,6326.6201171875,6388.35986328125,6233.68994140625,6285.27001953125
2018-12-31,6354.85009765625,6365.39013671875,6273.93994140625,6329.97021484375
2019-01-02,6198.68017578125,6394.740234375,6198.68017578125,6360.8701171875
2019-01-03,6274.759765625,6292.68017578125,6139.39990234375,6147.1298828125
2019-01-04,6250.0498046875,6445.2001953125,6234.58984375,6422.669921875
2019-01-07,6434.5498046875,6521.43994140625,6412.97998046875,6488.25
2019-01-08,6555.91015625,6574.72998046875,6457.0,6551.85009765625
2019-01-09,6576.5400390625,6631.06005859375,6549.43994140625,6600.68994140625
2019-01-10,6551.0498046875,6625.10986328125,6517.5400390625,6620.93994140625
2019-01-11,6579.89013671875,6604.56005859375,6562.0400390625,6601.39990234375
2019-01-14,6536.3701171875,6566.8701171875,6512.64013671875,6541.0400390625
2019-01-15,6571.14990234375,6674.52978515625,6567.31982421875,6669.64013671875
2019-01-16,6677.3798828125,6720.41015625,6665.0498046875,6668.56005859375
2019-01-17,6646.18994140625,6747.27978515625,6637.10009765625,6718.4501953125
2019-01-18,6771.52001953125,6816.22998046875,6727.93994140625,6784.60986328125
2019-01-22,6736.64990234375,6738.56982421875,6603.56005859375,6646.81005859375
2019-01-23,6689.080078125,6712.85986328125,6584.5,6658.759765625
2019-01-24,6680.33984375,6710.72998046875,6656.52001953125,6702.5498046875
2019-01-25,6755.669921875,6800.97021484375,6733.31982421875,6787.3701171875
2019-01-28,6691.83984375,6697.52978515625,6644.31005859375,6697.08984375
2019-01-29,6695.7099609375,6701.47021484375,6613.419921875,6632.7900390625
2019-01-30,6708.56005859375,6826.919921875,6688.330078125,6807.91015625
2019-01-31,6840.93017578125,6936.33984375,6837.919921875,6906.83984375
2019-02-01,6872.72998046875,6921.9501953125,6857.31005859375,6875.52001953125
2019-02-04,6876.56005859375,6960.97021484375,6872.60009765625,6959.9599609375
2019-02-05,6969.3701171875,7029.77001953125,6967.93994140625,7023.52001953125
2019-02-06,7023.89013671875,7034.93994140625,6969.830078125,6997.6201171875
2019-02-07,6934.330078125,6954.77001953125,6854.35009765625,6904.97998046875
2019-02-08,6843.330078125,6914.56005859375,6836.7001953125,6913.1298828125
2019-02-11,6941.259765625,6958.330078125,6893.7998046875,6909.18017578125
2019-02-12,6960.5498046875,7021.759765625,6948.330078125,7014.669921875
2019-02-13,7038.31982421875,7062.580078125,7009.72998046875,7015.8798828125
2019-02-14,6986.509765625,7047.8798828125,6969.68994140625,7022.419921875
2019-02-15,7066.3798828125,7073.990234375,7022.2998046875,7055.18017578125
2019-02-19,7033.3701171875,7089.10009765625,7032.77978515625,7066.60986328125
2019-02-20,7070.240234375,7096.14990234375,7027.3701171875,7062.33984375
2019-02-21,7047.080078125,7063.06982421875,7001.7998046875,7035.16015625
2019-02-22,7055.2001953125,7094.2900390625,7050.009765625,7090.6298828125
2019-02-25,7144.33984375,7161.72998046875,7111.77978515625,7115.43017578125
2019-02-26,7098.97021484375,7144.64990234375,7087.14013671875,7123.22021484375
2019-02-27,7095.75,7125.77978515625,7045.41015625,7117.0
2019-02-28,7093.2001953125,7125.919921875,7081.919921875,7097.52978515625
2019-03-01,7152.080078125,7159.9599609375,7101.06982421875,7151.56982421875
2019-03-04,7193.8798828125,7205.93994140625,7073.39990234375,7150.830078125
2019-03-05,7156.66015625,7178.2998046875,7120.68994140625,7156.7900390625
2019-03-06,7156.240234375,7162.240234375,7104.5498046875,7112.47021484375
2019-03-07,7089.6298828125,7097.91015625,7001.81005859375,7026.8798828125
2019-03-08,6940.89990234375,7018.919921875,6940.72021484375,7015.68994140625
2019-03-11,7050.0498046875,7166.93017578125,7049.56005859375,7164.02001953125
2019-03-12,7176.22998046875,7219.41015625,7166.9501953125,7201.27978515625
2019-03-13,7231.0498046875,7292.85986328125,7229.8798828125,7256.97998046875
2019-03-14,7257.31005859375,7267.93994140625,7240.9599609375,7243.009765625
2019-03-15,7274.14013671875,7331.2998046875,7265.6298828125,7306.990234375
2019-03-18,7311.6298828125,7348.68994140625,7293.85009765625,7326.27978515625
2019-03-19,7357.580078125,7390.2900390625,7321.93017578125,7349.27978515625
2019-03-20,7348.990234375,7422.75,7318.419921875,7380.75
2019-03-21,7356.93994140625,7505.41015625,7356.93994140625,7493.27001953125
2019-03-22,7458.43994140625,7482.35009765625,7323.52001953125,7326.06005859375
2019-03-25,7299.93017578125,7342.509765625,7265.27978515625,7316.9599609375
2019-03-26,7378.22998046875,7417.259765625,7314.3798828125,7351.14990234375
2019-03-27,7364.47021484375,7376.990234375,7252.06005859375,7308.18994140625
2019-03-28,7325.06005859375,7346.0400390625,7277.68994140625,7320.47021484375
2019-03-29,7377.77001953125,7381.68994140625,7333.169921875,7378.77001953125
2019-04-01,7450.81005859375,7481.83984375,7422.43994140625,7478.419921875
2019-04-02,7473.509765625,7507.0498046875,7461.509765625,7499.64013671875
2019-04-03,7538.169921875,7589.68994140625,7520.39990234375,7544.97021484375
2019-04-04,7542.16015625,7571.1298828125,7496.2998046875,7540.56982421875
2019-04-05,7564.27001953125,7581.89990234375,7554.91015625,7578.83984375
2019-04-08,7565.06005859375,7602.080078125,7536.419921875,7599.740234375
2019-04-09,7571.8798828125,7596.75,7555.6201171875,7568.490234375
2019-04-10,7581.39013671875,7613.41015625,7573.27978515625,7611.490234375
2019-04-11,7621.39990234375,7621.39990234375,7580.7099609375,7594.89013671875
2019-04-12,7624.14990234375,7630.52001953125,7596.56005859375,7628.14990234375
2019-04-15,7630.60009765625,7636.7998046875,7578.5400390625,7629.1201171875
2019-04-16,7651.18994140625,7670.39990234375,7631.64013671875,7654.72998046875
2019-04-17,7705.31982421875,7715.06982421875,7659.85009765625,7680.72021484375
2019-04-18,7688.93017578125,7694.18017578125,7647.39990234375,7689.72021484375
2019-04-22,7658.3701171875,7715.330078125,7653.89013671875,7713.490234375
2019-04-23,7724.169921875,7819.33984375,7719.08984375,7810.7099609375
2019-04-24,7813.02001953125,7827.0498046875,7783.58984375,7784.41015625
2019-04-25,7850.7099609375,7851.97021484375,7778.22998046875,7816.919921875
2019-04-26,7791.14990234375,7826.89013671875,7742.60009765625,7826.68017578125
2019-04-29,7825.64013671875,7851.85009765625,7812.97021484375,7839.0400390625
2019-04-30,7769.2998046875,7792.31982421875,7726.06982421875,7781.4599609375
2019-05-01,7828.14013671875,7851.02978515625,7749.740234375,7751.85009765625
2019-05-02,7751.64013671875,7791.509765625,7672.5400390625,7724.06005859375
2019-05-03,7784.2900390625,7847.52001953125,7772.43994140625,7845.72998046875
2019-05-06,7662.919921875,7804.5400390625,7662.919921875,7794.08984375
2019-05-07,7713.490234375,7743.06005859375,7572.60986328125,7640.14990234375
2019-05-08,7623.31982421875,7678.81982421875,7593.75,7617.5498046875
2019-05-09,7525.81005859375,7605.02978515625,7472.7099609375,7582.75
2019-05-10,7556.0400390625,7623.009765625,7426.75,7586.52978515625
2019-05-13,7385.5498046875,7433.919921875,7303.64013671875,7324.1298828125
2019-05-14,7366.64013671875,7449.02978515625,7337.93994140625,7401.8798828125
2019-05-15,7354.81982421875,7524.22021484375,7353.89990234375,7503.25
2019-05-16,7509.91015625,7627.02978515625,7502.759765625,7580.14013671875
2019-05-17,7513.14990234375,7605.669921875,7496.919921875,7503.68017578125
2019-05-20,7391.72998046875,7424.58984375,7351.919921875,7376.7001953125
2019-05-21,7442.31005859375,7472.7099609375,7417.06982421875,7451.02001953125
2019-05-22,7413.83984375,7458.10986328125,7410.7099609375,7420.66015625
2019-05-23,7331.669921875,7337.47021484375,7261.4599609375,7307.93017578125
2019-05-24,7353.97021484375,7371.2998046875,7294.10009765625,7300.9599609375
2019-05-28,7321.27001953125,7362.2900390625,7274.7001953125,7278.3798828125
2019-05-29,7222.5498046875,7254.2001953125,7176.669921875,7216.85986328125
2019-05-30,7234.830078125,7262.77001953125,7204.419921875,7245.39990234375
2019-05-31,7148.7099609375,7183.22998046875,7125.97021484375,7127.9599609375
2019-06-03,7110.33984375,7126.43017578125,6936.68017578125,6978.02001953125
2019-06-04,7056.18017578125,7169.7900390625,7023.08984375,7166.75
2019-06-05,7230.81005859375,7235.22998046875,7146.43017578125,7220.89990234375
2019-06-06,7229.85986328125,7293.22021484375,7201.58984375,7275.93017578125
2019-06-07,7315.330078125,7445.990234375,7309.009765625,7417.2900390625
2019-06-10,7472.60009765625,7573.0,7468.169921875,7501.93017578125
2019-06-11,7584.75,7595.56982421875,7489.990234375,7513.85009765625
2019-06-12,7493.5498046875,7507.52001953125,7459.2001953125,7472.2900390625
2019-06-13,7500.85009765625,7530.91015625,7487.08984375,7510.68017578125
2019-06-14,7476.47021484375,7500.740234375,7454.8701171875,7479.10986328125
2019-06-17,7500.27978515625,7546.990234375,7492.169921875,7526.52001953125
2019-06-18,7606.60986328125,7689.080078125,7595.58984375,7635.39990234375
2019-06-19,7652.52001953125,7681.56005859375,7606.27978515625,7667.740234375
2019-06-20,7770.169921875,7770.60986328125,7681.43017578125,7738.0498046875
2019-06-21,7719.419921875,7772.52978515625,7708.25,7728.77978515625
2019-06-24,7737.0,7746.68017578125,7720.77978515625,7723.02001953125
2019-06-25,7720.91015625,7723.0400390625,7584.169921875,7591.5400390625
2019-06-26,7642.919921875,7688.64013671875,7616.91015625,7627.0498046875
2019-06-27,7656.68017578125,7672.97998046875,7636.72021484375,7657.0498046875
2019-06-28,7674.52001953125,7682.259765625,7639.4501953125,7671.080078125
2019-07-01,7816.56005859375,7820.81005859375,7735.669921875,7768.14013671875
2019-07-02,7763.02978515625,7800.47021484375,7746.009765625,7799.81982421875
2019-07-03,7819.06005859375,7857.68994140625,7811.2900390625,7857.68994140625
2019-07-05,7806.06982421875,7854.7099609375,7774.58984375,7841.2998046875
2019-07-08,7790.4599609375,7841.2998046875,7756.10986328125,7785.7900390625
2019-07-09,7748.2900390625,7833.93017578125,7748.22998046875,7826.85986328125
2019-07-10,7869.72998046875,7923.93017578125,7858.68017578125,7903.39990234375
2019-07-11,7918.64990234375,7934.60009765625,7873.16015625,7896.77978515625
2019-07-12,7908.580078125,7944.080078125,7900.39013671875,7943.240234375
2019-07-15,7961.06982421875,7969.7900390625,7940.4501953125,7966.93017578125
2019-07-16,7958.43994140625,7965.759765625,7904.9501953125,7927.080078125
2019-07-17,7927.91015625,7941.10009765625,7887.97998046875,7888.759765625
2019-07-18,7850.1201171875,7912.330078125,7827.490234375,7904.1298828125
2019-07-19,7944.85986328125,7950.22021484375,7832.39013671875,7834.89990234375
2019-07-22,7862.3798828125,7918.47021484375,7862.27001953125,7905.1201171875
2019-07-23,7946.0498046875,7955.08984375,7895.0498046875,7954.56005859375
2019-07-24,7928.77978515625,8010.830078125,7926.990234375,8010.60986328125
2019-07-25,7979.14013671875,7983.9599609375,7921.2099609375,7929.8701171875
2019-07-26,7992.1298828125,8027.18017578125,7986.72021484375,8016.9501953125
2019-07-29,8010.0498046875,8010.0498046875,7939.97998046875,7989.080078125
2019-07-30,7927.56005859375,7983.10986328125,7923.4501953125,7952.47021484375
2019-07-31,7972.759765625,7979.2001953125,7774.93017578125,7848.77978515625
2019-08-01,7866.60009765625,8000.93994140625,7769.02001953125,7801.14990234375
2019-08-02,7740.91015625,7755.08984375,7645.18017578125,7692.7998046875
2019-08-05,7510.02001953125,7528.89990234375,7356.27001953125,7415.68994140625
2019-08-06,7492.02001953125,7541.740234375,7432.31005859375,7521.31982421875
2019-08-07,7436.14013671875,7569.89990234375,7386.39013671875,7551.89990234375
2019-08-08,7608.02978515625,7726.4599609375,7576.81982421875,7724.830078125
2019-08-09,7684.56005859375,7709.509765625,7591.14013671875,7646.27001953125
2019-08-12,7597.18994140625,7623.43994140625,7528.9501953125,7561.68017578125
2019-08-13,7553.43017578125,7778.33984375,7553.330078125,7728.14990234375
2019-08-14,7594.64013671875,7621.7001953125,7480.580078125,7490.1298828125
2019-08-15,7503.14013671875,7523.5,7429.35986328125,7484.89013671875
2019-08-16,7548.89990234375,7622.72998046875,7548.89990234375,7604.10986328125
2019-08-19,7715.41015625,7740.740234375,7604.10986328125,7719.31982421875
2019-08-20,7708.31005859375,7731.31005859375,7664.2099609375,7664.47021484375
2019-08-21,7731.75,7754.66015625,7706.56982421875,7733.22021484375
2019-08-22,7750.97998046875,7764.7900390625,7649.27978515625,7707.43017578125
2019-08-23,7658.47998046875,7722.43017578125,7442.93017578125,7464.990234375
2019-08-26,7540.68994140625,7577.77001953125,7506.169921875,7575.02001953125
2019-08-27,7630.4599609375,7640.68017578125,7531.9599609375,7566.02978515625
2019-08-28,7536.7001953125,7598.14990234375,7500.22021484375,7587.89990234375
2019-08-29,7678.68994140625,7723.93994140625,7654.31005859375,7702.31005859375
2019-08-30,7743.22998046875,7747.080078125,7642.89990234375,7691.0
2019-09-03,7634.02978515625,7670.169921875,7584.81982421875,7609.509765625
2019-09-04,7683.77978515625,7724.91015625,7663.64013671875,7719.25
2019-09-05,7803.4501953125,7879.97021484375,7803.4501953125,7862.5400390625
2019-09-06,7868.8701171875,7874.990234375,7835.89013671875,7852.5400390625
2019-09-09,7876.39990234375,7877.41015625,7795.85986328125,7832.39990234375
2019-09-10,7793.27978515625,7817.580078125,7743.60986328125,7814.740234375
2019-09-11,7820.7099609375,7888.33984375,7812.06982421875,7887.580078125
2019-09-12,7931.9599609375,7975.330078125,7907.330078125,7917.33984375
2019-09-13,7903.72998046875,7923.41015625,7879.58984375,7892.9501953125
2019-09-16,7833.72998046875,7868.740234375,7831.759765625,7852.41015625
2019-09-17,7849.8798828125,7891.2099609375,7840.990234375,7888.7900390625
2019-09-18,7877.580078125,7891.169921875,7791.580078125,7888.56005859375
2019-09-19,7904.39013671875,7950.2099609375,7888.31005859375,7901.7900390625
2019-09-20,7901.4599609375,7920.52978515625,7794.27001953125,7823.5498046875
2019-09-23,7815.22998046875,7842.97998046875,7790.2900390625,7818.60986328125
2019-09-24,7855.97021484375,7873.25,7684.7998046875,7710.0400390625
2019-09-25,7706.5,7822.43017578125,7647.6298828125,7803.5400390625
2019-09-26,7794.27978515625,7798.1201171875,7718.68994140625,7771.990234375
2019-09-27,7786.02978515625,7790.7998046875,7626.81982421875,7681.580078125
2019-09-30,7705.97021484375,7761.83984375,7693.490234375,7749.4501953125
2019-10-01,7782.81982421875,7821.72021484375,7675.419921875,7684.14013671875
2019-10-02,7627.58984375,7631.33984375,7513.68994140625,7550.7900390625
2019-10-03,7557.18994140625,7640.419921875,7463.56982421875,7638.39013671875
2019-10-04,7677.330078125,7759.35986328125,7670.919921875,7754.10009765625
2019-10-07,7725.68017578125,7784.7900390625,7712.68017578125,7725.1298828125
2019-10-08,7671.3798828125,7707.169921875,7603.759765625,7604.27001953125
2019-10-09,7678.66015625,7717.93994140625,7655.47998046875,7690.52978515625
2019-10-10,7688.419921875,7772.68017578125,7682.60986328125,7740.35986328125
2019-10-11,7835.93017578125,7904.0498046875,7831.10986328125,7843.8798828125
2019-10-14,7834.740234375,7865.669921875,7827.16015625,7842.330078125
2019-10-15,7867.9599609375,7960.14013671875,7863.64990234375,7942.85009765625
2019-10-16,7911.990234375,7941.759765625,7898.31005859375,7920.2099609375
2019-10-17,7976.64013671875,7981.14013671875,7914.93994140625,7942.14013671875
2019-10-18,7938.2998046875,7946.81005859375,7829.75,7868.490234375
2019-10-21,7911.580078125,7941.47998046875,7887.740234375,7940.330078125
2019-10-22,7968.25,7977.009765625,7871.97998046875,7874.6201171875
2019-10-23,7858.47998046875,7890.2099609375,7845.08984375,7889.47021484375
2019-10-24,7956.22998046875,7969.66015625,7912.72021484375,7966.72021484375
2019-10-25,7926.60009765625,8033.2900390625,7926.60009765625,8029.22021484375
2019-10-28,8071.39013671875,8119.72998046875,8070.89990234375,8110.669921875
2019-10-29,8101.5498046875,8108.60986328125,8045.64013671875,8047.509765625
2019-10-30,8056.89990234375,8096.330078125,8017.919921875,8083.10986328125
2019-10-31,8100.6201171875,8110.43994140625,8041.64990234375,8083.830078125
2019-11-01,8121.9501953125,8161.97998046875,8111.72998046875,8161.169921875
2019-11-04,8218.9296875,8228.330078125,8197.3203125,8210.66015625
2019-11-05,8225.349609375,8229.08984375,8191.0498046875,8210.1796875
2019-11-06,8204.33984375,8204.33984375,8157.35986328125,8196.0302734375
2019-11-07,8237.6796875,8271.8203125,8198.91015625,8219.650390625
2019-11-08,8208.3701171875,8256.2900390625,8186.31005859375,8255.8896484375
2019-11-11,8212.3701171875,8245.8896484375,8202.3603515625,8241.91015625
2019-11-12,8249.6201171875,8293.1796875,8238.330078125,8263.7900390625
2019-11-13,8235.6796875,8274.6103515625,8233.3798828125,8259.8095703125
2019-11-14,8238.849609375,8264.9404296875,8212.58984375,8257.830078125
2019-11-15,8303.83984375,8315.900390625,8284.2001953125,8315.51953125
2019-11-18,8303.2197265625,8340.41015625,8274.6796875,8328.48046875
2019-11-19,8357.4296875,8357.7998046875,8308.2802734375,8338.740234375
2019-11-20,8315.5498046875,8339.259765625,8226.25,8283.75
2019-11-21,8273.9501953125,8282.330078125,8242.2197265625,8265.6201171875
2019-11-22,8287.25,8292.1103515625,8229.490234375,8272.0498046875
2019-11-25,8309.5498046875,8372.8203125,8309.5498046875,8371.9296875
2019-11-26,8374.259765625,8398.0400390625,8364.1103515625,8385.75
2019-11-27,8407.23046875,8445.6103515625,8399.6298828125,8444.7099609375
2019-11-29,8422.01953125,8435.9599609375,8402.1298828125,8403.6796875
2019-12-02,8409.8701171875,8409.8701171875,8274.6103515625,8309.259765625
2019-12-03,8201.6298828125,8258.400390625,8167.35986328125,8254.740234375
2019-12-04,8291.8603515625,8316.4599609375,8285.8798828125,8296.5302734375
2019-12-05,8321.1904296875,8321.1904296875,8272.830078125,8308.400390625
2019-12-06,8370.23046875,8405.849609375,8365.25,8397.3701171875
2019-12-09,8388.75,8425.76953125,8359.8701171875,8362.740234375
2019-12-10,8364.5498046875,8392.8896484375,8339.3701171875,8354.2900390625
2019-12-11,8371.650390625,8408.080078125,8361.3701171875,8402.6103515625
2019-12-12,8391.919921875,8493.1103515625,8380.08984375,8466.8896484375
2019-12-13,8461.419921875,8517.51953125,8441.8896484375,8487.7099609375
2019-12-16,8544.26953125,8584.7802734375,8542.419921875,8570.330078125
2019-12-17,8586.330078125,8592.4501953125,8564.150390625,8575.7001953125
2019-12-18,8587.2001953125,8608.099609375,8578.5595703125,8580.6201171875
2019-12-19,8592.6796875,8642.740234375,8592.6796875,8641.2900390625
2019-12-20,8666.5703125,8687.66015625,8656.48046875,8678.490234375
2019-12-23,8703.0595703125,8710.900390625,8690.150390625,8696.009765625
2019-12-24,8705.2998046875,8708.2197265625,8684.1201171875,8699.509765625
2019-12-26,8717.9501953125,8778.330078125,8716.0302734375,8778.3095703125
2019-12-27,8805.8603515625,8811.099609375,8749.8603515625,8770.98046875
2019-12-30,8766.3896484375,8768.2998046875,8671.919921875,8709.73046875
2019-12-31,8681.330078125,8735.4296875,8674.3798828125,8733.0703125
2020-01-02,8802.2197265625,8873.6298828125,8786.900390625,8872.2197265625
2020-01-03,8755.169921875,8843.650390625,8755.169921875,8793.900390625
2020-01-06,8713.8896484375,8849.98046875,8713.8896484375,8848.51953125
2020-01-07,8857.1396484375,8872.4697265625,8821.6796875,8846.4501953125
2020-01-08,8845.4501953125,8953.5498046875,8834.9404296875,8912.3701171875
2020-01-09,8990.0400390625,9004.5498046875,8938.5302734375,8989.6298828125
2020-01-10,9021.8798828125,9024.8701171875,8951.830078125,8966.6396484375
2020-01-13,9007.9404296875,9071.5302734375,8991.349609375,9070.650390625
2020-01-14,9068.01953125,9080.16015625,9020.919921875,9033.419921875
2020-01-15,9039.3095703125,9078.8701171875,9008.9501953125,9035.669921875
2020-01-16,9088.080078125,9126.0703125,9066.3095703125,9125.0
2020-01-17,9159.48046875,9176.4697265625,9118.98046875,9173.73046875
2020-01-21,9145.6396484375,9187.419921875,9141.7802734375,9166.6298828125
2020-01-22,9212.349609375,9242.48046875,9179.26953125,9188.580078125
2020-01-23,9186.1396484375,9221.1298828125,9145.23046875,9216.98046875
2020-01-24,9266.349609375,9272.3701171875,9101.4404296875,9141.4697265625
2020-01-27,8913.16015625,9001.4404296875,8910.9697265625,8952.1796875
2020-01-28,9013.23046875,9111.3203125,8994.2802734375,9090.9296875
2020-01-29,9141.51953125,9153.080078125,9067.2900390625,9101.6103515625
2020-01-30,9038.919921875,9140.6904296875,9019.7197265625,9136.08984375
2020-01-31,9169.91015625,9170.2197265625,8961.58984375,8991.509765625
2020-02-03,9033.51953125,9148.5,9031.0703125,9126.23046875
2020-02-04,9256.9404296875,9352.9599609375,9224.8603515625,9334.0595703125
2020-02-05,9441.33984375,9442.75,9311.8798828125,9367.48046875
2020-02-06,9395.6904296875,9448.7197265625,9357.8603515625,9445.919921875
2020-02-07,9397.76953125,9453.240234375,9376.91015625,9401.099609375
2020-02-10,9373.2001953125,9517.740234375,9373.2001953125,9516.83984375
2020-02-11,9567.8095703125,9600.0498046875,9493.6298828125,9517.8603515625
2020-02-12,9569.8203125,9615.91015625,9552.0302734375,9613.2001953125
2020-02-13,9540.669921875,9636.41015625,9532.740234375,9595.7001953125
2020-02-14,9613.8798828125,9634.75,9583.080078125,9623.580078125
2020-02-18,9567.2802734375,9647.7197265625,9567.2802734375,9629.7998046875
2020-02-19,9683.9404296875,9736.5703125,9676.0703125,9718.73046875
2020-02-20,9696.66015625,9714.23046875,9513.23046875,9627.830078125
2020-02-21,9582.5400390625,9594.0,9406.3798828125,9446.6904296875
2020-02-24,9055.2998046875,9194.91015625,9028.8701171875,9079.6298828125
2020-02-25,9167.330078125,9183.7802734375,8807.1103515625,8834.8701171875
2020-02-26,8883.009765625,9032.8798828125,8813.919921875,8873.759765625
2020-02-27,8632.5400390625,8786.6796875,8430.5302734375,8436.669921875
2020-02-28,8133.85009765625,8490.4697265625,8133.85009765625,8461.830078125
2020-03-02,8569.91015625,8879.3896484375,8446.5,8877.98046875
2020-03-03,8892.6796875,9000.4599609375,8516.580078125,8594.490234375
2020-03-04,8745.6396484375,8952.1103515625,8669.759765625,8949.2802734375
2020-03-05,8713.1904296875,8864.1904296875,8613.91015625,8671.66015625
2020-03-06,8395.9501953125,8571.8798828125,8319.900390625,8530.33984375
2020-03-09,7912.14013671875,8241.76953125,7912.14013671875,7948.02978515625
2020-03-10,8213.9697265625,8376.4404296875,7942.1298828125,8372.26953125
2020-03-11,8166.259765625,8224.73046875,7900.990234375,8006.1201171875
2020-03-12,7452.759765625,7808.31005859375,7255.6201171875,7263.64990234375
2020-03-13,7683.0400390625,7998.509765625,7301.8798828125,7995.259765625
2020-03-16,7502.259765625,7563.4501953125,6993.60986328125,7020.3798828125
2020-03-17,7198.52978515625,7550.1298828125,6959.14990234375,7473.9501953125
2020-03-18,7023.85986328125,7336.8798828125,6837.52978515625,7175.18017578125
2020-03-19,7190.2099609375,7514.14013671875,7037.47021484375,7288.52001953125
2020-03-20,7391.22021484375,7487.830078125,6969.77001953125,6994.2900390625
2020-03-23,6952.7099609375,7145.2900390625,6771.91015625,7006.919921875
2020-03-24,7349.0,7555.91015625,7304.39013671875,7553.830078125
2020-03-25,7543.9599609375,7777.60986328125,7390.41015625,7469.6201171875
2020-03-26,7549.830078125,7913.10986328125,7549.830078125,7897.1298828125
2020-03-27,7657.43994140625,7817.740234375,7580.22021484375,7588.3701171875
2020-03-30,7678.830078125,7902.08984375,7651.43017578125,7889.009765625
2020-03-31,7855.740234375,8011.60009765625,7765.4599609375,7813.5
2020-04-01,7582.77978515625,7701.68017578125,7423.97021484375,7486.2900390625
2020-04-02,7445.8798828125,7641.8701171875,7432.27978515625,7635.66015625
2020-04-03,7631.56982421875,7673.490234375,7439.77978515625,7528.10986328125
2020-04-06,7819.06005859375,8110.66015625,7763.08984375,8081.66015625
2020-04-07,8287.48046875,8305.58984375,8043.06982421875,8049.31005859375
2020-04-08,8134.2998046875,8254.41015625,8058.41015625,8229.5400390625
2020-04-09,8284.3095703125,8334.23046875,8167.93017578125,8238.5302734375
2020-04-13,8209.6796875,8338.150390625,8158.580078125,8332.740234375
2020-04-14,8489.26953125,8708.5498046875,8470.740234375,8692.16015625
2020-04-15,8548.4697265625,8666.240234375,8500.5595703125,8591.9599609375
2020-04-16,8689.08984375,8793.349609375,8605.509765625,8757.830078125
2020-04-17,8876.66015625,8879.240234375,8704.3798828125,8832.41015625
2020-04-20,8742.5400390625,8855.1796875,8725.330078125,8726.509765625
2020-04-21,8639.740234375,8663.08984375,8359.83984375,8403.0
2020-04-22,8575.5703125,8708.48046875,8550.6103515625,8664.6396484375
2020-04-23,8693.73046875,8796.490234375,8624.6298828125,8641.5
2020-04-24,8666.5703125,8791.3603515625,8599.990234375,8786.599609375
2020-04-27,8865.580078125,8887.6201171875,8803.8896484375,8837.66015625
2020-04-28,8913.2802734375,8918.3798828125,8668.669921875,8677.599609375
2020-04-29,8871.0400390625,9025.8203125,8832.0,8982.759765625
2020-04-30,9005.240234375,9023.0302734375,8920.419921875,9000.509765625
2020-05-01,8791.8798828125,8887.580078125,8688.580078125,8718.1796875
2020-05-04,8683.9404296875,8840.330078125,8665.400390625,8834.1103515625
2020-05-05,8922.3896484375,9031.0,8900.5703125,8930.6201171875
2020-05-06,8997.01953125,9065.580078125,8950.8896484375,8984.8603515625
2020-05-07,9104.669921875,9136.1796875,9045.23046875,9101.8798828125
2020-05-08,9165.7001953125,9224.490234375,9126.9697265625,9220.349609375
2020-05-11,9155.2099609375,9346.26953125,9155.2099609375,9298.919921875
2020-05-12,9326.0595703125,9354.4501953125,9109.08984375,9112.4501953125
2020-05-13,9123.6904296875,9209.490234375,8890.16015625,9000.080078125
2020-05-14,8946.4501953125,9097.75,8860.76953125,9094.419921875
2020-05-15,8976.2900390625,9157.4599609375,8958.080078125,9152.6396484375
2020-05-18,9281.3603515625,9367.5400390625,9248.7802734375,9331.9296875
2020-05-19,9326.2802734375,9422.900390625,9296.25,9298.5400390625
2020-05-20,9415.25,9498.2802734375,9412.830078125,9485.01953125
2020-05-21,9487.6298828125,9515.0498046875,9361.830078125,9377.990234375
2020-05-22,9363.669921875,9421.9296875,9325.0703125,9413.990234375
2020-05-26,9570.5302734375,9570.5302734375,9379.900390625,9389.98046875
2020-05-27,9366.6298828125,9445.0595703125,9182.4501953125,9442.0498046875
2020-05-28,9404.830078125,9568.8896484375,9391.83984375,9416.7099609375
2020-05-29,9440.6396484375,9573.5498046875,9379.9296875,9555.5302734375
2020-06-01,9526.4296875,9609.3798828125,9515.33984375,9598.8896484375
2020-06-02,9603.1796875,9660.080078125,9511.8798828125,9657.3095703125
2020-06-03,9689.7197265625,9729.6904296875,9648.9296875,9704.6904296875
2020-06-04,9672.169921875,9741.9697265625,9577.7099609375,9629.66015625
2020-06-05,9673.08984375,9846.6298828125,9659.4501953125,9824.3896484375
2020-06-08,9805.6904296875,9904.51953125,9753.8701171875,9901.51953125
2020-06-09,9861.1796875,10006.900390625,9859.0,9967.169921875
2020-06-10,10037.98046875,10155.2001953125,10022.4404296875,10094.259765625
2020-06-11,9907.5595703125,9978.1904296875,9586.25,9588.48046875
2020-06-12,9785.580078125,9849.009765625,9499.08984375,9663.7802734375
2020-06-15,9517.1396484375,9809.41015625,9489.580078125,9776.8896484375
2020-06-16,9983.650390625,10010.8896484375,9801.4501953125,9949.3701171875
2020-06-17,9998.8603515625,10058.650390625,9952.5,9982.48046875
2020-06-18,9972.349609375,10018.5595703125,9942.1103515625,10012.0498046875
2020-06-19,10104.6298828125,10121.669921875,9937.8095703125,10008.6396484375
2020-06-22,10009.0,10134.6396484375,9989.490234375,10130.330078125
2020-06-23,10192.419921875,10306.900390625,10172.0703125,10209.8203125
2020-06-24,10183.76953125,10232.419921875,9943.240234375,10002.7001953125
2020-06-25,10003.5,10110.2900390625,9901.2099609375,10101.830078125
2020-06-26,10087.080078125,10093.98046875,9837.740234375,9849.3603515625
2020-06-29,9850.5498046875,9965.080078125,9742.8896484375,9961.16015625
2020-06-30,9970.2099609375,10185.349609375,9956.830078125,10156.849609375
2020-07-01,10160.41015625,10321.76953125,10142.75,10279.25
2020-07-02,10386.3798828125,10432.5498046875,10328.7802734375,10341.8896484375
2020-07-06,10487.7001953125,10625.099609375,10485.8203125,10604.0595703125
2020-07-07,10595.9404296875,10704.9296875,10516.6298828125,10524.009765625
2020-07-08,10594.41015625,10669.1298828125,10528.8203125,10666.7001953125
2020-07-09,10745.8701171875,10785.9599609375,10574.9697265625,10754.58984375
2020-07-10,10751.76953125,10842.7802734375,10639.48046875,10836.330078125
2020-07-13,10951.5400390625,11069.259765625,10574.5595703125,10602.2099609375
2020-07-14,10502.849609375,10701.8798828125,10370.7900390625,10689.51953125
2020-07-15,10752.1103515625,10780.400390625,10570.9599609375,10701.6796875
2020-07-16,10589.8603515625,10658.900390625,10495.08984375,10626.4599609375
2020-07-17,10651.599609375,10680.7001953125,10558.7802734375,10645.2197265625
2020-07-20,10672.9599609375,10971.51953125,10621.900390625,10952.080078125
2020-07-21,11015.5400390625,11017.4296875,10800.8701171875,10833.0703125
2020-07-22,10850.919921875,10910.240234375,10776.240234375,10870.75
2020-07-23,10853.16015625,10885.3798828125,10531.2197265625,10580.58984375
2020-07-24,10389.5400390625,10543.419921875,10313.9404296875,10483.1298828125
2020-07-27,10547.1103515625,10689.5498046875,10527.6396484375,10674.3798828125
2020-07-28,10644.33984375,10662.1904296875,10527.4296875,10532.5
2020-07-29,10602.400390625,10694.8798828125,10587.2001953125,10662.98046875
2020-07-30,10578.6298828125,10737.0302734375,10531.7900390625,10715.509765625
2020-07-31,10886.3603515625,10908.33984375,10707.400390625,10905.8798828125
2020-08-03,11018.01953125,11085.5,10997.669921875,11055.080078125
2020-08-04,11048.5,11097.849609375,11002.5498046875,11096.5400390625
2020-08-05,11107.240234375,11141.6904296875,11077.7001953125,11125.4404296875
2020-08-06,11116.490234375,11282.240234375,11090.5,11267.080078125
2020-08-07,11235.240234375,11276.2998046875,11044.599609375,11139.3896484375
2020-08-10,11153.509765625,11159.3798828125,10941.8701171875,11085.169921875
2020-08-11,11039.6796875,11090.919921875,10855.0595703125,10876.080078125
2020-08-12,10972.0703125,11190.259765625,10970.8701171875,11157.7197265625
2020-08-13,11174.6396484375,11271.2197265625,11139.6396484375,11178.3701171875
2020-08-14,11187.8203125,11213.26953125,11106.9296875,11164.4501953125
2020-08-17,11231.9697265625,11306.4697265625,11228.1396484375,11288.5703125
2020-08-18,11339.759765625,11421.099609375,11279.080078125,11399.0302734375
2020-08-19,11397.23046875,11440.2197265625,11303.400390625,11318.6396484375
2020-08-20,11277.0498046875,11497.1796875,11268.4599609375,11477.0498046875
2020-08-21,11476.849609375,11574.7900390625,11461.5302734375,11555.16015625
2020-08-24,11703.33984375,11728.08984375,11535.5498046875,11626.169921875
2020-08-25,11610.580078125,11723.9501953125,11580.8896484375,11721.8095703125
2020-08-26,11779.349609375,11979.650390625,11768.0,11971.9404296875
2020-08-27,11997.8896484375,12047.990234375,11842.83984375,11926.16015625
2020-08-28,11992.6796875,12018.1396484375,11928.6904296875,11995.849609375
2020-08-31,12017.4599609375,12167.4599609375,12000.1103515625,12110.7001953125
2020-09-01,12203.3603515625,12300.4404296875,12132.7802734375,12292.8603515625
2020-09-02,12417.4501953125,12439.48046875,12176.1796875,12420.5400390625
2020-09-03,12195.75,12235.0,11662.1103515625,11771.3701171875
2020-09-04,11686.240234375,11846.1796875,11145.990234375,11622.1298828125
2020-09-08,11143.91015625,11400.4599609375,11055.16015625,11068.259765625
2020-09-09,11308.25,11480.3701171875,11197.1298828125,11395.849609375
2020-09-10,11501.4296875,11566.33984375,11095.9404296875,11154.1201171875
2020-09-11,11251.1904296875,11280.41015625,10945.2197265625,11087.400390625
2020-09-14,11250.7998046875,11363.25,11192.8203125,11277.759765625
2020-09-15,11432.9404296875,11495.400390625,11367.2001953125,11438.8701171875
2020-09-16,11467.900390625,11486.08984375,11242.9599609375,11247.599609375
2020-09-17,10965.740234375,11160.0400390625,10936.7998046875,11080.9501953125
2020-09-18,11147.7998046875,11153.9697265625,10769.400390625,10936.98046875
2020-09-21,10768.009765625,10984.759765625,10677.849609375,10980.2197265625
2020-09-22,11082.08984375,11207.080078125,10943.259765625,11186.3701171875
2020-09-23,11167.2197265625,11179.58984375,10806.0498046875,10833.330078125
2020-09-24,10746.349609375,11026.4296875,10728.41015625,10896.4697265625
2020-09-25,10910.5,11177.73046875,10851.6796875,11151.1298828125
2020-09-28,11332.3203125,11369.400390625,11243.240234375,11364.4501953125
2020-09-29,11354.7001953125,11396.2197265625,11305.7900390625,11322.9501953125
2020-09-30,11328.5498046875,11535.009765625,11328.5498046875,11418.0595703125
2020-10-01,11554.9599609375,11606.73046875,11488.599609375,11583.2001953125
2020-10-02,11328.849609375,11479.080078125,11225.169921875,11255.6904296875
2020-10-05,11345.240234375,11512.0595703125,11336.0703125,11509.0595703125
2020-10-06,11476.6796875,11536.419921875,11256.259765625,11291.26953125
2020-10-07,11412.650390625,11519.5498046875,11382.48046875,11503.1904296875
2020-10-08,11576.4404296875,11582.7802734375,11510.240234375,11550.9404296875
2020-10-09,11615.5703125,11727.599609375,11600.8603515625,11725.849609375
2020-10-12,11900.1201171875,12204.75,11880.23046875,12088.1103515625
2020-10-13,12131.0703125,12187.7802734375,12032.75,12083.169921875
2020-10-14,12105.099609375,12159.2099609375,11913.5703125,11985.3603515625
2020-10-15,11767.26953125,11928.6298828125,11765.490234375,11898.5703125
2020-10-16,11952.1201171875,12034.1298828125,11824.1396484375,11852.169921875
2020-10-19,11913.009765625,11962.4697265625,11606.48046875,11634.349609375
2020-10-20,11679.080078125,11801.400390625,11613.759765625,11677.83984375
2020-10-21,11686.1904296875,11789.4599609375,11646.48046875,11665.3701171875
2020-10-22,11712.6396484375,11739.2197265625,11529.73046875,11662.91015625
2020-10-23,11680.73046875,11693.009765625,11569.08984375,11692.5703125
2020-10-26,11584.169921875,11708.080078125,11360.73046875,11504.51953125
2020-10-27,11560.8603515625,11633.490234375,11503.099609375,11598.9501953125
2020-10-28,11400.48046875,11426.099609375,11136.099609375,11142.759765625
2020-10-29,11214.330078125,11467.3701171875,11187.080078125,11350.740234375
2020-10-30,11265.7001953125,11293.759765625,10960.01953125,11052.9501953125
2020-11-02,11152.48046875,11222.51953125,10957.1103515625,11084.759765625
2020-11-03,11155.849609375,11356.080078125,11115.5498046875,11279.91015625
2020-11-04,11627.759765625,11846.4599609375,11564.91015625,11777.01953125
2020-11-05,12021.76953125,12117.0400390625,11977.0703125,12078.0703125
2020-11-06,12044.2900390625,12116.91015625,11895.5,12091.349609375
2020-11-09,12194.7099609375,12268.66015625,11818.240234375,11830.3896484375
2020-11-10,11704.4599609375,11761.9501953125,11512.4599609375,11624.2900390625
2020-11-11,11734.8095703125,11904.1298828125,11714.3203125,11892.9296875
2020-11-12,11924.150390625,11976.8896484375,11786.08984375,11827.1396484375
2020-11-13,11910.6201171875,11957.08984375,11808.9501953125,11937.83984375
2020-11-16,11925.3603515625,12035.5,11891.849609375,12013.3798828125
2020-11-17,12030.26953125,12047.1298828125,11964.2001953125,11977.490234375
2020-11-18,11963.3603515625,12027.150390625,11892.5400390625,11894.7099609375
2020-11-19,11863.1201171875,12000.2900390625,11842.66015625,11985.4296875
2020-11-20,11976.0,12017.419921875,11903.5703125,11906.4404296875
2020-11-23,11959.8896484375,12001.830078125,11817.5302734375,11905.9404296875
2020-11-24,11952.7001953125,12094.16015625,11878.3095703125,12079.8095703125
2020-11-25,12112.1103515625,12174.990234375,12081.509765625,12152.2197265625
2020-11-27,12220.3701171875,12306.7099609375,12214.4501953125,12258.2099609375
2020-11-30,12278.7802734375,12299.6103515625,12090.9296875,12268.3203125
2020-12-01,12387.6201171875,12510.01953125,12338.3603515625,12455.330078125
2020-12-02,12390.580078125,12472.25,12318.26953125,12456.41015625
2020-12-03,12469.16015625,12538.919921875,12445.3603515625,12467.1298828125
2020-12-04,12479.91015625,12531.2099609375,12450.509765625,12528.48046875
2020-12-07,12523.5703125,12610.0,12523.1201171875,12596.4697265625
2020-12-08,12574.83984375,12651.349609375,12504.9697265625,12635.7197265625
2020-12-09,12626.9697265625,12643.240234375,12311.2998046875,12364.6396484375
2020-12-10,12268.4697265625,12447.849609375,12226.1298828125,12401.740234375
2020-12-11,12327.0703125,12378.6103515625,12236.7998046875,12375.41015625
2020-12-14,12427.8603515625,12544.3095703125,12426.25,12462.2099609375
2020-12-15,12565.2802734375,12596.83984375,12467.5703125,12595.919921875
2020-12-16,12607.8701171875,12698.1103515625,12568.7099609375,12668.16015625
2020-12-17,12741.6396484375,12760.9697265625,12685.98046875,12752.0595703125
2020-12-18,12786.919921875,12793.4697265625,12611.2197265625,12738.1796875
2020-12-21,12575.599609375,12706.4404296875,12474.0302734375,12690.259765625
2020-12-22,12715.48046875,12761.23046875,12606.419921875,12717.5595703125
2020-12-23,12733.75,12737.58984375,12649.599609375,12653.1396484375
2020-12-24,12668.2001953125,12732.5498046875,12665.7998046875,12711.009765625
2020-12-28,12813.9697265625,12861.91015625,12747.0498046875,12838.8603515625
2020-12-29,12909.8603515625,12925.5302734375,12816.58984375,12843.490234375
2020-12-30,12900.0302734375,12917.4501953125,12828.7900390625,12845.3603515625
2020-12-31,12852.9599609375,12904.08984375,12804.75,12888.2802734375
2021-01-04,12950.2197265625,12950.2197265625,12537.419921875,12694.66015625
2021-01-05,12663.1298828125,12809.669921875,12663.1298828125,12802.3798828125
2021-01-06,12601.259765625,12803.2900390625,12569.419921875,12623.349609375
2021-01-07,12745.41015625,12966.6796875,12744.8203125,12939.5703125
2021-01-08,13037.240234375,13113.08984375,12939.73046875,13105.2001953125
2021-01-11,12961.5,13023.2099609375,12883.58984375,12902.490234375
2021-01-12,12916.099609375,12957.4296875,12783.7099609375,12892.08984375
2021-01-13,12911.8701171875,13008.849609375,12878.01953125,12973.6298828125
2021-01-14,13010.9404296875,13037.0498046875,12886.16015625,12898.6904296875
2021-01-15,12898.08984375,12941.2900390625,12758.099609375,12803.9296875
2021-01-19,12921.6103515625,13012.08984375,12861.2998046875,12996.5400390625
2021-01-20,13155.1201171875,13332.259765625,13138.2998046875,13296.4501953125
2021-01-21,13356.7001953125,13433.6904296875,13297.7900390625,13404.990234375
2021-01-22,13356.1796875,13404.76953125,13336.900390625,13366.400390625
2021-01-25,13515.6298828125,13563.7001953125,13205.58984375,13483.2900390625
2021-01-26,13507.4697265625,13536.2998046875,13440.3203125,13490.1904296875
2021-01-27,13371.16015625,13393.509765625,13034.1396484375,13112.650390625
2021-01-28,13163.3203125,13401.849609375,13150.099609375,13201.5302734375
2021-01-29,13124.7001953125,13167.8701171875,12845.4296875,12925.3798828125
2021-02-01,13067.650390625,13280.2197265625,12983.099609375,13248.900390625
2021-02-02,13371.3701171875,13501.23046875,13363.759765625,13456.1201171875
2021-02-03,13555.0302734375,13561.4501953125,13400.080078125,13402.3701171875
2021-02-04,13454.849609375,13563.1298828125,13406.4404296875,13560.8896484375
2021-02-05,13592.76953125,13642.9599609375,13527.8095703125,13603.9599609375
2021-02-08,13672.330078125,13698.41015625,13607.9599609375,13695.01953125
2021-02-09,13667.1396484375,13741.7900390625,13664.7001953125,13687.080078125
2021-02-10,13751.419921875,13770.91015625,13531.9296875,13655.26953125
2021-02-11,13723.6298828125,13747.2001953125,13637.1904296875,13734.349609375
2021-02-12,13695.900390625,13816.25,13656.7802734375,13807.7001953125
2021-02-16,13841.0302734375,13879.76953125,13726.7802734375,13773.76953125
2021-02-17,13636.150390625,13713.1396484375,13552.66015625,13699.7099609375
2021-02-18,13556.009765625,13669.9404296875,13477.169921875,13637.509765625
2021-02-19,13686.23046875,13701.6904296875,13545.4501953125,13580.7802734375
2021-02-22,13414.0400390625,13447.3701171875,13220.76953125,13223.740234375
2021-02-23,12982.3603515625,13259.849609375,12758.1201171875,13194.7099609375
2021-02-24,13095.8603515625,13312.4296875,12971.8203125,13302.1904296875
2021-02-25,13197.75,13294.5595703125,12773.759765625,12828.3095703125
2021-02-26,12958.9599609375,13090.3603515625,12764.33984375,12909.4404296875
2021-03-01,13106.01953125,13293.7802734375,13051.7001953125,13282.9501953125
2021-03-02,13297.759765625,13301.6201171875,13052.1201171875,13059.9501953125
2021-03-03,13020.099609375,13057.2900390625,12679.8896484375,12683.330078125
2021-03-04,12655.919921875,12799.080078125,12314.16015625,12464.0
2021-03-05,12594.16015625,12700.9599609375,12208.3896484375,12668.509765625
2021-03-08,12629.5595703125,12718.580078125,12287.5703125,12299.080078125
2021-03-09,12635.4501953125,12868.51953125,12592.830078125,12794.490234375
2021-03-10,12950.25,12979.3798828125,12726.849609375,12752.0703125
2021-03-11,12960.5302734375,13117.8603515625,12920.009765625,13052.900390625
2021-03-12,12873.3896484375,12943.580078125,12778.1298828125,12937.2900390625
2021-03-15,12936.1298828125,13085.009765625,12885.6396484375,13082.5400390625
2021-03-16,13156.650390625,13297.48046875,13091.7802734375,13152.2802734375
2021-03-17,13024.830078125,13280.2900390625,12950.080078125,13202.3798828125
2021-03-18,13006.2900390625,13040.3603515625,12781.5302734375,12789.1396484375
2021-03-19,12792.669921875,12906.01953125,12704.0703125,12866.990234375
2021-03-22,12943.1396484375,13167.4599609375,12943.1396484375,13086.509765625
2021-03-23,13127.169921875,13180.66015625,12993.5,13017.7900390625
2021-03-24,13072.8203125,13077.490234375,12797.849609375,12798.8798828125
2021-03-25,12707.580078125,12845.66015625,12627.9296875,12780.509765625
2021-03-26,12777.26953125,12992.2998046875,12721.66015625,12979.1201171875
2021-03-29,12950.509765625,13013.4697265625,12836.599609375,12965.740234375
2021-03-30,12904.009765625,12929.4599609375,12798.0302734375,12896.5302734375
2021-03-31,12970.330078125,13167.0595703125,12966.650390625,13091.4404296875
2021-04-01,13268.8798828125,13333.41015625,13255.8203125,13329.51953125
2021-04-05,13434.0400390625,13623.599609375,13420.8095703125,13598.16015625
2021-04-06,13567.2001953125,13660.2900390625,13551.599609375,13578.4599609375
2021-04-07,13553.900390625,13648.7998046875,13532.6298828125,13616.7001953125
2021-04-08,13730.73046875,13763.1796875,13703.509765625,13758.509765625
2021-04-09,13709.669921875,13849.3095703125,13674.919921875,13845.0595703125
2021-04-12,13792.740234375,13839.3896484375,13747.6298828125,13819.349609375
2021-04-13,13874.580078125,14002.5302734375,13874.580078125,13986.490234375
2021-04-14,13988.8603515625,13990.5400390625,13782.1796875,13803.91015625
2021-04-15,13934.8701171875,14040.1103515625,13931.009765625,14026.1904296875
2021-04-16,14035.9599609375,14050.3798828125,13966.5400390625,14041.91015625
2021-04-19,13970.830078125,14025.6396484375,13835.75,13907.669921875
2021-04-20,13891.9599609375,13934.8896484375,13730.58984375,13809.2998046875
2021-04-21,13768.919921875,13939.7001953125,13717.4404296875,13935.150390625
2021-04-22,13920.8798828125,13954.0302734375,13716.759765625,13762.3603515625
2021-04-23,13794.490234375,13989.4296875,13789.4501953125,13941.4404296875
2021-04-26,13954.9404296875,14039.400390625,13919.9296875,14026.16015625
2021-04-27,14048.1298828125,14048.33984375,13931.1796875,13960.2802734375
2021-04-28,13953.6103515625,13992.080078125,13895.150390625,13901.6201171875
2021-04-29,14063.9404296875,14073.48046875,13836.099609375,13970.2001953125
2021-04-30,13857.7900390625,13969.2099609375,13838.8203125,13860.759765625
2021-05-03,13923.0400390625,13955.0,13784.66015625,13799.7197265625
2021-05-04,13680.6298828125,13705.3798828125,13396.1103515625,13544.669921875
2021-05-05,13649.1201171875,13676.8603515625,13478.580078125,13503.3701171875
2021-05-06,13490.9404296875,13617.33984375,13403.4599609375,13613.73046875
2021-05-07,13715.5595703125,13814.650390625,13669.7802734375,13719.6298828125
2021-05-10,13647.73046875,13648.490234375,13358.6201171875,13359.080078125
2021-05-11,13102.6396484375,13381.66015625,13094.759765625,13351.26953125
2021-05-12,13155.0703125,13236.8896484375,12967.1796875,13001.6298828125
2021-05-13,13133.73046875,13226.6396484375,13006.76953125,13109.150390625
2021-05-14,13238.990234375,13430.0,13220.1904296875,13393.1201171875
2021-05-17,13329.8603515625,13350.1396484375,13196.5703125,13312.91015625
2021-05-18,13352.259765625,13400.51953125,13212.849609375,13217.6796875
2021-05-19,12998.5302734375,13243.98046875,12994.349609375,13237.91015625
2021-05-20,13294.58984375,13526.009765625,13293.099609375,13494.08984375
2021-05-21,13573.2197265625,13573.83984375,13401.5302734375,13411.740234375
2021-05-24,13504.3896484375,13687.6103515625,13500.1201171875,13641.75
2021-05-25,13701.2998046875,13734.41015625,13614.5400390625,13657.73046875
2021-05-26,13687.7099609375,13726.0595703125,13661.0595703125,13702.740234375
2021-05-27,13686.8603515625,13724.759765625,13652.1298828125,13657.849609375
2021-05-28,13717.0,13765.7998046875,13684.830078125,13686.509765625
2021-06-01,13764.26953125,13773.4501953125,13602.1201171875,13654.58984375
2021-06-02,13655.7099609375,13712.6796875,13610.16015625,13675.7900390625
2021-06-03,13568.91015625,13608.5400390625,13469.849609375,13529.6796875
2021-06-04,13619.7900390625,13784.76953125,13613.580078125,13770.76953125
2021-06-07,13744.150390625,13808.419921875,13710.1103515625,13802.8896484375
2021-06-08,13873.4599609375,13913.400390625,13746.419921875,13810.8603515625
2021-06-09,13865.509765625,13900.7099609375,13811.0498046875,13814.9404296875
2021-06-10,13834.259765625,13962.98046875,13817.830078125,13960.349609375
2021-06-11,13959.4697265625,13998.650390625,13934.0,13998.2998046875
2021-06-14,14002.1396484375,14129.330078125,13963.9404296875,14128.2001953125
2021-06-15,14120.8095703125,14126.259765625,14008.9296875,14030.41015625
2021-06-16,14053.1201171875,14100.1103515625,13843.599609375,13983.009765625
2021-06-17,13946.7001953125,14205.4296875,13946.51953125,14163.8095703125
2021-06-18,14125.1201171875,14140.6201171875,14024.599609375,14049.580078125
2021-06-21,14055.0400390625,14150.91015625,13967.8896484375,14137.23046875
2021-06-22,14140.2998046875,14288.490234375,14128.009765625,14270.419921875
2021-06-23,14275.08984375,14324.740234375,14247.580078125,14274.240234375
2021-06-24,14358.2998046875,14429.1396484375,14337.650390625,14365.9599609375
2021-06-25,14396.6298828125,14401.7099609375,14324.259765625,14345.1796875
2021-06-28,14401.6298828125,14530.0703125,14400.58984375,14524.98046875
2021-06-29,14523.6298828125,14575.1904296875,14481.849609375,14572.75
2021-06-30,14560.0703125,14582.2998046875,14530.8701171875,14554.7998046875
2021-07-01,14530.6298828125,14576.6396484375,14483.419921875,14560.0498046875
2021-07-02,14633.509765625,14738.1396484375,14626.8203125,14727.6298828125
2021-07-06,14755.150390625,14797.4501953125,14635.3095703125,14786.3603515625
2021-07-07,14889.759765625,14891.1904296875,14735.75,14810.5400390625
2021-07-08,14577.669921875,14763.669921875,14551.759765625,14722.1396484375
2021-07-09,14709.3203125,14838.7197265625,14685.5400390625,14826.08984375
2021-07-12,14878.7099609375,14899.4599609375,14813.7900390625,14877.8896484375
2021-07-13,14871.0400390625,15002.2802734375,14843.7998046875,14874.5400390625
2021-07-14,14984.8603515625,15001.1298828125,14871.73046875,14900.4404296875
2021-07-15,14903.490234375,14907.509765625,14717.5498046875,14794.6904296875
2021-07-16,14842.080078125,14875.9697265625,14667.099609375,14681.3798828125
2021-07-19,14517.9599609375,14578.9599609375,14455.0703125,14549.08984375
2021-07-20,14601.33984375,14790.599609375,14530.7802734375,14728.2099609375
2021-07-21,14723.669921875,14843.169921875,14710.1103515625,14842.6298828125
2021-07-22,14865.4697265625,14941.3798828125,14865.4697265625,14940.169921875
2021-07-23,15004.4296875,15125.83984375,14948.0400390625,15111.7900390625
2021-07-26,15088.2802734375,15142.349609375,15048.23046875,15125.9501953125
2021-07-27,15103.009765625,15107.740234375,14787.7998046875,14956.9697265625
2021-07-28,15005.169921875,15078.849609375,14913.5498046875,15018.099609375
2021-07-29,15015.2998046875,15091.9599609375,15004.419921875,15048.3603515625
2021-07-30,14882.3896484375,14990.8603515625,14882.3896484375,14959.900390625
2021-08-02,15046.099609375,15059.8896484375,14945.1298828125,14963.6201171875
2021-08-03,14997.2001953125,15063.66015625,14864.5302734375,15061.419921875
2021-08-04,15059.16015625,15117.3798828125,15017.1396484375,15083.3896484375
2021-08-05,15105.400390625,15184.26953125,15083.83984375,15181.6396484375
2021-08-06,15125.740234375,15162.33984375,15063.01953125,15109.3603515625
2021-08-09,15136.1396484375,15154.6796875,15081.75,15133.1103515625
2021-08-10,15157.3701171875,15169.4501953125,15010.16015625,15053.580078125
2021-08-11,15101.8203125,15127.7802734375,14972.599609375,15027.759765625
2021-08-12,15012.599609375,15097.91015625,14956.25,15088.98046875
2021-08-13,15101.83984375,15150.48046875,15079.2998046875,15136.6796875
2021-08-16,15090.0498046875,15142.0302734375,14931.150390625,15140.76953125
2021-08-17,15018.9404296875,15062.7001953125,14906.2197265625,15002.830078125
2021-08-18,14975.01953125,15039.900390625,14846.509765625,14857.919921875
2021-08-19,14773.1904296875,15000.1904296875,14773.1904296875,14933.9404296875
2021-08-20,14974.0595703125,15103.9404296875,14968.8701171875,15092.5703125
2021-08-23,15140.1396484375,15341.4697265625,15140.1396484375,15312.8203125
2021-08-24,15338.919921875,15384.419921875,15319.5498046875,15357.6796875
2021-08-25,15384.830078125,15404.3603515625,15341.919921875,15368.919921875
2021-08-26,15348.98046875,15369.2802734375,15265.23046875,15278.51953125
2021-08-27,15305.75,15447.0302734375,15292.740234375,15432.9501953125
2021-08-30,15460.9296875,15620.6201171875,15459.740234375,15605.08984375
2021-08-31,15601.33984375,15604.4501953125,15522.7802734375,15582.509765625
2021-09-01,15637.1298828125,15696.419921875,15603.669921875,15611.5703125
2021-09-02,15656.2802734375,15681.759765625,15554.2900390625,15604.25
2021-09-03,15578.9599609375,15668.1201171875,15554.9697265625,15652.8603515625
2021-09-07,15662.2998046875,15701.400390625,15610.23046875,15675.759765625
2021-09-08,15669.009765625,15669.009765625,15528.4501953125,15620.849609375
2021-09-09,15639.4404296875,15675.4599609375,15556.740234375,15561.0498046875
2021-09-10,15648.0498046875,15673.5,15433.4296875,15440.75
2021-09-13,15545.66015625,15562.2802734375,15351.7001953125,15434.5
2021-09-14,15505.7802734375,15525.9697265625,15352.0595703125,15382.900390625
2021-09-15,15419.9501953125,15518.9501953125,15316.400390625,15503.5302734375
2021-09-16,15452.669921875,15539.1396484375,15370.8798828125,15515.91015625
2021-09-17,15481.4296875,15485.2099609375,15291.0400390625,15333.4697265625
2021-09-20,15068.650390625,15157.259765625,14821.0302734375,15012.1904296875
2021-09-21,15096.9697265625,15139.900390625,14986.98046875,15027.76953125
2021-09-22,15073.9599609375,15230.33984375,15029.900390625,15176.509765625
2021-09-23,15231.2001953125,15356.919921875,15199.4296875,15316.580078125
2021-09-24,15222.9697265625,15345.5400390625,15209.16015625,15329.6796875
2021-09-27,15205.23046875,15240.580078125,15106.4501953125,15204.8203125
2021-09-28,15001.98046875,15040.5703125,14758.98046875,14770.2998046875
2021-09-29,14835.509765625,14914.919921875,14727.41015625,14752.8896484375
2021-09-30,14830.2998046875,14888.2197265625,14684.5498046875,14689.6201171875
2021-10-01,14731.3798828125,14830.83984375,14555.1201171875,14791.8701171875
2021-10-04,14713.599609375,14727.599609375,14384.9296875,14472.1201171875
2021-10-05,14533.4296875,14763.6396484375,14520.23046875,14674.150390625
2021-10-06,14529.8896484375,14775.6396484375,14499.48046875,14766.75
2021-10-07,14899.0703125,15010.3203125,14878.2197265625,14897.1298828125
2021-10-08,14942.3603515625,14948.349609375,14805.5,14820.75
2021-10-11,14765.6904296875,14907.5703125,14709.0498046875,14713.73046875
2021-10-12,14772.2900390625,14784.7802734375,14636.330078125,14662.1103515625
2021-10-13,14751.7998046875,14800.830078125,14676.580078125,14774.599609375
2021-10-14,14925.580078125,15059.8896484375,14901.58984375,15052.419921875
2021-10-15,15106.9697265625,15150.1396484375,15064.58984375,15146.919921875
2021-10-18,15091.580078125,15307.509765625,15074.7099609375,15300.8896484375
2021-10-19,15349.4501953125,15414.9697265625,15320.6201171875,15410.7197265625
2021-10-20,15448.0,15457.1103515625,15333.4296875,15388.7099609375
2021-10-21,15365.8095703125,15497.580078125,15350.5,15489.58984375
2021-10-22,15422.0703125,15474.2802734375,15291.9501953125,15355.0703125
2021-10-25,15417.25,15555.650390625,15338.490234375,15514.1904296875
2021-10-26,15615.3603515625,15710.7900390625,15518.58984375,15559.490234375
2021-10-27,15603.16015625,15729.75,15578.6796875,15598.3896484375
2021-10-28,15674.3896484375,15784.0,15650.009765625,15778.16015625
2021-10-29,15638.740234375,15856.900390625,15638.740234375,15850.4697265625
2021-11-01,15879.6103515625,15910.349609375,15785.3095703125,15905.2802734375
2021-11-02,15885.33984375,15988.330078125,15877.26953125,15972.490234375
2021-11-03,16000.599609375,16157.599609375,15950.58984375,16144.5
2021-11-04,16193.2197265625,16387.94921875,16169.5595703125,16346.240234375
2021-11-05,16397.58984375,16454.48046875,16302.0595703125,16359.3798828125
2021-11-08,16351.490234375,16401.9296875,16314.0,16336.0302734375
2021-11-09,16389.990234375,16401.890625,16168.6298828125,16219.9404296875
2021-11-10,16087.01953125,16224.509765625,15905.2802734375,15985.5703125
2021-11-11,16114.0498046875,16116.25,16019.3896484375,16032.4697265625
2021-11-12,16078.1298828125,16218.5498046875,16012.7802734375,16199.8896484375
2021-11-15,16227.009765625,16256.73046875,16096.3701171875,16189.1201171875
2021-11-16,16170.2900390625,16329.5,16156.6904296875,16309.76953125
2021-11-17,16329.0703125,16398.94921875,16276.76953125,16308.0703125
2021-11-18,16398.759765625,16501.919921875,16309.509765625,16482.970703125
2021-11-19,16558.560546875,16625.859375,16523.830078125,16573.33984375
2021-11-22,16644.76953125,16764.859375,16374.7802734375,16380.98046875
2021-11-23,16330.1796875,16417.5,16121.7001953125,16306.7197265625
2021-11-24,16202.259765625,16370.5595703125,16106.01953125,16367.8095703125
2021-11-26,16237.41015625,16302.580078125,15988.9501953125,16025.580078125
2021-11-29,16263.4296875,16437.16015625,16214.5595703125,16399.240234375
2021-11-30,16333.9501953125,16454.560546875,16073.759765625,16135.919921875
2021-12-01,16347.9599609375,16427.189453125,15864.0,15877.7197265625
2021-12-02,15791.2998046875,16066.3203125,15770.919921875,15990.759765625
2021-12-03,16039.41015625,16089.6103515625,15543.3095703125,15712.0400390625
2021-12-06,15744.91015625,15898.58984375,15557.7802734375,15846.16015625
2021-12-07,16139.5595703125,16343.669921875,16128.4404296875,16325.66015625
2021-12-08,16313.8798828125,16401.099609375,16250.3896484375,16394.33984375
2021-12-09,16337.8095703125,16413.279296875,16141.3896484375,16149.5703125
2021-12-10,16278.2998046875,16339.1201171875,16139.0,16331.98046875
2021-12-13,16317.900390625,16332.6298828125,16075.5400390625,16082.5498046875
2021-12-14,15877.650390625,15995.2099609375,15742.7998046875,15914.900390625
2021-12-15,15908.4501953125,16301.26953125,15746.9404296875,16289.58984375
2021-12-16,16335.0302734375,16340.5302734375,15802.6298828125,15863.9404296875
2021-12-17,15714.5400390625,15960.25,15664.099609375,15801.4599609375
2021-12-20,15566.830078125,15662.6103515625,15508.740234375,15627.6396484375
2021-12-21,15794.3798828125,15997.6103515625,15617.48046875,15986.2802734375
2021-12-22,15963.5400390625,16186.25,15947.5595703125,16180.1396484375
2021-12-23,16203.759765625,16360.75,16188.0302734375,16308.2099609375
2021-12-27,16361.0703125,16567.640625,16361.0703125,16567.5
2021-12-28,16602.919921875,16607.189453125,16458.490234375,16488.66015625
2021-12-29,16510.630859375,16548.919921875,16396.16015625,16491.009765625
2021-12-30,16485.400390625,16569.619140625,16415.119140625,16429.099609375
2021-12-31,16411.259765625,16464.619140625,16317.259765625,16320.080078125
2022-01-03,16395.509765625,16504.140625,16306.6396484375,16501.76953125
2022-01-04,16513.869140625,16513.869140625,16151.900390625,16279.73046875
2022-01-05,16190.5498046875,16249.23046875,15763.83984375,15771.7802734375
2022-01-06,15675.2197265625,15900.599609375,15608.5703125,15765.3603515625
2022-01-07,15774.1298828125,15835.0,15526.7998046875,15592.1904296875
2022-01-10,15383.1796875,15627.919921875,15165.5302734375,15614.4296875
2022-01-11,15582.7197265625,15848.5595703125,15496.91015625,15844.1201171875
2022-01-12,15955.48046875,16017.3896484375,15815.9501953125,15905.099609375
2022-01-13,15970.08984375,15990.3798828125,15468.08984375,15495.6201171875
2022-01-14,15396.4697265625,15617.1796875,15396.4697265625,15611.58984375
2022-01-18,15378.0595703125,15446.2998046875,15182.9599609375,15210.759765625
2022-01-19,15287.25,15382.0,15038.4404296875,15047.83984375
2022-01-20,15176.3798828125,15347.6201171875,14832.6904296875,14846.4599609375
2022-01-21,14728.66015625,14868.4501953125,14432.6396484375,14438.400390625
2022-01-24,14160.91015625,14532.5703125,13724.849609375,14509.580078125
2022-01-25,14237.599609375,14410.4296875,14033.8095703125,14149.1201171875
2022-01-26,14492.51953125,14646.5400390625,14006.400390625,14172.759765625
2022-01-27,14346.4599609375,14419.4501953125,13972.8798828125,14003.1103515625
2022-01-28,14091.3095703125,14457.7802734375,13880.48046875,14454.6103515625
2022-01-31,14505.0703125,14934.51953125,14442.8798828125,14930.0498046875
2022-02-01,14966.599609375,15034.419921875,14749.490234375,15019.6796875
2022-02-02,15173.0302734375,15196.400390625,14960.849609375,15139.740234375
2022-02-03,14693.849609375,14856.509765625,14471.2001953125,14501.1103515625
2022-02-04,14566.2802734375,14832.0498046875,14452.2802734375,14694.349609375
2022-02-07,14716.4296875,14813.8603515625,14524.6298828125,14571.25
2022-02-08,14533.25,14785.2197265625,14485.7802734375,14747.0302734375
2022-02-09,14930.990234375,15057.900390625,14870.3603515625,15056.9599609375
2022-02-10,14770.6796875,15037.259765625,14636.6201171875,14705.6396484375
2022-02-11,14739.4599609375,14769.6396484375,14194.5400390625,14253.83984375
2022-02-14,14233.400390625,14400.7802734375,14119.73046875,14268.58984375
2022-02-15,14482.1103515625,14624.5302734375,14444.4599609375,14620.8203125
2022-02-16,14514.83984375,14647.7900390625,14399.2900390625,14603.6396484375
2022-02-17,14485.080078125,14497.4599609375,14155.4296875,14171.740234375
2022-02-18,14207.5498046875,14225.7197265625,13918.759765625,14009.5400390625
2022-02-22,13892.8095703125,14109.259765625,13720.919921875,13870.5302734375
2022-02-23,14016.9404296875,14035.9296875,13502.580078125,13509.4296875
2022-02-24,13065.4404296875,13989.099609375,13065.4404296875,13974.669921875
2022-02-25,13973.900390625,14193.0,13850.2900390625,14189.16015625
2022-02-28,14058.6103515625,14296.599609375,14009.3603515625,14237.8095703125
2022-03-01,14197.66015625,14271.580078125,13906.919921875,14005.990234375
2022-03-02,14075.1103515625,14292.7197265625,13962.6904296875,14243.6904296875
2022-03-03,14339.7001953125,14342.5595703125,13965.1103515625,14035.2099609375
2022-03-04,13957.599609375,13992.9697265625,13738.6103515625,13837.830078125
2022-03-07,13853.5302734375,13879.099609375,13314.4404296875,13319.3798828125
2022-03-08,13275.23046875,13663.26953125,13129.400390625,13267.6103515625
2022-03-09,13610.48046875,13793.1103515625,13504.48046875,13742.2001953125
2022-03-10,13577.83984375,13633.6904296875,13399.4599609375,13591.0
2022-03-11,13701.7998046875,13714.4404296875,13285.1904296875,13301.830078125
2022-03-14,13248.08984375,13386.669921875,13020.400390625,13046.6396484375
2022-03-15,13174.9697265625,13488.1796875,13092.4501953125,13458.5595703125
2022-03-16,13633.1201171875,13960.25,13475.08984375,13956.7900390625
2022-03-17,13878.990234375,14125.669921875,13827.33984375,14118.599609375
2022-03-18,14061.2900390625,14427.4697265625,14014.4296875,14420.080078125
2022-03-21,14377.150390625,14470.6796875,14190.5302734375,14376.08984375
2022-03-22,14396.0302734375,14688.9697265625,14385.5498046875,14654.330078125
2022-03-23,14525.2197265625,14681.330078125,14446.0400390625,14447.5498046875
2022-03-24,14529.7197265625,14767.73046875,14440.669921875,14765.6904296875
2022-03-25,14766.900390625,14805.8798828125,14577.58984375,14754.3095703125
2022-03-28,14763.16015625,14989.080078125,14705.919921875,14987.400390625
2022-03-29,15142.9296875,15265.419921875,15039.6103515625,15239.3203125
2022-03-30,15177.150390625,15229.009765625,15010.33984375,15071.5498046875
2022-03-31,15074.23046875,15088.3798828125,14835.16015625,14838.490234375
2022-04-01,14886.91015625,14925.9296875,14723.830078125,14861.2099609375
2022-04-04,14903.3798828125,15161.8896484375,14884.5703125,15159.580078125
2022-04-05,15109.26953125,15120.669921875,14782.5703125,14820.6396484375
2022-04-06,14600.2998046875,14639.349609375,14395.400390625,14498.8896484375
2022-04-07,14469.5,14624.240234375,14315.6904296875,14531.8095703125
2022-04-08,14450.5302734375,14490.1904296875,14307.6796875,14327.259765625
2022-04-11,14149.599609375,14187.669921875,13979.1396484375,13990.2099609375
2022-04-12,14175.66015625,14264.740234375,13882.75,13940.240234375
2022-04-13,13939.6103515625,14258.8095703125,13919.48046875,14217.2900390625
2022-04-14,14225.4697265625,14235.3896484375,13884.8203125,13893.2099609375
2022-04-18,13859.4697265625,13997.9296875,13788.9599609375,13910.759765625
2022-04-19,13882.75,14236.509765625,13844.740234375,14210.259765625
2022-04-20,14246.2001953125,14263.6103515625,13962.8603515625,13998.5302734375
2022-04-21,14174.919921875,14277.2099609375,13682.6796875,13720.4501953125
2022-04-22,13714.6298828125,13769.400390625,13342.7900390625,13356.8701171875
2022-04-25,13275.41015625,13541.76953125,13239.73046875,13533.2197265625
2022-04-26,13447.66015625,13447.66015625,13009.650390625,13009.7099609375
2022-04-27,13009.400390625,13241.9404296875,12936.41015625,13003.3603515625
2022-04-28,13254.9599609375,13542.5595703125,13038.169921875,13456.0595703125
2022-04-29,13274.9404296875,13428.5302734375,12835.48046875,12854.7998046875
2022-05-02,12864.830078125,13083.5703125,12716.6298828125,13075.849609375
2022-05-03,13045.349609375,13178.740234375,12982.7001953125,13089.900390625
2022-05-04,13110.2998046875,13556.669921875,12887.5302734375,13535.7099609375
2022-05-05,13344.7900390625,13344.7900390625,12710.58984375,12850.5498046875
2022-05-06,12776.8603515625,12926.580078125,12522.76953125,12693.5302734375
2022-05-09,12465.91015625,12542.3203125,12136.1904296875,12187.7197265625
2022-05-10,12496.83984375,12537.8896484375,12173.4697265625,12345.8603515625
2022-05-11,12240.2099609375,12470.8896484375,11939.08984375,11967.5595703125
2022-05-12,11790.1298828125,12128.73046875,11692.1201171875,11945.5
2022-05-13,12125.9296875,12429.2802734375,12069.1298828125,12387.400390625
2022-05-16,12297.0703125,12395.509765625,12196.2099609375,12243.580078125
2022-05-17,12496.6298828125,12572.990234375,12333.990234375,12564.099609375
2022-05-18,12352.919921875,12389.9599609375,11887.0,11928.3095703125
2022-05-19,11872.5595703125,12066.849609375,11795.7900390625,11875.6298828125
2022-05-20,12037.0302734375,12044.7001953125,11492.2900390625,11835.6201171875
2022-05-23,11867.080078125,12047.8095703125,11785.759765625,12034.2802734375
2022-05-24,11807.7802734375,11842.8095703125,11576.1103515625,11769.83984375
2022-05-25,11732.4501953125,12028.8896484375,11714.26953125,11943.9296875
2022-05-26,11906.830078125,12337.73046875,11901.8701171875,12276.7900390625
2022-05-27,12421.7998046875,12682.580078125,12405.2900390625,12681.419921875
2022-05-31,12688.9501953125,12762.83984375,12482.3203125,12642.099609375
2022-06-01,12750.3095703125,12820.4697265625,12457.91015625,12548.3603515625
2022-06-02,12498.6298828125,12897.6298828125,12447.76953125,12892.8896484375
2022-06-03,12650.3798828125,12724.8095703125,12505.759765625,12548.0302734375
2022-06-06,12745.8896484375,12804.4599609375,12534.580078125,12599.6298828125
2022-06-07,12456.490234375,12737.2998046875,12413.5595703125,12711.6796875
2022-06-08,12682.8095703125,12776.650390625,12578.5498046875,12615.1298828125
2022-06-09,12543.3701171875,12666.41015625,12265.8603515625,12269.7802734375
2022-06-10,12052.58984375,12082.6904296875,11825.349609375,11832.8203125
2022-06-13,11472.1904296875,11568.650390625,11254.1904296875,11288.3203125
2022-06-14,11385.1796875,11418.2197265625,11205.919921875,11311.6904296875
2022-06-15,11468.1298828125,11751.2900390625,11346.5400390625,11593.76953125
2022-06-16,11286.8701171875,11311.0498046875,11037.2099609375,11127.5703125
2022-06-17,11172.650390625,11357.9697265625,11089.9296875,11265.990234375
2022-06-21,11446.98046875,11638.4697265625,11446.98046875,11546.759765625
2022-06-22,11427.740234375,11708.080078125,11423.2001953125,11527.7099609375
2022-06-23,11622.08984375,11729.6201171875,11515.48046875,11697.6796875
2022-06-24,11826.9501953125,12112.8203125,11812.1796875,12105.849609375
2022-06-27,12157.9296875,12175.98046875,11965.669921875,12008.240234375
2022-06-28,12021.33984375,12133.8701171875,11633.1298828125,11637.76953125
2022-06-29,11619.009765625,11710.2099609375,11537.7197265625,11658.259765625
2022-06-30,11532.3203125,11650.9599609375,11322.8603515625,11503.7197265625
2022-07-01,11472.6298828125,11592.849609375,11378.6298828125,11585.6796875
2022-07-05,11419.33984375,11781.740234375,11366.0703125,11779.900390625
2022-07-06,11807.080078125,11941.3095703125,11727.3603515625,11852.58984375
2022-07-07,11913.73046875,12137.7099609375,11897.509765625,12109.0498046875
2022-07-08,11977.9501953125,12179.3203125,11956.0302734375,12125.6904296875
2022-07-11,12008.759765625,12026.0595703125,11830.8896484375,11860.2802734375
2022-07-12,11926.83984375,11990.4404296875,11684.01953125,11744.990234375
2022-07-13,11523.91015625,11819.6904296875,11498.9599609375,11728.5302734375
2022-07-14,11637.1796875,11801.1103515625,11488.26953125,11768.400390625
2022-07-15,11896.150390625,11987.51953125,11828.1298828125,11983.6201171875
2022-07-18,12089.6796875,12156.08984375,11836.51953125,11877.5
2022-07-19,12046.6904296875,12258.3701171875,11967.919921875,12249.419921875
2022-07-20,12269.0703125,12488.3896484375,12232.2001953125,12439.6796875
2022-07-21,12466.1298828125,12620.5,12351.419921875,12619.41015625
2022-07-22,12575.759765625,12662.8603515625,12322.8203125,12396.4697265625
2022-07-25,12391.2099609375,12415.58984375,12244.400390625,12328.41015625
2022-07-26,12248.2099609375,12259.009765625,12051.2099609375,12086.900390625
2022-07-27,12299.33984375,12660.76953125,12256.9404296875,12601.4697265625
2022-07-28,12580.6103515625,12741.830078125,12433.5498046875,12717.8701171875
2022-07-29,12784.2001953125,12986.6396484375,12726.25,12947.9697265625
2022-08-01,12877.0400390625,13084.6103515625,12833.16015625,12940.7802734375
2022-08-02,12853.0400390625,13073.26953125,12809.009765625,12901.599609375
2022-08-03,12983.580078125,13289.1904296875,12974.849609375,13253.259765625
2022-08-04,13253.76953125,13326.7197265625,13170.4404296875,13311.0400390625
2022-08-05,13107.4501953125,13286.01953125,13070.3603515625,13207.6904296875
2022-08-08,13227.08984375,13394.5400390625,13103.7998046875,13159.16015625
2022-08-09,13064.240234375,13095.7001953125,12945.599609375,13008.169921875
2022-08-10,13330.66015625,13386.849609375,13220.0498046875,13378.3203125
2022-08-11,13471.0302734375,13555.3798828125,13271.349609375,13291.990234375
2022-08-12,13384.650390625,13565.8701171875,13341.650390625,13565.8701171875
2022-08-15,13529.66015625,13685.650390625,13524.5302734375,13667.1796875
2022-08-16,13617.66015625,13720.91015625,13508.4697265625,13635.2099609375
2022-08-17,13499.240234375,13591.580078125,13389.8203125,13470.8603515625
2022-08-18,13474.240234375,13553.2802734375,13405.740234375,13505.990234375
2022-08-19,13370.25,13402.6103515625,13210.8203125,13242.900390625
2022-08-22,13056.3896484375,13073.0703125,12859.8203125,12890.5400390625
2022-08-23,12885.2802734375,13000.7099609375,12852.7001953125,12881.7900390625
2022-08-24,12876.23046875,12995.1396484375,12843.580078125,12917.8603515625
2022-08-25,12984.740234375,13146.83984375,12951.6103515625,13143.580078125
2022-08-26,13129.91015625,13175.25,12603.41015625,12605.169921875
2022-08-29,12488.4599609375,12594.33984375,12440.400390625,12484.3203125
2022-08-30,12562.400390625,12572.8798828125,12240.8203125,12342.7001953125
2022-08-31,12448.0703125,12502.150390625,12268.080078125,12272.0302734375
2022-09-01,12158.8798828125,12290.330078125,12012.98046875,12274.6201171875
2022-09-02,12392.4599609375,12451.2802734375,12035.5302734375,12098.4404296875
2022-09-06,12106.5703125,12152.419921875,11928.8095703125,12011.3095703125
2022-09-07,12038.1796875,12298.1201171875,12026.98046875,12259.3896484375
2022-09-08,12139.5703125,12374.1298828125,12120.259765625,12321.1904296875
2022-09-09,12424.150390625,12610.4296875,12424.150390625,12588.2900390625
2022-09-12,12649.23046875,12752.830078125,12639.759765625,12739.7197265625
2022-09-13,12364.830078125,12420.009765625,12004.419921875,12033.6201171875
2022-09-14,12092.0302734375,12170.25,12016.4296875,12134.400390625
2022-09-15,12034.4296875,12153.33984375,11867.8798828125,11927.490234375
2022-09-16,11775.9404296875,11875.08984375,11710.259765625,11861.3798828125
2022-09-19,11753.599609375,11956.7900390625,11752.4296875,11953.26953125
2022-09-20,11855.83984375,11951.1298828125,11761.6904296875,11851.5400390625
2022-09-21,11892.7197265625,12062.51953125,11636.25,11637.7900390625
2022-09-22,11574.3203125,11617.990234375,11448.8603515625,11501.650390625
2022-09-23,11398.75,11402.41015625,11169.66015625,11311.240234375
2022-09-26,11283.1396484375,11473.3603515625,11235.740234375,11254.1103515625
2022-09-27,11411.33984375,11502.3798828125,11175.2900390625,11271.75
2022-09-28,11258.740234375,11546.8701171875,11210.8095703125,11493.830078125
2022-09-29,11334.5703125,11339.91015625,11038.9404296875,11164.7802734375
2022-09-30,11123.1103515625,11296.16015625,10966.9501953125,10971.2197265625
2022-10-03,11059.169921875,11296.4296875,10985.009765625,11229.73046875
2022-10-04,11477.849609375,11609.25,11462.3701171875,11582.5400390625
2022-10-05,11429.4697265625,11647.6201171875,11312.51953125,11573.1796875
2022-10-06,11556.400390625,11660.5498046875,11472.830078125,11485.5
2022-10-07,11272.4599609375,11293.650390625,10991.66015625,11039.4697265625
2022-10-10,11048.509765625,11063.2099609375,10824.25,10926.9697265625
2022-10-11,10865.3203125,10981.91015625,10716.330078125,10791.349609375
2022-10-12,10810.2998046875,10886.490234375,10754.849609375,10785.6201171875
2022-10-13,10481.580078125,11087.66015625,10440.6396484375,11033.580078125
2022-10-14,11130.080078125,11152.8896484375,10677.48046875,10692.0595703125
2022-10-17,10967.25,11090.8701171875,10959.740234375,11062.5302734375
2022-10-18,11368.759765625,11374.3798828125,11035.7998046875,11147.740234375
2022-10-19,11081.8203125,11231.4599609375,11008.1103515625,11103.3798828125
2022-10-20,11081.2197265625,11279.8095703125,11001.2802734375,11046.7099609375
2022-10-21,10998.169921875,11327.76953125,10962.009765625,11310.330078125
2022-10-24,11321.1103515625,11468.1796875,11166.490234375,11430.259765625
2022-10-25,11482.8701171875,11681.849609375,11480.41015625,11669.990234375
2022-10-26,11409.7900390625,11657.0595703125,11388.33984375,11405.900390625
2022-10-27,11387.7099609375,11417.0400390625,11179.900390625,11191.6298828125
2022-10-28,11176.990234375,11563.16015625,11176.990234375,11546.2099609375
2022-10-31,11465.2099609375,11482.990234375,11331.259765625,11405.5703125
2022-11-01,11571.5302734375,11574.3896484375,11278.2802734375,11288.9501953125
2022-11-02,11300.26953125,11410.91015625,10903.48046875,10906.33984375
2022-11-03,10769.4296875,10852.1796875,10680.830078125,10690.599609375
2022-11-04,10911.98046875,10934.6201171875,10632.3896484375,10857.0302734375
2022-11-07,10900.830078125,11001.16015625,10817.58984375,10977.0
2022-11-08,11039.580078125,11191.900390625,10897.5302734375,11059.5
2022-11-09,10971.4296875,11012.66015625,10790.349609375,10797.5498046875
2022-11-10,11350.419921875,11612.2001953125,11235.740234375,11605.9599609375
2022-11-11,11604.3603515625,11840.0703125,11535.5595703125,11817.009765625
2022-11-14,11728.1103515625,11863.8203125,11669.099609375,11700.9404296875
2022-11-15,12006.4501953125,12024.9501953125,11735.400390625,11871.150390625
2022-11-16,11767.419921875,11796.990234375,11673.1396484375,11699.08984375
2022-11-17,11521.6396484375,11737.6103515625,11519.3798828125,11676.8603515625
2022-11-18,11791.849609375,11794.6796875,11579.6396484375,11677.01953125
2022-11-21,11623.349609375,11664.9404296875,11524.4404296875,11553.4501953125
2022-11-22,11590.830078125,11731.759765625,11503.33984375,11724.83984375
2022-11-23,11725.080078125,11866.419921875,11722.009765625,11838.7197265625
2022-11-25,11777.330078125,11803.91015625,11748.7900390625,11756.0302734375
2022-11-28,11684.0703125,11764.830078125,11555.259765625,11587.75
2022-11-29,11590.2998046875,11613.330078125,11450.33984375,11503.4501953125
2022-11-30,11505.740234375,12031.33984375,11481.8896484375,12030.0595703125
2022-12-01,12030.240234375,12115.33984375,11928.66015625,12041.8896484375
2022-12-02,11845.5302734375,12027.6201171875,11825.5302734375,11994.259765625
2022-12-05,11899.5400390625,11957.3603515625,11732.150390625,11786.7998046875
2022-12-06,11775.2001953125,11790.9296875,11488.599609375,11549.6904296875
2022-12-07,11490.990234375,11577.6904296875,11431.9599609375,11497.3896484375
2022-12-08,11543.6796875,11672.1396484375,11470.6796875,11637.5
2022-12-09,11594.3798828125,11707.08984375,11550.3095703125,11563.330078125
2022-12-12,11572.259765625,11707.7099609375,11529.41015625,11706.4404296875
2022-12-13,12141.240234375,12166.41015625,11724.900390625,11834.2099609375
2022-12-14,11824.5400390625,11941.2802734375,11617.41015625,11740.919921875
2022-12-15,11573.3798828125,11591.330078125,11300.349609375,11345.2197265625
2022-12-16,11313.6396484375,11383.3896484375,11175.5400390625,11243.7197265625
2022-12-19,11243.0,11251.5703125,11029.76953125,11084.58984375
2022-12-20,11023.4697265625,11143.6201171875,10967.0703125,11072.419921875
2022-12-21,11110.650390625,11285.7802734375,11083.3603515625,11235.8798828125
2022-12-22,11099.3603515625,11114.23046875,10784.01953125,10956.1396484375
2022-12-23,10911.0400390625,11007.08984375,10830.900390625,10985.4501953125
2022-12-27,10944.2998046875,10957.4404296875,10807.6103515625,10822.509765625
2022-12-28,10807.1201171875,10898.6396484375,10671.1904296875,10679.33984375
2022-12-29,10800.7998046875,10981.0595703125,10776.6201171875,10951.0498046875
2022-12-30,10835.58984375,10942.900390625,10778.6396484375,10939.759765625
2023-01-03,11038.419921875,11093.099609375,10770.9296875,10862.6396484375
2023-01-04,10949.33984375,10981.4599609375,10785.5302734375,10914.7998046875
2023-01-05,10837.25,10842.330078125,10728.259765625,10741.2197265625
2023-01-06,10807.4599609375,11082.58984375,10696.419921875,11040.349609375
2023-01-09,11133.0703125,11304.83984375,11085.3203125,11108.4501953125
2023-01-10,11069.0498046875,11207.5595703125,11050.6796875,11205.7802734375
2023-01-11,11259.16015625,11403.8896484375,11220.75,11402.51953125
2023-01-12,11441.4501953125,11500.8603515625,11246.01953125,11459.6103515625
2023-01-13,11362.1298828125,11547.9599609375,11347.599609375,11541.48046875
2023-01-17,11531.5400390625,11615.9501953125,11484.01953125,11557.1904296875
2023-01-18,11636.6103515625,11690.26953125,11403.3095703125,11410.2900390625
2023-01-19,11345.1904296875,11388.4599609375,11251.9404296875,11295.669921875
2023-01-20,11363.849609375,11623.2001953125,11329.5400390625,11619.0302734375
2023-01-23,11652.0,11918.8603515625,11617.830078125,11872.5400390625
2023-01-24,11802.9501953125,11889.3701171875,11780.0703125,11846.6396484375
2023-01-25,11636.009765625,11841.8095703125,11550.0703125,11814.6904296875
2023-01-26,11972.5703125,12055.8095703125,11853.3701171875,12051.48046875
2023-01-27,12000.2099609375,12248.150390625,11999.8701171875,12166.599609375
2023-01-30,12047.16015625,12087.6796875,11906.1103515625,11912.3896484375
2023-01-31,11915.9404296875,12104.1298828125,11915.9404296875,12101.9296875
2023-02-01,12087.919921875,12458.8701171875,12010.73046875,12363.099609375
2023-02-02,12655.1796875,12880.98046875,12600.759765625,12803.1396484375
2023-02-03,12520.9501953125,12828.7099609375,12520.9501953125,12573.3603515625
2023-02-06,12468.7998046875,12558.8701171875,12411.8798828125,12464.509765625
2023-02-07,12474.9501953125,12771.58984375,12419.7099609375,12728.26953125
2023-02-08,12680.0302734375,12709.4501953125,12471.1201171875,12495.3798828125
2023-02-09,12677.5400390625,12679.5400390625,12327.4404296875,12381.169921875
2023-02-10,12306.58984375,12375.7197265625,12204.2099609375,12304.919921875
2023-02-13,12356.5,12522.7802734375,12313.4501953125,12502.3095703125
2023-02-14,12413.099609375,12627.400390625,12356.3203125,12590.8896484375
2023-02-15,12531.599609375,12689.33984375,12486.419921875,12687.8896484375
2023-02-16,12495.0703125,12653.400390625,12440.0,12442.48046875
2023-02-17,12352.2998046875,12385.51953125,12233.7900390625,12358.1796875
2023-02-21,12205.2099609375,12257.0595703125,12058.23046875,12060.2998046875
2023-02-22,12085.669921875,12156.2099609375,12006.0400390625,12066.26953125
2023-02-23,12224.4404296875,12227.400390625,12003.3095703125,12180.1396484375
2023-02-24,11979.7998046875,12018.3203125,11900.83984375,11969.650390625
2023-02-27,12106.7900390625,12159.6396484375,12034.6103515625,12057.7900390625
2023-02-28,12041.75,12146.51953125,12021.3203125,12042.1201171875
2023-03-01,12026.7197265625,12054.48046875,11906.580078125,11938.5703125
2023-03-02,11830.08984375,12074.58984375,11830.08984375,12044.8701171875
2023-03-03,12110.7099609375,12300.4599609375,12095.240234375,12290.8095703125
2023-03-06,12344.650390625,12466.8798828125,12297.5703125,12302.48046875
2023-03-07,12303.1904296875,12344.0400390625,12130.009765625,12152.169921875
2023-03-08,12181.0595703125,12237.7197265625,12102.2802734375,12215.330078125
2023-03-09,12230.83984375,12340.4501953125,11970.33984375,11995.8798828125
2023-03-10,12001.7001953125,12069.6201171875,11789.8603515625,11830.2802734375
2023-03-13,11752.099609375,12073.9599609375,11695.41015625,11923.169921875
2023-03-14,12078.4599609375,12217.8701171875,12035.2197265625,12199.7900390625
2023-03-15,12083.240234375,12269.4501953125,12026.1796875,12251.3203125
2023-03-16,12211.8701171875,12595.6904296875,12190.650390625,12581.3896484375
2023-03-17,12570.16015625,12674.33984375,12444.080078125,12519.8798828125
2023-03-20,12487.7900390625,12578.349609375,12407.8203125,12562.6103515625
2023-03-21,12643.349609375,12762.4501953125,12582.759765625,12741.4404296875
2023-03-22,12742.41015625,12943.6201171875,12563.7802734375,12567.150390625
2023-03-23,12735.599609375,12900.099609375,12611.669921875,12729.23046875
2023-03-24,12700.509765625,12770.2802734375,12608.150390625,12767.0498046875
2023-03-27,12797.900390625,12839.419921875,12647.9404296875,12673.0703125
2023-03-28,12654.91015625,12654.91015625,12517.8701171875,12610.5703125
2023-03-29,12768.1396484375,12867.3203125,12734.6796875,12846.0302734375
2023-03-30,12934.990234375,12987.9697265625,12894.1396484375,12963.1396484375
2023-03-31,12968.9599609375,13188.830078125,12968.0,13181.349609375
2023-04-03,13084.099609375,13157.4697265625,13036.5498046875,13148.349609375
2023-04-04,13165.3203125,13204.080078125,13049.98046875,13100.080078125
2023-04-05,13056.7900390625,13065.2802734375,12894.4404296875,12967.2001953125
2023-04-06,12892.900390625,13078.099609375,12846.0302734375,13062.599609375
2023-04-10,12936.51953125,13051.849609375,12861.51953125,13051.23046875
2023-04-11,13040.490234375,13049.5595703125,12947.66015625,12964.150390625
2023-04-12,13043.9697265625,13071.98046875,12833.3095703125,12848.349609375
2023-04-13,12922.900390625,13124.41015625,12920.01953125,13109.3896484375
2023-04-14,13044.6904296875,13152.2802734375,12962.509765625,13079.51953125
2023-04-17,13053.259765625,13105.6796875,12981.259765625,13087.7099609375
2023-04-18,13180.3095703125,13196.1796875,13044.2099609375,13091.7900390625
2023-04-19,12992.509765625,13128.25,12988.2001953125,13088.7099609375
2023-04-20,12962.2900390625,13107.919921875,12933.7998046875,12985.98046875
2023-04-21,12970.3203125,13030.849609375,12899.6396484375,13000.76953125
2023-04-24,12981.7099609375,13044.2197265625,12883.76953125,12969.759765625
2023-04-25,12905.08984375,12933.2802734375,12724.240234375,12725.1103515625
2023-04-26,12866.6396484375,12929.6201171875,12783.419921875,12806.48046875
2023-04-27,12963.2099609375,13175.6201171875,12938.5,13160.0302734375
2023-04-28,13139.349609375,13247.3896484375,13096.9404296875,13245.990234375
2023-05-01,13229.1103515625,13287.4697265625,13186.400390625,13231.4697265625
2023-05-02,13225.48046875,13241.5302734375,13046.7900390625,13113.66015625
2023-05-03,13123.099609375,13231.7099609375,13026.0400390625,13030.2099609375
2023-05-04,13014.0703125,13064.01953125,12938.4501953125,12982.48046875
2023-05-05,13070.7001953125,13291.1103515625,13059.91015625,13259.1298828125
2023-05-08,13247.08984375,13302.4296875,13193.080078125,13291.6396484375
2023-05-09,13228.6396484375,13254.8095703125,13193.8798828125,13201.1103515625
2023-05-10,13308.41015625,13384.419921875,13204.7900390625,13347.830078125
2023-05-11,13376.849609375,13411.7001953125,13306.080078125,13389.7802734375
2023-05-12,13407.01953125,13427.419921875,13256.5595703125,13340.1796875
2023-05-15,13352.259765625,13419.8095703125,13297.849609375,13413.509765625
2023-05-16,13385.3701171875,13498.4404296875,13384.76953125,13426.009765625
2023-05-17,13474.51953125,13608.330078125,13419.349609375,13589.259765625
2023-05-18,13608.9501953125,13844.759765625,13606.8095703125,13834.6201171875
2023-05-19,13842.6904296875,13874.419921875,13763.900390625,13803.490234375
2023-05-22,13805.330078125,13893.7099609375,13792.9697265625,13849.740234375
2023-05-23,13773.6796875,13827.099609375,13662.91015625,13672.5400390625
2023-05-24,13589.01953125,13655.73046875,13520.919921875,13604.48046875
2023-05-25,13920.8896484375,13986.8701171875,13812.1796875,13938.5302734375
2023-05-26,13990.5498046875,14329.490234375,13982.16015625,14298.41015625
2023-05-30,14465.58984375,14520.169921875,14301.080078125,14354.990234375
2023-05-31,14293.5595703125,14375.3798828125,14216.16015625,14254.08984375
2023-06-01,14269.08984375,14493.3095703125,14219.9404296875,14441.509765625
2023-06-02,14517.080078125,14595.8095703125,14442.150390625,14546.6396484375
2023-06-05,14550.1298828125,14662.9501953125,14516.8798828125,14556.5
2023-06-06,14526.099609375,14593.5,14476.990234375,14558.08984375
2023-06-07,14573.26953125,14647.91015625,14283.8798828125,14303.2900390625
2023-06-08,14319.240234375,14503.3095703125,14314.6904296875,14484.5400390625
2023-06-09,14574.240234375,14672.849609375,14487.48046875,14528.3603515625
2023-06-12,14617.349609375,14789.599609375,14571.3603515625,14784.2998046875
2023-06-13,14911.259765625,14931.830078125,14770.1396484375,14900.849609375
2023-06-14,14894.099609375,15017.099609375,14784.6201171875,15005.6904296875
2023-06-15,14949.7001953125,15246.6201171875,14930.1201171875,15185.48046875
2023-06-16,15272.650390625,15284.650390625,15073.4501953125,15083.919921875
2023-06-20,15036.48046875,15127.419921875,14946.7197265625,15070.150390625
2023-06-21,15019.009765625,15038.900390625,14826.01953125,14867.4501953125
2023-06-22,14797.8896484375,15044.2197265625,14794.9501953125,15042.3203125
2023-06-23,14879.23046875,14983.73046875,14821.8095703125,14891.48046875
2023-06-26,14866.66015625,14982.8203125,14687.01953125,14689.01953125
2023-06-27,14751.5703125,14972.3095703125,14726.75,14945.91015625
2023-06-28,14876.25,15051.080078125,14865.8095703125,14964.5703125
2023-06-29,14965.5498046875,14986.8896484375,14876.9404296875,14939.9501953125
2023-06-30,15085.240234375,15213.75,15081.5703125,15179.2099609375
2023-07-03,15190.5400390625,15232.9599609375,15153.599609375,15208.6904296875
2023-07-05,15165.3603515625,15275.1796875,15162.66015625,15203.7802734375
2023-07-06,15054.099609375,15106.4501953125,14969.1396484375,15089.4501953125
2023-07-07,15070.5,15210.6298828125,15032.5595703125,15036.849609375
2023-07-10,15031.9501953125,15066.4404296875,14924.6396484375,15045.6396484375
2023-07-11,15068.1298828125,15135.2900390625,14974.16015625,15119.0595703125
2023-07-12,15279.349609375,15364.08984375,15209.7099609375,15307.23046875
2023-07-13,15432.48046875,15602.740234375,15420.7099609375,15571.98046875
2023-07-14,15610.0,15720.0595703125,15531.0,15565.599609375
2023-07-17,15608.2802734375,15745.669921875,15576.509765625,15713.2802734375
2023-07-18,15671.7197265625,15895.6796875,15607.7099609375,15841.349609375
2023-07-19,15888.16015625,15932.0498046875,15781.9599609375,15826.349609375
2023-07-20,15717.669921875,15771.83984375,15429.8701171875,15466.08984375
2023-07-21,15554.9501953125,15600.5400390625,15410.5703125,15425.669921875
2023-07-24,15475.150390625,15504.669921875,15374.66015625,15448.01953125
2023-07-25,15483.0595703125,15622.6904296875,15482.0400390625,15561.419921875
2023-07-26,15514.0400390625,15571.16015625,15411.91015625,15499.259765625
2023-07-27,15734.0302734375,15795.509765625,15416.0498046875,15464.9296875
2023-07-28,15630.169921875,15788.48046875,15617.75,15750.9296875
2023-07-31,15774.2998046875,15803.5498046875,15702.740234375,15757.0
2023-08-01,15696.98046875,15748.4296875,15636.5703125,15718.009765625
2023-08-02,15561.150390625,15561.3603515625,15321.4404296875,15370.740234375
2023-08-03,15287.76953125,15436.58984375,15270.7197265625,15353.5400390625
2023-08-04,15420.740234375,15523.3095703125,15258.6904296875,15274.919921875
2023-08-07,15355.6201171875,15410.849609375,15258.919921875,15407.849609375
2023-08-08,15279.41015625,15295.7998046875,15148.25,15273.0498046875
2023-08-09,15286.990234375,15288.759765625,15077.91015625,15101.7099609375
2023-08-10,15217.2900390625,15366.2900390625,15072.490234375,15128.83984375
2023-08-11,15010.51953125,15102.5302734375,14973.669921875,15028.0703125
2023-08-14,14988.419921875,15206.259765625,14972.009765625,15205.58984375
2023-08-15,15172.080078125,15192.8798828125,15014.3603515625,15037.650390625
2023-08-16,15021.6298828125,15077.0498046875,14874.01953125,14876.4697265625
2023-08-17,14943.33984375,14949.580078125,14698.2900390625,14715.8095703125
2023-08-18,14589.7099609375,14744.5703125,14557.830078125,14694.83984375
2023-08-21,14762.009765625,14958.8701171875,14739.3701171875,14936.6904296875
2023-08-22,15035.0703125,15037.7900390625,14883.98046875,14908.9599609375
2023-08-23,14947.580078125,15188.8603515625,14947.580078125,15148.0595703125
2023-08-24,15278.9296875,15279.240234375,14814.830078125,14816.4404296875
2023-08-25,14858.9296875,15001.2900390625,14715.3603515625,14941.830078125
2023-08-28,15035.48046875,15086.23046875,14948.919921875,15052.4599609375
2023-08-29,15043.01953125,15391.5595703125,15034.5400390625,15376.5498046875
2023-08-30,15386.669921875,15484.830078125,15341.9404296875,15462.4296875
2023-08-31,15475.4296875,15575.009765625,15466.41015625,15501.0703125
2023-09-01,15600.9501953125,15618.849609375,15429.3603515625,15490.8603515625
2023-09-05,15460.51953125,15556.849609375,15419.9599609375,15508.240234375
2023-09-06,15467.3203125,15487.0,15289.48046875,15371.4404296875
2023-09-07,15174.2197265625,15288.2001953125,15138.73046875,15258.51953125
2023-09-08,15265.5703125,15374.2197265625,15244.0595703125,15280.23046875
2023-09-11,15409.76953125,15482.83984375,15328.349609375,15461.8701171875
2023-09-12,15390.58984375,15447.849609375,15278.8798828125,15289.740234375
2023-09-13,15293.26953125,15414.6103515625,15256.599609375,15348.5302734375
2023-09-14,15433.009765625,15512.8203125,15337.1796875,15473.8896484375
2023-09-15,15425.9501953125,15435.4501953125,15173.7099609375,15202.400390625
2023-09-18,15161.169921875,15268.9599609375,15155.4599609375,15225.3701171875
2023-09-19,15152.5302734375,15219.919921875,15069.41015625,15191.23046875
2023-09-20,15225.33984375,15245.1904296875,14967.599609375,14969.919921875
2023-09-21,14813.490234375,14849.25,14691.6904296875,14694.240234375
2023-09-22,14756.6201171875,14855.919921875,14686.83984375,14701.099609375
2023-09-25,14662.6904296875,14771.1201171875,14615.4501953125,14768.900390625
2023-09-26,14668.4501953125,14678.48046875,14505.6796875,14545.830078125
2023-09-27,14600.1396484375,14657.2099609375,14432.599609375,14580.16015625
2023-09-28,14530.9599609375,14787.580078125,14510.169921875,14702.76953125
2023-09-29,14853.349609375,14901.849609375,14664.7802734375,14715.240234375
2023-10-02,14717.900390625,14892.1796875,14701.51953125,14837.5703125
2023-10-03,14744.0498046875,14819.8701171875,14504.1396484375,14565.6201171875
2023-10-04,14613.23046875,14803.0400390625,14592.5595703125,14776.25
2023-10-05,14769.5498046875,14784.6904296875,14584.3896484375,14723.2197265625
2023-10-06,14622.23046875,15021.3798828125,14575.9501953125,14973.240234375
2023-10-09,14871.5703125,15070.6396484375,14816.3203125,15047.150390625
2023-10-10,15074.0400390625,15241.9404296875,15050.5400390625,15131.51953125
2023-10-11,15194.5302734375,15248.2197265625,15119.6201171875,15241.1201171875
2023-10-12,15264.1103515625,15333.98046875,15090.6904296875,15184.099609375
2023-10-13,15225.73046875,15232.3701171875,14943.419921875,14995.1201171875
2023-10-16,15054.48046875,15209.5,15047.26953125,15172.73046875
2023-10-17,15009.259765625,15187.0595703125,14932.76953125,15122.009765625
2023-10-18,15022.2802734375,15103.8701171875,14865.8095703125,14909.259765625
2023-10-19,14981.1298828125,15023.91015625,14749.2998046875,14783.1298828125
2023-10-20,14752.58984375,14781.2197265625,14552.1201171875,14560.8798828125
2023-10-23,14514.1103515625,14746.3701171875,14419.0595703125,14604.849609375
2023-10-24,14678.41015625,14774.16015625,14610.330078125,14745.8603515625
2023-10-25,14642.080078125,14643.6904296875,14362.240234375,14381.6396484375
2023-10-26,14314.009765625,14372.509765625,14058.330078125,14109.5703125
2023-10-27,14245.75,14321.0400390625,14130.3701171875,14180.419921875
2023-10-30,14283.98046875,14388.2001953125,14225.8603515625,14335.509765625
2023-10-31,14340.8603515625,14420.4404296875,14232.400390625,14409.7802734375
2023-11-01,14453.6796875,14677.8603515625,14441.8896484375,14664.91015625
2023-11-02,14856.9501953125,14930.759765625,14792.8095703125,14919.5498046875
2023-11-03,14985.1201171875,15149.7802734375,14965.2900390625,15099.490234375
2023-11-06,15137.16015625,15180.1904296875,15064.91015625,15154.9296875
2023-11-07,15201.76953125,15335.4404296875,15153.3095703125,15296.01953125
2023-11-08,15313.900390625,15343.1904296875,15220.8798828125,15313.240234375
2023-11-09,15351.1201171875,15382.1103515625,15171.3203125,15187.900390625
2023-11-10,15252.3603515625,15535.2001953125,15237.169921875,15529.1201171875
2023-11-13,15469.2099609375,15524.66015625,15404.7099609375,15482.7900390625
2023-11-14,15744.3603515625,15850.33984375,15726.1201171875,15812.4697265625
2023-11-15,15881.7197265625,15904.6298828125,15765.3095703125,15817.1796875
2023-11-16,15765.2001953125,15842.6298828125,15738.2197265625,15833.169921875
2023-11-17,15803.98046875,15876.8701171875,15766.9404296875,15837.990234375
2023-11-20,15845.2001953125,16056.759765625,15844.830078125,16027.0595703125
2023-11-21,15951.5498046875,15968.08984375,15866.8203125,15933.6201171875
2023-11-22,16025.740234375,16119.3095703125,15964.0400390625,16001.3896484375
2023-11-24,15974.849609375,16007.4296875,15940.6201171875,15982.009765625
2023-11-27,15969.7197265625,16045.2998046875,15932.1904296875,15961.98046875
2023-11-28,15940.2900390625,16031.51953125,15921.0703125,16010.4296875
2023-11-29,16111.3603515625,16166.509765625,15976.6904296875,15987.599609375
2023-11-30,15987.66015625,16013.48046875,15825.669921875,15947.8701171875
2023-12-01,15892.58984375,16013.75,15834.9296875,15997.580078125
2023-12-04,15837.1201171875,15852.4501953125,15695.580078125,15839.669921875
2023-12-05,15763.650390625,15931.83984375,15760.58984375,15877.7099609375
2023-12-06,15990.2001953125,15990.9404296875,15776.9501953125,15788.0498046875
2023-12-07,15888.23046875,16042.509765625,15875.48046875,16022.490234375
2023-12-08,15952.849609375,16100.8603515625,15937.580078125,16084.6904296875
2023-12-11,16069.6201171875,16232.259765625,16061.8701171875,16221.73046875
2023-12-12,16209.6103515625,16354.25,16175.4599609375,16354.25
2023-12-13,16392.1796875,16581.0390625,16357.2099609375,16562.369140625
2023-12-14,16603.5390625,16660.7109375,16419.259765625,16537.830078125
2023-12-15,16587.0,16669.76953125,16557.009765625,16623.44921875
2023-12-18,16631.109375,16764.3203125,16629.2890625,16729.80078125
2023-12-19,16734.25,16813.009765625,16733.380859375,16811.849609375
2023-12-20,16763.640625,16860.6796875,16552.060546875,16554.16015625
2023-12-21,16719.609375,16768.01953125,16621.51953125,16757.41015625
2023-12-22,16799.01953125,16839.25,16703.5703125,16777.400390625
2023-12-26,16816.779296875,16907.509765625,16813.5703125,16878.4609375
2023-12-27,16896.140625,16922.009765625,16859.55078125,16906.80078125
2023-12-28,16963.51953125,16969.169921875,16891.3203125,16898.470703125
2023-12-29,16902.439453125,16919.509765625,16757.890625,16825.9296875
2024-01-02,16667.30078125,16686.599609375,16453.150390625,16543.939453125
2024-01-03,16413.259765625,16471.080078125,16352.1396484375,16368.490234375
2024-01-04,16290.7802734375,16419.439453125,16276.4296875,16282.009765625
2024-01-05,16281.740234375,16415.390625,16249.1904296875,16305.98046875
2024-01-08,16354.2197265625,16655.23046875,16349.3896484375,16649.869140625
2024-01-09,16531.9609375,16710.880859375,16513.73046875,16678.69921875
2024-01-10,16702.55078125,16827.369140625,16654.740234375,16793.05078125
2024-01-11,16852.189453125,16898.16015625,16618.859375,16820.900390625
2024-01-12,16855.0,16900.369140625,16776.919921875,16832.919921875
2024-01-16,16775.099609375,16895.330078125,16726.58984375,16830.7109375
2024-01-17,16705.509765625,16749.109375,16561.490234375,16736.279296875
2024-01-18,16894.330078125,16996.98046875,16818.130859375,16982.2890625
2024-01-19,17060.140625,17317.2109375,17041.849609375,17314.0
2024-01-22,17403.619140625,17450.30078125,17309.869140625,17330.380859375
2024-01-23,17346.94921875,17410.859375,17286.01953125,17404.2109375
2024-01-24,17562.3203125,17665.259765625,17481.970703125,17499.30078125
2024-01-25,17589.26953125,17631.33984375,17430.369140625,17516.990234375
2024-01-26,17432.869140625,17514.759765625,17395.5390625,17421.009765625
2024-01-29,17438.029296875,17603.94921875,17414.619140625,17596.26953125
2024-01-30,17556.490234375,17578.4609375,17443.76953125,17476.7109375
2024-01-31,17269.98046875,17375.3203125,17128.740234375,17137.240234375
2024-02-01,17216.990234375,17356.759765625,17175.830078125,17344.7109375
2024-02-02,17415.939453125,17682.2890625,17378.369140625,17642.73046875
2024-02-05,17634.689453125,17655.76953125,17469.619140625,17613.0390625
2024-02-06,17664.439453125,17680.619140625,17475.4296875,17572.73046875
2024-02-07,17674.58984375,17784.169921875,17637.73046875,17755.0703125
2024-02-08,17757.599609375,17814.119140625,17728.55078125,17783.169921875
2024-02-09,17820.98046875,17987.900390625,17798.810546875,17962.41015625
2024-02-12,17942.279296875,18041.44921875,17859.66015625,17882.66015625
2024-02-13,17519.80078125,17717.669921875,17478.23046875,17600.419921875
2024-02-14,17728.900390625,17815.1796875,17619.919921875,17807.630859375
2024-02-15,17815.3203125,17864.58984375,17722.310546875,17845.720703125
2024-02-16,17853.58984375,17864.16015625,17663.400390625,17685.98046875
2024-02-20,17591.169921875,17657.080078125,17399.41015625,17546.099609375
2024-02-21,17412.7890625,17482.130859375,17319.439453125,17478.91015625
2024-02-22,17857.759765625,18034.80078125,17808.259765625,18004.69921875
2024-02-23,18052.58984375,18091.619140625,17902.779296875,17937.609375
2024-02-26,17970.2109375,18014.109375,17926.66015625,17933.330078125
2024-02-27,17962.580078125,17987.5390625,17871.060546875,17971.05078125
2024-02-28,17895.029296875,17931.009765625,17840.359375,17874.5
2024-02-29,17991.669921875,18068.51953125,17866.259765625,18043.849609375
2024-03-01,18069.2890625,18333.259765625,18064.439453125,18302.91015625
2024-03-04,18290.099609375,18313.4296875,18218.25,18226.48046875
2024-03-05,18088.7109375,18097.5,17804.5,17897.869140625
2024-03-06,18083.509765625,18142.880859375,17941.640625,18017.5703125
2024-03-07,18161.73046875,18337.94921875,18101.4296875,18297.990234375
2024-03-08,18312.7890625,18416.73046875,17995.380859375,18018.44921875
2024-03-11,17959.6796875,18003.05078125,17873.330078125,17951.689453125
2024-03-12,18063.01953125,18228.369140625,17919.330078125,18219.109375
2024-03-13,18151.759765625,18163.740234375,18030.400390625,18068.470703125
2024-03-14,18114.689453125,18142.900390625,17913.630859375,18014.810546875
2024-03-15,17926.919921875,17930.470703125,17764.990234375,17808.25
2024-03-18,18024.240234375,18124.3203125,17973.08984375,17985.009765625
2024-03-19,17902.51953125,18039.8203125,17809.150390625,18032.19921875
2024-03-20,18067.69921875,18249.119140625,18003.240234375,18240.109375
2024-03-21,18438.240234375,18464.69921875,18317.099609375,18320.380859375
2024-03-22,18293.150390625,18386.25,18267.490234375,18339.439453125
2024-03-25,18215.5390625,18337.349609375,18189.279296875,18277.060546875
2024-03-26,18329.2890625,18378.69921875,18207.880859375,18210.5390625
2024-03-27,18338.189453125,18344.08984375,18168.19921875,18280.83984375
2024-03-28,18263.41015625,18308.3203125,18231.380859375,18254.689453125
2024-04-01,18280.8203125,18391.580078125,18211.279296875,18293.19921875
2024-04-02,18076.4296875,18135.5703125,18002.26953125,18121.779296875
2024-04-03,18054.439453125,18238.669921875,18045.419921875,18160.189453125
2024-04-04,18331.01953125,18362.2890625,17875.75,17878.779296875
2024-04-05,17940.279296875,18202.9609375,17912.859375,18108.4609375
2024-04-08,18130.439453125,18178.66015625,18050.689453125,18100.189453125
2024-04-09,18188.869140625,18210.01953125,17973.0703125,18169.900390625
2024-04-10,17957.9609375,18040.830078125,17932.419921875,18011.66015625
2024-04-11,18085.109375,18337.150390625,17998.25,18307.98046875
2024-04-12,18117.669921875,18166.490234375,17952.08984375,18003.490234375
2024-04-15,18143.25,18152.080078125,17676.349609375,17706.830078125
2024-04-16,17691.44921875,17817.73046875,17660.890625,17713.66015625
2024-04-17,17785.8203125,17788.5390625,17459.5703125,17493.619140625
2024-04-18,17514.76953125,17590.810546875,17376.490234375,17394.310546875
2024-04-19,17334.7109375,17362.279296875,16973.939453125,17037.650390625
2024-04-22,17161.109375,17305.150390625,17010.25,17210.890625
2024-04-23,17297.240234375,17513.310546875,17277.25,17471.470703125
2024-04-24,17613.66015625,17653.66015625,17435.330078125,17526.80078125
2024-04-25,17205.279296875,17474.4609375,17172.419921875,17430.5
2024-04-26,17566.220703125,17772.779296875,17533.080078125,17718.30078125
2024-04-29,17801.140625,17820.0,17671.029296875,17782.720703125
2024-04-30,17720.349609375,17768.869140625,17440.689453125,17440.689453125
2024-05-01,17382.779296875,17667.859375,17284.369140625,17318.55078125
2024-05-02,17474.919921875,17575.80078125,17290.640625,17541.5390625
2024-05-03,17848.66015625,17926.98046875,17784.779296875,17890.80078125
2024-05-06,17950.98046875,18094.4609375,17937.279296875,18093.5703125
2024-05-07,18106.330078125,18156.3203125,18061.609375,18091.44921875
2024-05-08,17987.69921875,18135.33984375,17987.69921875,18085.009765625
2024-05-09,18095.80078125,18138.01953125,18012.619140625,18113.4609375
2024-05-10,18171.150390625,18247.609375,18099.73046875,18161.1796875
2024-05-13,18228.400390625,18233.5,18147.5703125,18198.609375
2024-05-14,18187.509765625,18339.580078125,18175.30078125,18322.76953125
2024-05-15,18412.810546875,18607.529296875,18359.3203125,18596.650390625
2024-05-16,18589.98046875,18669.5,18553.30078125,18557.9609375
2024-05-17,18571.8203125,18590.369140625,18462.25,18546.23046875
2024-05-20,18559.220703125,18703.830078125,18549.83984375,18674.189453125
2024-05-21,18603.990234375,18721.1796875,18589.91015625,18713.80078125
2024-05-22,18733.5390625,18756.689453125,18606.16015625,18705.19921875
2024-05-23,18907.140625,18907.5390625,18554.890625,18623.390625
2024-05-24,18669.359375,18851.990234375,18664.7890625,18808.349609375
2024-05-28,18855.150390625,18875.19921875,18755.939453125,18869.439453125
2024-05-29,18708.0703125,18814.8203125,18706.619140625,18736.75
2024-05-30,18683.25,18705.259765625,18487.759765625,18538.66015625
2024-05-31,18550.80078125,18574.560546875,18189.779296875,18536.650390625
2024-06-03,18666.720703125,18707.220703125,18392.5703125,18600.970703125
2024-06-04,18598.0,18697.94921875,18521.849609375,18654.83984375
2024-06-05,18791.279296875,19035.869140625,18768.25,19035.05078125
2024-06-06,19053.009765625,19071.7890625,18978.859375,19021.189453125
2024-06-07,18992.580078125,19113.880859375,18958.6796875,19000.94921875
2024-06-10,18945.310546875,19089.830078125,18940.7109375,19074.669921875
2024-06-11,19031.400390625,19212.630859375,18966.560546875,19210.1796875
2024-06-12,19358.259765625,19556.900390625,19347.279296875,19465.1796875
2024-06-13,19609.05078125,19639.44921875,19473.7109375,19576.919921875
2024-06-14,19557.220703125,19664.58984375,19534.619140625,19659.80078125
2024-06-17,19681.859375,19977.83984375,19623.7109375,19902.75
2024-06-18,19904.4296875,19940.5,19837.859375,19908.859375
2024-06-20,19962.970703125,19979.9296875,19685.029296875,19752.30078125
2024-06-21,19722.369140625,19801.970703125,19643.51953125,19700.4296875
2024-06-24,19648.23046875,19723.19921875,19472.529296875,19474.619140625
2024-06-25,19555.83984375,19712.419921875,19523.509765625,19701.130859375
2024-06-26,19671.0703125,19763.55078125,19654.1796875,19751.05078125
2024-06-27,19740.51953125,19850.810546875,19701.33984375,19789.029296875
2024-06-28,19817.0,20017.7109375,19665.849609375,19682.869140625
2024-07-01,19720.109375,19827.75,19577.5390625,19812.220703125
2024-07-02,19746.220703125,20014.919921875,19741.810546875,20011.890625
2024-07-03,19995.279296875,20186.630859375,19995.279296875,20186.630859375
2024-07-05,20224.130859375,20407.0,20201.5,20391.970703125
2024-07-08,20393.890625,20455.380859375,20363.369140625,20439.5390625
2024-07-09,20504.169921875,20543.900390625,20395.5703125,20453.01953125
2024-07-10,20533.26953125,20690.970703125,20479.939453125,20675.380859375
2024-07-11,20661.41015625,20672.099609375,20165.0,20211.359375
2024-07-12,20226.23046875,20526.080078125,20217.990234375,20331.490234375
2024-07-15,20401.01953125,20585.169921875,20304.529296875,20386.880859375
2024-07-16,20441.529296875,20477.0,20266.509765625,20398.619140625
2024-07-17,20041.310546875,20080.26953125,19793.75,19799.140625
2024-07-18,19936.240234375,19947.98046875,19575.7890625,19705.08984375
2024-07-19,19687.80078125,19784.48046875,19479.380859375,19522.619140625
2024-07-22,19751.01953125,19861.720703125,19638.369140625,19822.869140625
2024-07-23,19783.330078125,19904.599609375,19736.220703125,19754.33984375
2024-07-24,19475.66015625,19482.55078125,19005.470703125,19032.390625
2024-07-25,19041.150390625,19227.19921875,18721.7109375,18830.580078125
2024-07-26,18990.19921875,19142.6796875,18899.310546875,19023.66015625
2024-07-29,19122.4296875,19224.58984375,18974.509765625,19059.490234375
2024-07-30,19129.560546875,19165.419921875,18667.220703125,18796.26953125
2024-07-31,19222.849609375,19426.619140625,19162.91015625,19362.4296875
2024-08-01,19375.970703125,19538.970703125,18737.08984375,18890.390625
2024-08-02,18494.240234375,18628.779296875,18263.5,18440.849609375
2024-08-05,17444.400390625,18169.490234375,17435.390625,17895.16015625
2024-08-06,17961.44921875,18368.6796875,17858.8203125,18077.919921875
2024-08-07,18345.44921875,18445.75,17851.080078125,17867.369140625
2024-08-08,18102.05078125,18445.41015625,17965.0703125,18413.8203125
2024-08-09,18373.890625,18567.630859375,18313.779296875,18513.099609375
2024-08-12,18548.23046875,18665.75,18433.609375,18542.029296875
2024-08-13,18724.83984375,19013.009765625,18723.740234375,19006.4296875
2024-08-14,19043.759765625,19103.0,18837.099609375,19022.6796875
2024-08-15,19251.859375,19502.919921875,19239.939453125,19490.150390625
2024-08-16,19393.73046875,19561.240234375,19376.720703125,19508.51953125
2024-08-19,19521.9296875,19767.4296875,19445.099609375,19766.490234375
2024-08-20,19736.349609375,19835.380859375,19652.1796875,19719.8203125
2024-08-21,19758.470703125,19885.33984375,19690.640625,19824.83984375
2024-08-22,19911.279296875,19938.890625,19459.859375,19491.83984375
2024-08-23,19669.779296875,19818.400390625,19526.630859375,19720.869140625
2024-08-26,19679.240234375,19726.900390625,19437.33984375,19516.439453125
2024-08-27,19450.5703125,19617.919921875,19369.529296875,19581.51953125
2024-08-28,19567.44921875,19587.0390625,19221.48046875,19350.779296875
2024-08-29,19425.279296875,19622.73046875,19281.650390625,19325.44921875
2024-08-30,19506.26953125,19582.169921875,19326.619140625,19574.640625
2024-09-03,19438.109375,19438.109375,18869.80078125,18958.740234375
2024-09-04,18832.640625,19070.8203125,18808.759765625,18921.400390625
2024-09-05,18864.419921875,19102.359375,18806.830078125,18930.330078125
2024-09-06,18903.029296875,18930.76953125,18400.970703125,18421.310546875
2024-09-09,18579.80078125,18693.859375,18469.400390625,18660.779296875
2024-09-10,18722.150390625,18845.740234375,18570.669921875,18829.140625
2024-09-11,18866.0,19266.390625,18531.580078125,19237.30078125
2024-09-12,19236.419921875,19456.41015625,19166.80078125,19423.0703125
2024-09-13,19396.099609375,19556.80078125,19384.689453125,19514.58984375
2024-09-16,19412.7890625,19446.060546875,19294.1796875,19423.060546875
2024-09-17,19539.75,19596.33984375,19337.119140625,19432.400390625
2024-09-18,19478.509765625,19643.509765625,19330.810546875,19344.490234375
2024-09-19,19798.7109375,19951.7890625,19723.939453125,19839.830078125
2024-09-20,19816.2890625,19845.69921875,19632.73046875,19791.490234375
2024-09-23,19848.7109375,19892.779296875,19797.8203125,19852.19921875
2024-09-24,19917.560546875,19984.470703125,19739.669921875,19944.83984375
2024-09-25,19922.279296875,20043.4296875,19921.220703125,19972.609375
2024-09-26,20273.30078125,20273.30078125,19966.990234375,20115.5390625
2024-09-27,20147.279296875,20152.529296875,19964.130859375,20008.619140625
2024-09-30,19959.259765625,20072.4296875,19852.849609375,20060.689453125
2024-10-01,20046.060546875,20056.19921875,19622.2890625,19773.30078125
2024-10-02,19725.94921875,19876.69921875,19630.91015625,19802.58984375
2024-10-03,19712.330078125,19902.69921875,19688.220703125,19793.33984375
2024-10-04,20025.16015625,20045.689453125,19829.490234375,20035.01953125
2024-10-07,19954.66015625,19990.119140625,19763.0390625,19800.740234375
2024-10-08,19902.2109375,20132.669921875,19881.080078125,20107.779296875
2024-10-09,20097.560546875,20284.419921875,20047.859375,20268.859375
2024-10-10,20165.25,20314.240234375,20117.19921875,20241.759765625
2024-10-11,20154.83984375,20313.19921875,20142.1796875,20271.970703125
2024-10-14,20366.060546875,20493.900390625,20355.060546875,20439.05078125
2024-10-15,20442.76953125,20484.310546875,20083.560546875,20159.830078125
2024-10-16,20172.869140625,20200.58984375,20036.73046875,20174.05078125
2024-10-17,20375.2890625,20377.650390625,20186.4296875,20190.419921875
2024-10-18,20288.48046875,20360.2890625,20273.55078125,20324.0390625
2024-10-21,20280.490234375,20386.6796875,20193.029296875,20361.470703125
2024-10-22,20256.970703125,20437.9296875,20218.849609375,20390.4609375
2024-10-23,20303.55078125,20312.779296875,19934.919921875,20066.9609375
2024-10-24,20197.619140625,20256.380859375,20116.880859375,20232.869140625
2024-10-25,20354.91015625,20552.8203125,20322.25,20352.01953125
2024-10-28,20455.009765625,20470.4296875,20344.8203125,20351.0703125
2024-10-29,20369.080078125,20600.099609375,20294.580078125,20550.650390625
2024-10-30,20510.919921875,20559.51953125,20378.75,20387.69921875
2024-10-31,20227.189453125,20227.189453125,19880.259765625,19890.419921875
2024-11-01,19955.830078125,20162.5390625,19950.990234375,20033.140625
2024-11-04,20011.55078125,20106.990234375,19898.5703125,19963.599609375
2024-11-05,20042.9296875,20249.2109375,20042.9296875,20227.4609375
2024-11-06,20571.2890625,20807.029296875,20526.640625,20781.330078125
2024-11-07,20896.41015625,21132.80078125,20896.41015625,21101.5703125
2024-11-08,21083.580078125,21155.0,21050.3203125,21117.1796875
2024-11-11,21171.240234375,21182.029296875,20993.48046875,21106.58984375
2024-11-12,21105.490234375,21144.669921875,20946.740234375,21070.7890625
2024-11-13,21049.66015625,21154.939453125,20955.240234375,21036.16015625
2024-11-14,21052.0703125,21067.66015625,20864.01953125,20896.669921875
2024-11-15,20679.98046875,20684.560546875,20315.080078125,20394.130859375
2024-11-18,20450.2109375,20622.279296875,20401.259765625,20539.189453125
2024-11-19,20435.6796875,20696.470703125,20423.30078125,20684.58984375
2024-11-20,20660.83984375,20676.5703125,20402.5390625,20667.099609375
2024-11-21,20775.26953125,20814.9296875,20436.80078125,20740.779296875
2024-11-22,20737.490234375,20797.240234375,20655.720703125,20776.23046875
2024-11-25,20918.759765625,20998.490234375,20712.380859375,20804.890625
2024-11-26,20871.55078125,20944.900390625,20832.400390625,20922.900390625
2024-11-27,20852.4296875,20853.080078125,20615.419921875,20744.490234375
2024-11-29,20771.01953125,20956.310546875,20751.9609375,20930.369140625
2024-12-02,20971.759765625,21201.029296875,20971.759765625,21164.599609375
2024-12-03,21106.509765625,21235.7890625,21081.810546875,21229.3203125
2024-12-04,21361.810546875,21498.439453125,21340.83984375,21492.359375
2024-12-05,21488.51953125,21517.490234375,21411.529296875,21425.220703125
2024-12-06,21458.580078125,21626.310546875,21449.619140625,21622.25
2024-12-09,21573.759765625,21609.990234375,21400.76953125,21440.8203125
2024-12-10,21492.509765625,21567.01953125,21313.26953125,21368.1796875
2024-12-11,21540.380859375,21784.7109375,21533.890625,21763.98046875
2024-12-12,21652.849609375,21715.830078125,21596.669921875,21615.26953125
2024-12-13,21789.650390625,21886.740234375,21646.08984375,21780.25
2024-12-16,21891.359375,22133.220703125,21879.740234375,22096.66015625
2024-12-17,22003.640625,22062.0,21921.2109375,22001.080078125
2024-12-18,21979.529296875,22038.080078125,21146.830078125,21209.3203125
2024-12-19,21358.7890625,21413.740234375,21093.4609375,21110.509765625
2024-12-20,20939.640625,21540.3203125,20913.720703125,21289.150390625
2024-12-23,21364.259765625,21510.08984375,21224.26953125,21503.169921875
2024-12-24,21564.369140625,21797.650390625,21558.970703125,21797.650390625
2024-12-26,21733.98046875,21837.69921875,21645.619140625,21768.310546875
2024-12-27,21633.099609375,21642.259765625,21292.189453125,21473.01953125
2024-12-30,21189.099609375,21346.060546875,21046.630859375,21197.08984375
2024-12-31,21256.01953125,21276.140625,20979.51953125,21012.169921875
2025-01-02,21120.05078125,21236.58984375,20800.5,20975.619140625
2025-01-03,21096.7890625,21359.630859375,21075.890625,21326.16015625
2025-01-06,21551.1796875,21703.490234375,21462.51953125,21559.5
2025-01-07,21619.890625,21621.25,21101.08984375,21173.0390625
2025-01-08,21156.759765625,21242.609375,20992.080078125,21180.970703125
2025-01-10,21012.2890625,21015.509765625,20718.779296875,20847.580078125
2025-01-13,20593.650390625,20797.099609375,20538.330078125,20784.720703125
2025-01-14,20896.359375,20969.51953125,20622.720703125,20757.41015625
2025-01-15,21067.810546875,21286.009765625,21024.26953125,21237.849609375
2025-01-16,21324.98046875,21330.58984375,21087.849609375,21091.25
2025-01-17,21461.900390625,21515.759765625,21334.630859375,21441.16015625
2025-01-21,21557.8203125,21620.23046875,21379.060546875,21566.509765625
2025-01-22,21756.23046875,21943.0390625,21756.23046875,21853.0
2025-01-23,21737.240234375,21900.9296875,21722.0390625,21900.9296875
2025-01-24,21915.48046875,21945.48046875,21709.060546875,21774.009765625
2025-01-27,21000.169921875,21292.5390625,20974.900390625,21127.279296875
2025-01-28,21186.080078125,21500.73046875,21043.130859375,21463.0390625
2025-01-29,21473.009765625,21477.880859375,21251.80078125,21411.4609375
2025-01-30,21519.810546875,21623.44921875,21308.689453125,21508.119140625
2025-01-31,21661.560546875,21846.009765625,21425.7890625,21478.05078125
2025-02-03,21084.640625,21406.580078125,21004.349609375,21297.580078125
2025-02-04,21319.580078125,21582.400390625,21308.240234375,21566.919921875
2025-02-05,21453.869140625,21662.98046875,21408.640625,21658.16015625
2025-02-06,21674.169921875,21776.080078125,21618.25,21774.0703125
2025-02-07,21776.279296875,21869.3203125,21465.4609375,21491.310546875
2025-02-10,21670.060546875,21793.130859375,21645.169921875,21756.73046875
2025-02-11,21629.109375,21776.25,21625.509765625,21693.51953125
2025-02-12,21475.41015625,21745.66015625,21454.189453125,21719.259765625
2025-02-13,21786.16015625,22038.150390625,21758.0390625,22030.7109375
2025-02-14,22038.609375,22139.4296875,22010.349609375,22114.689453125
2025-02-18,22176.009765625,22191.369140625,22029.580078125,22164.609375
2025-02-19,22121.73046875,22222.609375,22045.75,22175.599609375
2025-02-20,22132.7109375,22148.439453125,21878.75,22068.060546875
2025-02-21,22110.5390625,22115.2109375,21597.16015625,21614.080078125
2025-02-24,21669.359375,21727.580078125,21341.9609375,21352.080078125
2025-02-25,21318.76953125,21326.810546875,20930.580078125,21087.25
2025-02-26,21170.509765625,21350.51953125,21012.619140625,21132.919921875
2025-02-27,21281.359375,21323.91015625,20540.6796875,20550.94921875
2025-02-28,20518.650390625,20900.76953125,20407.44921875,20884.41015625
2025-03-03,20989.580078125,21073.80078125,20279.5,20425.580078125
2025-03-04,20281.880859375,20688.4609375,20034.6796875,20352.529296875
2025-03-05,20363.220703125,20688.720703125,20182.5703125,20628.4609375
2025-03-06,20231.740234375,20473.41015625,19968.560546875,20052.630859375
2025-03-07,20015.619140625,20253.220703125,19736.810546875,20201.369140625
2025-03-10,19826.9609375,19867.080078125,19243.310546875,19430.94921875
2025-03-11,19405.51953125,19659.4296875,19180.560546875,19376.9609375
2025-03-12,19663.390625,19756.08984375,19375.25,19596.01953125
2025-03-13,19534.369140625,19558.560546875,19152.5703125,19225.48046875
2025-03-14,19458.890625,19729.2109375,19436.0390625,19704.640625
2025-03-17,19670.689453125,19943.810546875,19622.470703125,19812.240234375
2025-03-18,19657.099609375,19676.05078125,19397.080078125,19483.359375
2025-03-19,19576.3203125,19921.619140625,19497.7890625,19736.66015625
2025-03-20,19558.279296875,19888.849609375,19549.310546875,19677.609375
2025-03-21,19466.439453125,19767.98046875,19409.1796875,19753.970703125
2025-03-24,20041.2109375,20208.83984375,20024.970703125,20180.44921875
2025-03-25,20196.5,20292.189453125,20164.0703125,20287.830078125
2025-03-26,20239.0390625,20270.189453125,19848.490234375,19916.990234375
2025-03-27,19814.609375,20003.359375,19740.220703125,19798.619140625
2025-03-28,19718.4609375,19752.44921875,19241.5390625,19281.400390625
2025-03-31,18998.5390625,19316.060546875,18799.19921875,19278.44921875
2025-04-01,19192.76953125,19468.619140625,19095.169921875,19436.419921875
2025-04-02,19182.390625,19707.33984375,19157.19921875,19581.779296875
2025-04-03,18774.150390625,18902.0703125,18502.970703125,18521.470703125
2025-04-04,18022.16015625,18089.25,17387.830078125,17397.69921875
2025-04-07,16771.76953125,18191.5,16542.19921875,17430.6796875
2025-04-08,18034.4609375,18207.009765625,16850.1796875,17090.400390625
2025-04-09,17116.529296875,19234.01953125,17082.359375,19145.060546875
2025-04-10,18626.109375,18710.580078125,17794.5,18343.5703125
2025-04-11,18309.2890625,18728.94921875,18153.3203125,18690.05078125
2025-04-14,19095.490234375,19115.150390625,18614.759765625,18796.01953125
2025-04-15,18831.98046875,19004.169921875,18754.869140625,18830.23046875
2025-04-16,18475.759765625,18597.3203125,17995.9609375,18257.640625
2025-04-17,18369.900390625,18401.05078125,18144.4609375,18258.08984375
2025-04-21,18023.009765625,18043.080078125,17592.919921875,17808.30078125
2025-04-22,18033.900390625,18396.390625,17993.240234375,18276.41015625
2025-04-23,18870.630859375,19043.009765625,18618.890625,18693.259765625
2025-04-24,18756.529296875,19224.80078125,18744.470703125,19214.400390625
2025-04-25,19209.720703125,19447.560546875,19133.23046875,19432.560546875
2025-04-28,19432.720703125,19519.330078125,19162.4609375,19427.2890625
2025-04-29,19315.94921875,19582.76953125,19304.830078125,19544.94921875
2025-04-30,19168.08984375,19612.759765625,19011.98046875,19571.01953125
2025-05-01,19866.830078125,20024.48046875,19763.140625,19786.7109375
2025-05-02,19986.609375,20176.599609375,19936.669921875,20102.609375
2025-05-05,19928.8203125,20100.609375,19899.279296875,19967.939453125
2025-05-06,19709.640625,19927.23046875,19659.3203125,19791.349609375
2025-05-07,19804.5,19960.859375,19605.0703125,19867.970703125
2025-05-08,20067.4296875,20249.759765625,19907.669921875,20063.560546875
2025-05-09,20170.369140625,20203.580078125,19984.529296875,20061.44921875
2025-05-12,20818.779296875,20870.119140625,20613.26953125,20868.150390625
2025-05-13,20906.919921875,21259.390625,20891.1796875,21197.69921875
2025-05-14,21254.470703125,21336.48046875,21199.849609375,21319.2109375
2025-05-15,21206.73046875,21443.880859375,21168.169921875,21335.8203125
2025-05-16,21375.630859375,21428.7890625,21246.419921875,21427.939453125
2025-05-19,21138.130859375,21464.560546875,21138.130859375,21447.05078125
2025-05-20,21347.630859375,21399.990234375,21226.66015625,21367.369140625
2025-05-21,21217.310546875,21482.98046875,21002.099609375,21080.359375
2025-05-22,21097.4609375,21263.1796875,21046.220703125,21112.470703125
2025-05-23,20806.369140625,21025.580078125,20777.970703125,20915.66015625
2025-05-27,21201.44921875,21429.3203125,21145.130859375,21414.990234375
2025-05-28,21451.689453125,21508.080078125,21296.509765625,21318.169921875
2025-05-29,21611.5390625,21611.5390625,21260.73046875,21363.94921875
2025-05-30,21330.849609375,21386.2890625,21032.560546875,21340.990234375
2025-06-02,21270.5703125,21500.359375,21199.369140625,21491.75
2025-06-03,21529.98046875,21715.9609375,21474.509765625,21662.580078125
2025-06-04,21689.01953125,21761.369140625,21607.330078125,21721.919921875
2025-06-05,21782.33984375,21891.890625,21472.76953125,21547.4296875
2025-06-06,21777.5,21836.5703125,21696.689453125,21761.7890625
2025-06-09,21779.1796875,21855.150390625,21729.30078125,21797.869140625
2025-06-10,21819.7890625,21961.419921875,21727.33984375,21941.919921875
2025-06-11,21994.16015625,22041.830078125,21775.26953125,21860.80078125
2025-06-12,21826.7890625,21952.0,21807.0,21913.3203125
2025-06-13,21675.939453125,21838.470703125,21591.109375,21631.0390625
2025-06-16,21783.080078125,21979.76953125,21783.080078125,21937.5703125
2025-06-17,21858.890625,21896.419921875,21680.1796875,21719.080078125
2025-06-18,21745.5,21863.0,21660.51953125,21719.689453125
2025-06-20,21834.490234375,21902.990234375,21552.810546875,21626.390625
2025-06-23,21632.779296875,21871.869140625,21532.3203125,21856.330078125
2025-06-24,22053.330078125,22220.640625,22045.630859375,22190.51953125
2025-06-25,22279.689453125,22329.23046875,22175.080078125,22237.740234375
2025-06-26,22328.240234375,22466.990234375,22255.26953125,22447.2890625
2025-06-27,22484.869140625,22603.220703125,22382.7890625,22534.19921875
2025-06-30,22632.919921875,22721.5,22565.109375,22679.009765625
2025-07-01,22594.48046875,22631.259765625,22388.08984375,22478.130859375
2025-07-02,22451.810546875,22644.720703125,22448.0703125,22641.890625
2025-07-03,22751.640625,22896.009765625,22736.080078125,22866.970703125
2025-07-07,22754.380859375,22776.2109375,22587.470703125,22685.5703125
2025-07-08,22735.259765625,22761.80078125,22652.439453125,22702.25
2025-07-09,22800.359375,22915.330078125,22733.650390625,22864.91015625
2025-07-10,22890.4296875,22907.0390625,22716.41015625,22829.259765625
2025-07-11,22757.990234375,22837.380859375,22692.80078125,22780.599609375
2025-07-14,22780.189453125,22886.939453125,22675.279296875,22855.630859375
2025-07-15,23036.859375,23051.869140625,22876.470703125,22884.58984375
2025-07-16,22895.30078125,22928.55078125,22669.369140625,22907.970703125
2025-07-17,22931.01953125,23104.720703125,22905.509765625,23081.05078125
2025-07-18,23135.08984375,23153.2109375,23018.359375,23065.470703125
2025-07-21,23124.970703125,23264.44921875,23122.9296875,23180.060546875
2025-07-22,23182.01953125,23186.359375,22953.849609375,23063.580078125
2025-07-23,23100.25,23168.490234375,23000.4609375,23162.41015625
2025-07-24,23228.7890625,23268.490234375,23150.26953125,23219.869140625
2025-07-25,23204.66015625,23326.30078125,23193.990234375,23272.25
2025-07-28,23343.130859375,23386.759765625,23299.810546875,23356.26953125
2025-07-29,23477.83984375,23510.919921875,23283.400390625,23308.30078125
2025-07-30,23337.330078125,23447.150390625,23226.919921875,23345.41015625
2025-07-31,23589.369140625,23589.369140625,23176.119140625,23218.119140625
2025-08-01,22941.060546875,22972.470703125,22673.880859375,22763.310546875
2025-08-04,22986.76953125,23191.0390625,22973.599609375,23188.609375
2025-08-05,23235.310546875,23286.05078125,23008.140625,23018.560546875
2025-08-06,23070.94921875,23330.490234375,23042.26953125,23315.0390625
2025-08-07,23483.419921875,23560.73046875,23225.720703125,23389.529296875
2025-08-08,23458.130859375,23619.240234375,23437.609375,23611.26953125
2025-08-11,23629.01953125,23698.0,23484.25,23526.630859375
2025-08-12,23651.609375,23849.5,23524.279296875,23839.19921875
2025-08-13,23935.060546875,23969.279296875,23789.119140625,23849.0390625
2025-08-14,23775.009765625,23908.259765625,23748.98046875,23832.439453125
2025-08-15,23809.0,23813.990234375,23651.2109375,23712.0703125
2025-08-18,23692.130859375,23733.5,23637.41015625,23713.759765625
2025-08-19,23689.01953125,23695.640625,23346.33984375,23384.76953125
2025-08-20,23343.41015625,23343.41015625,22959.69921875,23249.5703125
2025-08-21,23182.759765625,23264.26953125,23046.390625,23142.580078125
2025-08-22,23184.990234375,23575.359375,23140.0390625,23498.119140625
2025-08-25,23454.279296875,23546.44921875,23382.189453125,23425.609375
2025-08-26,23420.849609375,23532.509765625,23369.0390625,23525.2890625
2025-08-27,23499.669921875,23591.05078125,23434.310546875,23565.849609375
2025-08-28,23601.349609375,23741.23046875,23514.69921875,23703.44921875
2025-08-29,23607.5390625,23607.5390625,23353.9609375,23415.419921875
2025-09-02,23020.470703125,23242.279296875,22977.880859375,23231.109375
2025-09-03,23388.279296875,23478.009765625,23279.119140625,23414.83984375
2025-09-04,23442.189453125,23639.0390625,23371.330078125,23633.009765625
2025-09-05,23841.98046875,23860.25,23475.330078125,23652.439453125
2025-09-08,23759.619140625,23851.810546875,23725.0390625,23762.30078125
2025-09-09,23824.330078125,23852.419921875,23698.0,23839.80078125
2025-09-10,23931.3203125,23958.5390625,23760.099609375,23849.26953125
2025-09-11,23956.5703125,24016.529296875,23883.009765625,23992.560546875
2025-09-12,24030.76953125,24137.060546875,23983.630859375,24092.189453125
2025-09-15,24178.599609375,24297.33984375,24173.140625,24293.779296875
2025-09-16,24342.75,24343.349609375,24244.2109375,24274.25
2025-09-17,24286.4296875,24292.060546875,23999.75,24223.689453125
2025-09-18,24421.2109375,24554.51953125,24347.5390625,24454.890625
2025-09-19,24528.439453125,24641.9296875,24469.279296875,24626.25
2025-09-22,24588.1796875,24781.73046875,24578.08984375,24761.0703125
2025-09-23,24752.740234375,24764.30078125,24536.5,24580.169921875
2025-09-24,24648.970703125,24650.419921875,24388.58984375,24503.5703125
2025-09-25,24321.73046875,24460.66015625,24186.369140625,24397.310546875
2025-09-26,24410.94921875,24510.369140625,24297.69921875,24503.849609375
2025-09-29,24629.01953125,24741.76953125,24560.220703125,24611.349609375
2025-09-30,24597.400390625,24691.23046875,24505.140625,24679.990234375
2025-10-01,24539.25,24816.669921875,24517.759765625,24800.859375
2025-10-02,24933.490234375,24944.75,24780.109375,24892.759765625
2025-10-03,24931.419921875,24958.259765625,24713.580078125,24785.51953125
2025-10-06,24986.259765625,25044.259765625,24907.599609375,24978.560546875
2025-10-07,25031.779296875,25062.9609375,24783.94921875,24840.23046875
2025-10-08,24887.3203125,25142.189453125,24882.349609375,25136.619140625
2025-10-09,25124.7890625,25139.349609375,24966.810546875,25098.1796875
2025-10-10,25116.830078125,25195.279296875,24207.150390625,24221.740234375
2025-10-13,24625.740234375,24779.650390625,24540.419921875,24750.25
2025-10-14,24442.9296875,24766.369140625,24256.279296875,24579.3203125
2025-10-15,24807.33984375,24933.23046875,24496.0703125,24745.359375
2025-10-16,24882.220703125,24998.30078125,24481.169921875,24657.240234375
2025-10-17,24600.55078125,24881.470703125,24511.58984375,24817.94921875
2025-10-20,24991.099609375,25183.810546875,24988.669921875,25141.01953125
2025-10-21,25139.80078125,25178.23046875,25043.060546875,25127.130859375
2025-10-22,25093.640625,25127.060546875,24652.109375,24879.009765625
2025-10-23,24869.599609375,25126.779296875,24856.33984375,25097.41015625
2025-10-24,25307.75,25418.640625,25288.7109375,25358.16015625
2025-10-27,25701.94921875,25839.029296875,25656.380859375,25821.55078125
2025-10-28,25932.640625,26087.48046875,25864.490234375,26012.150390625
2025-10-29,26147.720703125,26182.099609375,25907.44921875,26119.849609375
2025-10-30,25953.779296875,26031.6796875,25732.390625,25734.810546875
2025-10-31,26055.970703125,26063.490234375,25761.279296875,25858.130859375
2025-11-03,26114.109375,26132.869140625,25887.880859375,25972.939453125
2025-11-04,25580.33984375,25762.23046875,25415.619140625,25435.69921875
2025-11-05,25433.220703125,25750.880859375,25364.900390625,25620.029296875
2025-11-06,25568.240234375,25568.240234375,25083.240234375,25130.0390625
2025-11-07,24977.73046875,25065.140625,24603.779296875,25059.810546875
2025-11-10,25418.169921875,25655.509765625,25354.439453125,25611.740234375
2025-11-11,25500.9296875,25588.259765625,25380.859375,25533.490234375
2025-11-12,25662.189453125,25663.169921875,25389.73046875,25517.330078125
2025-11-13,25386.94921875,25396.009765625,24908.599609375,24993.4609375
2025-11-14,24658.55078125,25198.9296875,24534.900390625,25008.240234375
2025-11-17,24890.099609375,25166.150390625,24649.359375,24799.919921875
2025-11-18,24651.779296875,24735.119140625,24299.2890625,24503.099609375
2025-11-19,24517.26953125,24904.66015625,24432.189453125,24640.51953125
2025-11-20,25131.490234375,25222.94921875,24021.439453125,24054.380859375
2025-11-21,24137.66015625,24521.83984375,23854.029296875,24239.5703125
2025-11-24,24462.869140625,24923.58984375,24455.650390625,24873.849609375
2025-11-25,24790.0703125,25069.5390625,24542.7109375,25018.359375
2025-11-26,25168.310546875,25309.150390625,25077.859375,25236.939453125
2025-11-28,25310.279296875,25435.76953125,25280.9609375,25434.890625
2025-12-01,25232.75,25443.2109375,25158.630859375,25342.849609375
2025-12-02,25449.869140625,25622.580078125,25369.359375,25555.859375
2025-12-03,25443.7109375,25639.990234375,25388.439453125,25606.5390625
2025-12-04,25658.140625,25658.26953125,25450.380859375,25581.69921875
2025-12-05,25657.779296875,25827.080078125,25617.349609375,25692.05078125
2025-12-08,25758.8203125,25828.16015625,25531.75,25627.94921875
2025-12-09,25593.669921875,25698.259765625,25532.33984375,25668.689453125
2025-12-10,25631.58984375,25835.029296875,25504.30078125,25776.439453125
2025-12-11,25598.390625,25696.2890625,25372.1796875,25686.689453125
2025-12-12,25531.55078125,25605.880859375,25104.6796875,25196.73046875
2025-12-15,25352.869140625,25377.619140625,25022.810546875,25067.26953125
2025-12-16,24991.490234375,25188.759765625,24922.939453125,25132.939453125
2025-12-17,25167.859375,25193.41015625,24647.609375,24647.609375
2025-12-18,25031.490234375,25164.1796875,24921.44921875,25019.369140625
2025-12-19,25147.30078125,25354.8203125,25134.259765625,25346.1796875
2025-12-22,25527.6796875,25554.029296875,25401.58984375,25461.69921875
2025-12-23,25441.419921875,25590.029296875,25403.259765625,25587.830078125
2025-12-24,25582.33984375,25665.279296875,25556.849609375,25656.150390625
2025-12-26,25692.6796875,25716.7109375,25620.3203125,25644.390625
2025-12-29,25462.25,25598.140625,25440.970703125,25525.560546875
2025-12-30,25509.880859375,25577.580078125,25456.9296875,25462.560546875
2025-12-31,25464.7109375,25483.76953125,25244.859375,25249.849609375
2026-01-02,25524.26953125,25597.650390625,25086.359375,25206.169921875
2026-01-05,25471.7890625,25520.51953125,25354.66015625,25401.3203125
2026-01-06,25462.060546875,25655.119140625,25428.080078125,25639.7109375
2026-01-07,25617.80078125,25813.169921875,25592.400390625,25653.900390625
2026-01-08,25615.349609375,25622.310546875,25400.16015625,25507.099609375
2026-01-09,25518.8203125,25811.44921875,25455.970703125,25766.259765625
2026-01-12,25616.810546875,25850.859375,25602.560546875,25787.66015625
2026-01-13,25779.279296875,25873.1796875,25642.109375,25741.94921875
2026-01-14,25575.5703125,25624.189453125,25266.19921875,25465.939453125
2026-01-15,25767.30078125,25781.029296875,25520.19921875,25547.0703125
2026-01-16,25710.599609375,25735.48046875,25444.279296875,25529.259765625
2026-01-20,25155.029296875,25279.779296875,24954.1796875,24987.5703125
2026-01-21,25048.55078125,25498.810546875,24993.98046875,25326.580078125
2026-01-22,25548.380859375,25576.51953125,25399.490234375,25518.349609375
2026-01-23,25501.91015625,25709.740234375,25435.01953125,25605.470703125
2026-01-26,25631.009765625,25797.099609375,25578.76953125,25713.2109375
2026-01-27,25852.0390625,25982.58984375,25791.75,25939.740234375
2026-01-28,26121.740234375,26165.080078125,25974.66015625,26022.7890625
2026-01-29,26030.080078125,26046.33984375,25418.5390625,25884.30078125
2026-01-30,25740.189453125,25823.2890625,25456.1796875,25552.390625
2026-02-02,25491.640625,25833.119140625,25478.5,25738.609375
2026-02-03,25811.05078125,25840.0390625,25112.4609375,25338.619140625
2026-02-04,25240.380859375,25275.259765625,24681.26953125,24891.240234375
2026-02-05,24614.859375,24854.560546875,24455.400390625,24548.689453125
2026-02-06,24655.25,25131.33984375,24622.330078125,25075.76953125
2026-02-09,24953.6796875,25337.5390625,24876.279296875,25268.140625
2026-02-10,25314.23046875,25363.119140625,25113.4296875,25127.640625
2026-02-11,25335.91015625,25382.83984375,24980.2890625,25201.259765625
2026-02-12,25261.330078125,25310.560546875,24643.73046875,24687.609375
2026-02-13,24662.94921875,24921.470703125,24514.9609375,24732.73046875
2026-02-17,24567.5390625,24818.30078125,24387.470703125,24701.599609375
2026-02-18,24744.880859375,25057.2109375,24696.830078125,24898.869140625
2026-02-19,24771.650390625,24890.119140625,24690.869140625,24797.33984375
2026-02-20,24637.3203125,25077.560546875,24633.599609375,25012.619140625
2026-02-23,24935.51953125,24984.8203125,24618.23046875,24708.939453125
2026-02-24,24763.83984375,25022.919921875,24643.689453125,24977.0390625
2026-02-25,25137.720703125,25343.970703125,25137.619140625,25329.0390625
2026-02-26,25278.25,25288.23046875,24820.55078125,25034.369140625
2026-02-27,24808.0,24987.9609375,24747.25,24960.0390625
2026-03-02,24599.41015625,25059.169921875,24575.5390625,24992.599609375
2026-03-03,24497.380859375,24810.25,24315.83984375,24720.080078125
2026-03-04,24850.939453125,25179.359375,24795.529296875,25093.6796875
2026-03-05,24992.73046875,25174.310546875,24744.560546875,25020.41015625
2026-03-06,24663.740234375,24886.69921875,24579.859375,24643.01953125
2026-03-09,24429.669921875,25019.16015625,24289.220703125,24967.25
2026-03-10,25002.609375,25189.169921875,24871.439453125,24956.470703125
2026-03-11,25053.240234375,25152.119140625,24856.599609375,24965.009765625
2026-03-12,24771.3203125,24809.26953125,24522.240234375,24533.580078125
2026-03-13,24660.189453125,24786.650390625,24336.529296875,24380.73046875
2026-03-16,24646.1796875,24794.2890625,24606.4609375,24655.33984375
2026-03-17,24760.26953125,24884.6796875,24721.560546875,24780.419921875
2026-03-18,24727.0703125,24763.580078125,24417.380859375,24425.08984375
2026-03-19,24119.369140625,24462.150390625,24100.880859375,24355.279296875
2026-03-20,24257.560546875,24267.33984375,23759.970703125,23898.150390625
2026-03-23,24270.76953125,24465.16015625,24097.6796875,24188.58984375
2026-03-24,24042.23046875,24170.830078125,23927.689453125,24002.44921875
2026-03-25,24236.400390625,24314.25,24081.380859375,24162.98046875
2026-03-26,23913.189453125,24029.509765625,23574.720703125,23586.990234375
2026-03-27,23463.740234375,23472.890625,23088.990234375,23132.76953125
2026-03-30,23307.75,23356.75,22841.419921875,22953.380859375
2026-03-31,23208.0,23789.599609375,23198.640625,23740.189453125
2026-04-01,23883.2890625,24162.6796875,23871.609375,24019.990234375
2026-04-02,23621.73046875,24076.349609375,23512.599609375,24045.529296875
2026-04-06,24143.01953125,24265.140625,24039.029296875,24192.169921875
2026-04-07,24109.5703125,24209.279296875,23779.849609375,24202.369140625
2026-04-08,25045.359375,25045.359375,24756.9296875,24903.169921875
2026-04-09,24918.279296875,25097.44921875,24788.919921875,25082.08984375
2026-04-10,25165.060546875,25226.060546875,25057.650390625,25116.33984375
2026-04-13,25069.0703125,25387.689453125,24999.19921875,25383.720703125
2026-04-14,25514.55078125,25842.0,25514.55078125,25842.0
2026-04-15,25859.189453125,26214.5703125,25828.759765625,26204.580078125
2026-04-16,26256.880859375,26400.51953125,26113.650390625,26333.0
2026-04-17,26551.16015625,26719.560546875,26481.240234375,26672.4296875
2026-04-20,26662.3203125,26670.119140625,26412.51953125,26590.33984375
2026-04-21,26658.849609375,26730.640625,26405.30078125,26479.470703125
2026-04-22,26715.919921875,26942.130859375,26662.880859375,26937.279296875
2026-04-23,26844.609375,27007.869140625,26540.3203125,26782.630859375
2026-04-24,27082.419921875,27314.2109375,26986.390625,27303.669921875
2026-04-27,27278.279296875,27315.23046875,27158.880859375,27305.6796875
2026-04-28,26988.76953125,27115.76953125,26877.58984375,27029.009765625
2026-04-29,27069.359375,27199.720703125,26995.380859375,27186.98046875
2026-04-30,27328.98046875,27488.029296875,27029.41015625,27452.119140625
2026-05-01,27508.5703125,27787.119140625,27501.4296875,27710.359375
2026-05-04,27731.33984375,27822.369140625,27504.08984375,27651.8203125
2026-05-05,27895.05078125,28065.630859375,27844.23046875,28015.060546875
2026-05-06,28234.01953125,28608.6796875,28208.23046875,28599.169921875
2026-05-07,28612.5390625,28825.51953125,28440.05078125,28563.94921875
2026-05-08,28768.119140625,29234.990234375,28751.2109375,29234.990234375
2026-05-11,29185.830078125,29372.4296875,29143.19921875,29320.66015625
2026-05-12,29067.359375,29188.0703125,28628.640625,29064.80078125
2026-05-13,29159.94921875,29452.259765625,28968.55078125,29366.939453125
2026-05-14,29372.650390625,29678.890625,29350.099609375,29580.30078125
2026-05-15,29191.359375,29387.439453125,28991.419921875,29125.19921875
2026-05-18,29246.19921875,29250.150390625,28717.5703125,28994.369140625
2026-05-19,28795.01953125,29031.919921875,28567.16015625,28818.83984375
2026-05-20,29006.5703125,29301.279296875,28919.439453125,29297.69921875
2026-05-21,29150.130859375,29463.490234375,29040.0390625,29357.26953125
2026-05-22,29476.2890625,29663.890625,29423.630859375,29481.640625
2026-05-26,29854.580078125,30044.490234375,29753.08984375,30001.3203125
2026-05-27,30081.279296875,30099.7890625,29808.890625,29973.5703125
2026-05-28,30030.630859375,30263.189453125,29848.759765625,30223.890625
2026-05-29,30333.859375,30470.029296875,30210.009765625,30333.1796875
2026-06-01,30295.25,30633.55078125,30241.19921875,30513.859375
2026-06-02,30471.609375,30670.109375,30372.9609375,30660.599609375
2026-06-03,30730.109375,30762.19921875,30441.80078125,30571.240234375
2026-06-04,30174.58984375,30541.4296875,30092.23046875,30407.810546875
2026-06-05,29992.369140625,30051.080078125,28929.880859375,28957.599609375
2026-06-08,29482.189453125,29697.900390625,29294.01953125,29414.259765625
2026-06-09,29647.349609375,29805.30078125,28196.900390625,29084.5
2026-06-10,28893.8203125,29212.380859375,28462.919921875,28508.029296875
2026-06-11,28731.16015625,29506.669921875,28548.5,29446.1796875
2026-06-12,29380.6796875,29733.890625,29220.830078125,29635.94921875
2026-06-15,30289.970703125,30587.16015625,30285.630859375,30543.919921875
2026-06-16,30455.490234375,30560.080078125,29962.869140625,29968.130859375
2026-06-17,30160.740234375,30208.939453125,29604.9296875,29670.94921875
2026-06-18,30261.599609375,30463.76953125,30089.349609375,30406.189453125
2026-06-22,30529.990234375,30642.5703125,30194.25,30347.080078125
2026-06-23,29369.25,29748.720703125,29276.98046875,29347.26953125
2026-06-24,29328.400390625,29592.900390625,28963.099609375,29220.060546875
2026-06-25,29843.890625,29843.890625,29000.55078125,29440.3203125
2026-06-26,29040.119140625,29413.80078125,28890.740234375,29118.240234375
2026-06-29,29310.259765625,29792.630859375,28991.51953125,29774.75
2026-06-30,29792.9296875,30328.7890625,29767.759765625,30276.349609375
2026-07-01,29914.279296875,30084.779296875,29787.41015625,29809.130859375
2026-07-02,29778.69921875,30044.5,29087.330078125,29329.2109375
2026-07-06,29575.5703125,29847.740234375,29553.619140625,29697.869140625
2026-07-07,29362.19921875,29426.44921875,28974.470703125,29173.01953125
2026-07-08,29030.330078125,29280.580078125,28814.5703125,29252.560546875
2026-07-09,29486.609375,29773.740234375,29398.470703125,29727.099609375
2026-07-10,29618.33984375,29856.939453125,29484.490234375,29825.109375
2026-07-13,29471.01953125,29541.0,29189.2109375,29264.099609375
2026-07-14,29561.349609375,29693.76953125,29368.869140625,29586.2890625
2026-07-15,29759.80078125,29771.890625,29192.890625,29502.599609375
2026-07-16,29318.30078125,29333.060546875,28881.23046875,29025.76953125
2026-07-17,28457.330078125,28867.400390625,28231.3203125,28592.66015625
2026-07-20,28871.16015625,29017.23046875,28590.400390625,28604.23046875
2026-07-21,29059.439453125,29192.2890625,28891.0703125,29155.1796875
2026-07-22,28949.810546875,29176.91015625,28934.51953125,28998.099609375
2026-07-23,28545.98046875,28726.619140625,28274.51953125,28454.810546875
2026-07-24,28362.150390625,28471.48046875,28053.080078125,28128.33984375
2026-07-27,28412.310546875,28460.19921875,27786.5390625,28039.2109375
2026-07-28,27810.390625,27926.529296875,27452.94921875,27763.130859375
2026-07-29,27780.4609375,27954.91015625,27176.029296875,27192.310546875
2026-07-30,27755.4609375,28168.419921875,27686.369140625,28106.349609375
2026-07-31,28446.990234375,28606.779296875,27954.240234375,28274.19921875
2026-08-03,28278.58984375,28842.359375,28196.880859375,28776.80078125
2026-08-04,29109.259765625,29831.400390625,29109.259765625,29733.16015625
2026-08-05,29863.26953125,29946.939453125,29468.330078125,29487.7890625
2026-08-06,29224.380859375,29569.759765625,29123.380859375,29373.330078125
2026-08-07,29596.44921875,29747.150390625,29452.7109375,29722.30078125
2026-08-10,29709.490234375,29784.2109375,29606.470703125,29621.80078125
2026-08-11,29694.69921875,29705.80078125,29427.609375,29525.48046875
2026-08-12,29875.1796875,29881.5,29715.880859375,29742.599609375
2026-08-13,29784.060546875,30168.05078125,29757.619140625,30084.5
2026-08-14,30167.125,30179.822265625,29934.658203125,30046.140625
