date,open,high,low,close
2011-01-03,1257.6199951171875,1276.1700439453125,1257.6199951171875,1271.8699951171875
2011-01-04,1272.949951171875,1274.1199951171875,1262.6600341796875,1270.199951171875
2011-01-05,1268.780029296875,1277.6300048828125,1265.3599853515625,1276.56005859375
2011-01-06,1276.2900390625,1278.1700439453125,1270.4300537109375,1273.8499755859375
2011-01-07,1274.4100341796875,1276.8299560546875,1261.699951171875,1271.5
2011-01-10,1270.8399658203125,1271.52001953125,1262.1800537109375,1269.75
2011-01-11,1272.5799560546875,1277.25,1269.6199951171875,1274.47998046875
2011-01-12,1275.6500244140625,1286.8699951171875,1275.6500244140625,1285.9599609375
2011-01-13,1285.780029296875,1286.699951171875,1280.469970703125,1283.760009765625
2011-01-14,1282.9000244140625,1293.239990234375,1281.239990234375,1293.239990234375
2011-01-18,1293.219970703125,1296.06005859375,1290.1600341796875,1295.02001953125
2011-01-19,1294.52001953125,1294.5999755859375,1278.9200439453125,1281.9200439453125
2011-01-20,1280.8499755859375,1283.3499755859375,1271.260009765625,1280.260009765625
2011-01-21,1283.6300048828125,1291.2099609375,1282.0699462890625,1283.3499755859375
2011-01-24,1283.2900390625,1291.9300537109375,1282.469970703125,1290.8399658203125
2011-01-25,1288.1700439453125,1291.260009765625,1281.0699462890625,1291.1800537109375
2011-01-26,1291.969970703125,1299.739990234375,1291.969970703125,1296.6300048828125
2011-01-27,1297.510009765625,1301.2900390625,1294.4100341796875,1299.5400390625
2011-01-28,1299.6300048828125,1302.6700439453125,1275.0999755859375,1276.3399658203125
2011-01-31,1276.5,1287.1700439453125,1276.5,1286.1199951171875
2011-02-01,1289.1400146484375,1308.8599853515625,1289.1400146484375,1307.5899658203125
2011-02-02,1305.9100341796875,1307.6099853515625,1302.6199951171875,1304.030029296875
2011-02-03,1302.77001953125,1308.5999755859375,1294.8299560546875,1307.0999755859375
2011-02-04,1307.010009765625,1311.0,1301.6700439453125,1310.8699951171875
2011-02-07,1311.8499755859375,1322.8499755859375,1311.8499755859375,1319.050048828125
2011-02-08,1318.760009765625,1324.8699951171875,1316.030029296875,1324.5699462890625
2011-02-09,1322.47998046875,1324.5400390625,1314.8900146484375,1320.8800048828125
2011-02-10,1318.1300048828125,1322.780029296875,1311.739990234375,1321.8699951171875
2011-02-11,1318.6600341796875,1330.7900390625,1316.0799560546875,1329.1500244140625
2011-02-14,1328.72998046875,1332.9599609375,1326.9000244140625,1332.3199462890625
2011-02-15,1330.4300537109375,1330.4300537109375,1324.6099853515625,1328.010009765625
2011-02-16,1329.510009765625,1337.6099853515625,1329.510009765625,1336.3199462890625
2011-02-17,1334.3699951171875,1341.5,1331.0,1340.4300537109375
2011-02-18,1340.3800048828125,1344.0699462890625,1338.1199951171875,1343.010009765625
2011-02-22,1338.9100341796875,1338.9100341796875,1312.3299560546875,1315.43994140625
2011-02-23,1315.43994140625,1317.9100341796875,1299.550048828125,1307.4000244140625
2011-02-24,1307.0899658203125,1310.9100341796875,1294.260009765625,1306.0999755859375
2011-02-25,1307.3399658203125,1320.6099853515625,1307.3399658203125,1319.8800048828125
2011-02-28,1321.6099853515625,1329.3800048828125,1320.550048828125,1327.219970703125
2011-03-01,1328.6400146484375,1332.0899658203125,1306.1400146484375,1306.3299560546875
2011-03-02,1305.469970703125,1314.18994140625,1302.5799560546875,1308.43994140625
2011-03-03,1312.3699951171875,1332.280029296875,1312.3699951171875,1330.969970703125
2011-03-04,1330.72998046875,1331.0799560546875,1312.5899658203125,1321.1500244140625
2011-03-07,1322.719970703125,1327.6800537109375,1303.989990234375,1310.1300048828125
2011-03-08,1311.050048828125,1325.739990234375,1306.8599853515625,1321.8199462890625
2011-03-09,1319.9200439453125,1323.2099609375,1312.27001953125,1320.02001953125
2011-03-10,1315.719970703125,1315.719970703125,1294.2099609375,1295.1099853515625
2011-03-11,1293.4300537109375,1308.3499755859375,1291.989990234375,1304.280029296875
2011-03-14,1301.18994140625,1301.18994140625,1286.3699951171875,1296.3900146484375
2011-03-15,1288.4599609375,1288.4599609375,1261.1199951171875,1281.8699951171875
2011-03-16,1279.4599609375,1280.9100341796875,1249.050048828125,1256.8800048828125
2011-03-17,1261.6099853515625,1278.8800048828125,1261.6099853515625,1273.719970703125
2011-03-18,1276.7099609375,1288.8800048828125,1276.1800537109375,1279.2099609375
2011-03-21,1281.6500244140625,1300.5799560546875,1281.6500244140625,1298.3800048828125
2011-03-22,1298.2900390625,1299.3499755859375,1292.699951171875,1293.77001953125
2011-03-23,1292.18994140625,1300.510009765625,1284.050048828125,1297.5400390625
2011-03-24,1300.6099853515625,1311.3399658203125,1297.739990234375,1309.6600341796875
2011-03-25,1311.800048828125,1319.1800537109375,1310.1500244140625,1313.800048828125
2011-03-28,1315.449951171875,1319.739990234375,1310.18994140625,1310.18994140625
2011-03-29,1309.3699951171875,1319.449951171875,1305.260009765625,1319.43994140625
2011-03-30,1321.8900146484375,1331.739990234375,1321.8900146484375,1328.260009765625
2011-03-31,1327.43994140625,1329.77001953125,1325.030029296875,1325.8299560546875
2011-04-01,1329.47998046875,1337.8499755859375,1328.8900146484375,1332.4100341796875
2011-04-04,1333.56005859375,1336.739990234375,1329.0999755859375,1332.8699951171875
2011-04-05,1332.030029296875,1338.2099609375,1330.030029296875,1332.6300048828125
2011-04-06,1335.93994140625,1339.3800048828125,1331.0899658203125,1335.5400390625
2011-04-07,1334.8199462890625,1338.800048828125,1326.56005859375,1333.510009765625
2011-04-08,1336.1600341796875,1339.4599609375,1322.93994140625,1328.1700439453125
2011-04-11,1329.010009765625,1333.77001953125,1321.06005859375,1324.4599609375
2011-04-12,1321.9599609375,1321.9599609375,1309.510009765625,1314.1600341796875
2011-04-13,1314.030029296875,1321.3499755859375,1309.18994140625,1314.4100341796875
2011-04-14,1311.1300048828125,1316.7900390625,1302.4200439453125,1314.52001953125
2011-04-15,1314.5400390625,1322.8800048828125,1313.6800537109375,1319.6800537109375
2011-04-18,1313.3499755859375,1313.3499755859375,1294.699951171875,1305.1400146484375
2011-04-19,1305.989990234375,1312.699951171875,1303.969970703125,1312.6199951171875
2011-04-20,1319.1199951171875,1332.6600341796875,1319.1199951171875,1330.3599853515625
2011-04-21,1333.22998046875,1337.489990234375,1332.8299560546875,1337.3800048828125
2011-04-25,1337.1400146484375,1337.550048828125,1331.469970703125,1335.25
2011-04-26,1336.75,1349.550048828125,1336.75,1347.239990234375
2011-04-27,1348.4300537109375,1357.489990234375,1344.25,1355.6600341796875
2011-04-28,1353.8599853515625,1361.7099609375,1353.5999755859375,1360.47998046875
2011-04-29,1360.1400146484375,1364.56005859375,1358.68994140625,1363.6099853515625
2011-05-02,1365.2099609375,1370.5799560546875,1358.5899658203125,1361.219970703125
2011-05-03,1359.760009765625,1360.8399658203125,1349.52001953125,1356.6199951171875
2011-05-04,1355.9000244140625,1355.9000244140625,1341.5,1347.3199462890625
2011-05-05,1344.1600341796875,1348.0,1329.1700439453125,1335.0999755859375
2011-05-06,1340.239990234375,1354.3599853515625,1335.5799560546875,1340.199951171875
2011-05-09,1340.199951171875,1349.43994140625,1338.6400146484375,1346.2900390625
2011-05-10,1348.3399658203125,1359.43994140625,1348.3399658203125,1357.1600341796875
2011-05-11,1354.510009765625,1354.510009765625,1336.3599853515625,1342.0799560546875
2011-05-12,1339.3900146484375,1351.050048828125,1332.030029296875,1348.6500244140625
2011-05-13,1348.68994140625,1350.469970703125,1333.3599853515625,1337.77001953125
2011-05-16,1334.77001953125,1343.3299560546875,1327.3199462890625,1329.469970703125
2011-05-17,1326.0999755859375,1330.4200439453125,1318.510009765625,1328.97998046875
2011-05-18,1328.5400390625,1341.8199462890625,1326.5899658203125,1340.6800537109375
2011-05-19,1342.4000244140625,1346.8199462890625,1336.3599853515625,1343.5999755859375
2011-05-20,1342.0,1342.0,1330.6700439453125,1333.27001953125
2011-05-23,1333.0699462890625,1333.0699462890625,1312.8800048828125,1317.3699951171875
2011-05-24,1317.699951171875,1323.719970703125,1313.8699951171875,1316.280029296875
2011-05-25,1316.3599853515625,1325.8599853515625,1311.800048828125,1320.469970703125
2011-05-26,1320.6400146484375,1328.510009765625,1314.4100341796875,1325.68994140625
2011-05-27,1325.68994140625,1334.6199951171875,1325.68994140625,1331.0999755859375
2011-05-31,1331.0999755859375,1345.199951171875,1331.0999755859375,1345.199951171875
2011-06-01,1345.199951171875,1345.199951171875,1313.7099609375,1314.550048828125
2011-06-02,1314.550048828125,1318.030029296875,1305.6099853515625,1312.93994140625
2011-06-03,1312.93994140625,1312.93994140625,1297.9000244140625,1300.1600341796875
2011-06-06,1300.260009765625,1300.260009765625,1284.719970703125,1286.1700439453125
2011-06-07,1286.31005859375,1296.219970703125,1284.739990234375,1284.93994140625
2011-06-08,1284.6300048828125,1287.0400390625,1277.4200439453125,1279.56005859375
2011-06-09,1279.6300048828125,1294.5400390625,1279.6300048828125,1289.0
2011-06-10,1288.5999755859375,1288.5999755859375,1268.280029296875,1270.97998046875
2011-06-13,1271.31005859375,1277.0400390625,1265.6400146484375,1271.8299560546875
2011-06-14,1272.219970703125,1292.5,1272.219970703125,1287.8699951171875
2011-06-15,1287.8699951171875,1287.8699951171875,1261.9000244140625,1265.4200439453125
2011-06-16,1265.530029296875,1274.1099853515625,1258.0699462890625,1267.6400146484375
2011-06-17,1268.5799560546875,1279.8199462890625,1267.4000244140625,1271.5
2011-06-20,1271.5,1280.4200439453125,1267.56005859375,1278.3599853515625
2011-06-21,1278.4000244140625,1297.6199951171875,1278.4000244140625,1295.52001953125
2011-06-22,1295.47998046875,1298.6099853515625,1286.7900390625,1287.1400146484375
2011-06-23,1286.5999755859375,1286.5999755859375,1262.8699951171875,1283.5
2011-06-24,1283.0400390625,1283.9300537109375,1267.239990234375,1268.449951171875
2011-06-27,1268.43994140625,1284.9100341796875,1267.530029296875,1280.0999755859375
2011-06-28,1280.2099609375,1296.800048828125,1280.2099609375,1296.6700439453125
2011-06-29,1296.8499755859375,1309.2099609375,1296.8499755859375,1307.4100341796875
2011-06-30,1307.6400146484375,1321.969970703125,1307.6400146484375,1320.6400146484375
2011-07-01,1320.6400146484375,1341.010009765625,1318.1800537109375,1339.6700439453125
2011-07-05,1339.5899658203125,1340.8900146484375,1334.300048828125,1337.8800048828125
2011-07-06,1337.56005859375,1340.93994140625,1330.9200439453125,1339.219970703125
2011-07-07,1339.6199951171875,1356.47998046875,1339.6199951171875,1353.219970703125
2011-07-08,1352.3900146484375,1352.3900146484375,1333.7099609375,1343.800048828125
2011-07-11,1343.31005859375,1343.31005859375,1316.4200439453125,1319.489990234375
2011-07-12,1319.6099853515625,1327.1700439453125,1313.3299560546875,1313.6400146484375
2011-07-13,1314.449951171875,1331.47998046875,1314.449951171875,1317.719970703125
2011-07-14,1317.739990234375,1326.8800048828125,1306.510009765625,1308.8699951171875
2011-07-15,1308.8699951171875,1317.699951171875,1307.52001953125,1316.1400146484375
2011-07-18,1315.93994140625,1315.93994140625,1295.9200439453125,1305.43994140625
2011-07-19,1307.0699462890625,1328.1400146484375,1307.0699462890625,1326.72998046875
2011-07-20,1328.6600341796875,1330.4300537109375,1323.6500244140625,1325.8399658203125
2011-07-21,1325.6500244140625,1347.0,1325.6500244140625,1343.800048828125
2011-07-22,1343.800048828125,1346.0999755859375,1336.949951171875,1345.02001953125
2011-07-25,1344.3199462890625,1344.3199462890625,1331.0899658203125,1337.4300537109375
2011-07-26,1337.3900146484375,1338.510009765625,1329.5899658203125,1331.93994140625
2011-07-27,1331.9100341796875,1331.9100341796875,1303.489990234375,1304.8900146484375
2011-07-28,1304.8399658203125,1316.3199462890625,1299.1600341796875,1300.6700439453125
2011-07-29,1300.1199951171875,1304.1600341796875,1282.8599853515625,1292.280029296875
2011-08-01,1292.5899658203125,1307.3800048828125,1274.72998046875,1286.93994140625
2011-08-02,1286.56005859375,1286.56005859375,1254.030029296875,1254.050048828125
2011-08-03,1254.25,1261.199951171875,1234.56005859375,1260.3399658203125
2011-08-04,1260.22998046875,1260.22998046875,1199.5400390625,1200.0699462890625
2011-08-05,1200.280029296875,1218.1099853515625,1168.0899658203125,1199.3800048828125
2011-08-08,1198.47998046875,1198.47998046875,1119.280029296875,1119.4599609375
2011-08-09,1120.22998046875,1172.8800048828125,1101.5400390625,1172.530029296875
2011-08-10,1171.77001953125,1171.77001953125,1118.010009765625,1120.760009765625
2011-08-11,1121.300048828125,1186.2900390625,1121.300048828125,1172.6400146484375
2011-08-12,1172.8699951171875,1189.0400390625,1170.739990234375,1178.81005859375
2011-08-15,1178.8599853515625,1204.489990234375,1178.8599853515625,1204.489990234375
2011-08-16,1204.219970703125,1204.219970703125,1180.530029296875,1192.760009765625
2011-08-17,1192.8900146484375,1208.469970703125,1184.3599853515625,1193.8900146484375
2011-08-18,1189.6199951171875,1189.6199951171875,1131.030029296875,1140.6500244140625
2011-08-19,1140.469970703125,1154.5400390625,1122.050048828125,1123.530029296875
2011-08-22,1123.550048828125,1145.489990234375,1121.0899658203125,1123.8199462890625
2011-08-23,1124.3599853515625,1162.3499755859375,1124.3599853515625,1162.3499755859375
2011-08-24,1162.1600341796875,1178.56005859375,1156.300048828125,1177.5999755859375
2011-08-25,1176.68994140625,1190.6800537109375,1155.469970703125,1159.27001953125
2011-08-26,1158.8499755859375,1181.22998046875,1135.9100341796875,1176.800048828125
2011-08-29,1177.9100341796875,1210.280029296875,1177.9100341796875,1210.0799560546875
2011-08-30,1209.760009765625,1220.0999755859375,1195.77001953125,1212.9200439453125
2011-08-31,1213.0,1230.7099609375,1209.3499755859375,1218.8900146484375
2011-09-01,1219.1199951171875,1229.2900390625,1203.8499755859375,1204.4200439453125
2011-09-02,1203.9000244140625,1203.9000244140625,1170.56005859375,1173.969970703125
2011-09-06,1173.969970703125,1173.969970703125,1140.1300048828125,1165.239990234375
2011-09-07,1165.8499755859375,1198.6199951171875,1165.8499755859375,1198.6199951171875
2011-09-08,1197.97998046875,1204.4000244140625,1183.3399658203125,1185.9000244140625
2011-09-09,1185.3699951171875,1185.3699951171875,1148.3699951171875,1154.22998046875
2011-09-12,1153.5,1162.52001953125,1136.0699462890625,1162.27001953125
2011-09-13,1162.5899658203125,1176.4100341796875,1157.43994140625,1172.8699951171875
2011-09-14,1173.3199462890625,1202.3800048828125,1162.72998046875,1188.6800537109375
2011-09-15,1189.43994140625,1209.1099853515625,1189.43994140625,1209.1099853515625
2011-09-16,1209.2099609375,1220.06005859375,1204.4599609375,1216.010009765625
2011-09-19,1214.989990234375,1214.989990234375,1188.3599853515625,1204.0899658203125
2011-09-20,1204.5,1220.3900146484375,1201.2900390625,1202.0899658203125
2011-09-21,1203.6300048828125,1206.300048828125,1166.2099609375,1166.760009765625
2011-09-22,1164.550048828125,1164.550048828125,1114.219970703125,1129.56005859375
2011-09-23,1128.8199462890625,1141.719970703125,1121.3599853515625,1136.4300537109375
2011-09-26,1136.9100341796875,1164.18994140625,1131.0699462890625,1162.949951171875
2011-09-27,1163.3199462890625,1195.8599853515625,1163.3199462890625,1175.3800048828125
2011-09-28,1175.3900146484375,1184.7099609375,1150.4000244140625,1151.06005859375
2011-09-29,1151.739990234375,1175.8699951171875,1139.9300537109375,1160.4000244140625
2011-09-30,1159.9300537109375,1159.9300537109375,1131.3399658203125,1131.4200439453125
2011-10-03,1131.2099609375,1138.989990234375,1098.9200439453125,1099.22998046875
2011-10-04,1097.4200439453125,1125.1199951171875,1074.77001953125,1123.949951171875
2011-10-05,1124.030029296875,1146.0699462890625,1115.6800537109375,1144.030029296875
2011-10-06,1144.1099853515625,1165.550048828125,1134.949951171875,1164.969970703125
2011-10-07,1165.030029296875,1171.4000244140625,1150.260009765625,1155.4599609375
2011-10-10,1158.1500244140625,1194.9100341796875,1158.1500244140625,1194.8900146484375
2011-10-11,1194.5999755859375,1199.239990234375,1187.300048828125,1195.5400390625
2011-10-12,1196.18994140625,1220.25,1196.18994140625,1207.25
2011-10-13,1206.9599609375,1207.4599609375,1190.5799560546875,1203.6600341796875
2011-10-14,1205.6500244140625,1224.6099853515625,1205.6500244140625,1224.5799560546875
2011-10-17,1224.469970703125,1224.469970703125,1198.550048828125,1200.8599853515625
2011-10-18,1200.75,1233.0999755859375,1191.47998046875,1225.3800048828125
2011-10-19,1223.4599609375,1229.6400146484375,1206.31005859375,1209.8800048828125
2011-10-20,1209.9200439453125,1219.530029296875,1197.3399658203125,1215.3900146484375
2011-10-21,1215.3900146484375,1239.030029296875,1215.3900146484375,1238.25
2011-10-24,1238.719970703125,1256.550048828125,1238.719970703125,1254.18994140625
2011-10-25,1254.18994140625,1254.18994140625,1226.7900390625,1229.050048828125
2011-10-26,1229.1700439453125,1246.280029296875,1221.06005859375,1242.0
2011-10-27,1243.969970703125,1292.6600341796875,1243.969970703125,1284.5899658203125
2011-10-28,1284.3900146484375,1287.0799560546875,1277.010009765625,1285.0899658203125
2011-10-31,1284.9599609375,1284.9599609375,1253.1600341796875,1253.300048828125
2011-11-01,1251.0,1251.0,1215.4200439453125,1218.280029296875
2011-11-02,1219.6199951171875,1242.47998046875,1219.6199951171875,1237.9000244140625
2011-11-03,1238.25,1263.2099609375,1234.81005859375,1261.1500244140625
2011-11-04,1260.8199462890625,1260.8199462890625,1238.9200439453125,1253.22998046875
2011-11-07,1253.2099609375,1261.699951171875,1240.75,1261.1199951171875
2011-11-08,1261.1199951171875,1277.550048828125,1254.989990234375,1275.9200439453125
2011-11-09,1275.1800537109375,1275.1800537109375,1226.6400146484375,1229.0999755859375
2011-11-10,1229.5899658203125,1246.219970703125,1227.699951171875,1239.699951171875
2011-11-11,1240.1199951171875,1266.97998046875,1240.1199951171875,1263.8499755859375
2011-11-14,1263.8499755859375,1263.8499755859375,1246.6800537109375,1251.780029296875
2011-11-15,1251.699951171875,1264.25,1244.3399658203125,1257.81005859375
2011-11-16,1257.81005859375,1259.6099853515625,1235.6700439453125,1236.9100341796875
2011-11-17,1236.56005859375,1237.72998046875,1209.4300537109375,1216.1300048828125
2011-11-18,1216.18994140625,1223.510009765625,1211.3599853515625,1215.6500244140625
2011-11-21,1215.6199951171875,1215.6199951171875,1183.1600341796875,1192.97998046875
2011-11-22,1192.97998046875,1196.81005859375,1181.6500244140625,1188.0400390625
2011-11-23,1187.47998046875,1187.47998046875,1161.7900390625,1161.7900390625
2011-11-25,1161.4100341796875,1172.6600341796875,1158.6600341796875,1158.6700439453125
2011-11-28,1158.6700439453125,1197.3499755859375,1158.6700439453125,1192.550048828125
2011-11-29,1192.56005859375,1203.6700439453125,1191.800048828125,1195.18994140625
2011-11-30,1196.719970703125,1247.1099853515625,1196.719970703125,1246.9599609375
2011-12-01,1246.9100341796875,1251.0899658203125,1239.72998046875,1244.5799560546875
2011-12-02,1246.030029296875,1260.0799560546875,1243.3499755859375,1244.280029296875
2011-12-05,1244.3299560546875,1266.72998046875,1244.3299560546875,1257.0799560546875
2011-12-06,1257.18994140625,1266.030029296875,1253.030029296875,1258.469970703125
2011-12-07,1258.1400146484375,1267.06005859375,1244.800048828125,1261.010009765625
2011-12-08,1260.8699951171875,1260.8699951171875,1231.469970703125,1234.3499755859375
2011-12-09,1234.47998046875,1258.25,1234.47998046875,1255.18994140625
2011-12-12,1255.050048828125,1255.050048828125,1227.25,1236.469970703125
2011-12-13,1236.8299560546875,1249.8599853515625,1219.4300537109375,1225.72998046875
2011-12-14,1225.72998046875,1225.72998046875,1209.469970703125,1211.8199462890625
2011-12-15,1212.1199951171875,1225.5999755859375,1212.1199951171875,1215.75
2011-12-16,1216.0899658203125,1231.0400390625,1215.199951171875,1219.6600341796875
2011-12-19,1219.739990234375,1224.5699462890625,1202.3699951171875,1205.3499755859375
2011-12-20,1205.719970703125,1242.8199462890625,1205.719970703125,1241.300048828125
2011-12-21,1241.25,1245.0899658203125,1229.510009765625,1243.719970703125
2011-12-22,1243.719970703125,1255.219970703125,1243.719970703125,1254.0
2011-12-23,1254.0,1265.4200439453125,1254.0,1265.3299560546875
2011-12-27,1265.02001953125,1269.3699951171875,1262.300048828125,1265.4300537109375
2011-12-28,1265.3800048828125,1265.8499755859375,1248.6400146484375,1249.6400146484375
2011-12-29,1249.75,1263.5400390625,1249.75,1263.02001953125
2011-12-30,1262.8199462890625,1264.1199951171875,1257.4599609375,1257.5999755859375
2012-01-03,1258.8599853515625,1284.6199951171875,1258.8599853515625,1277.06005859375
2012-01-04,1277.030029296875,1278.72998046875,1268.0999755859375,1277.300048828125
2012-01-05,1277.300048828125,1283.050048828125,1265.260009765625,1281.06005859375
2012-01-06,1280.9300537109375,1281.8399658203125,1273.3399658203125,1277.81005859375
2012-01-09,1277.8299560546875,1281.989990234375,1274.550048828125,1280.699951171875
2012-01-10,1280.77001953125,1296.4599609375,1280.77001953125,1292.0799560546875
2012-01-11,1292.02001953125,1293.800048828125,1285.4100341796875,1292.47998046875
2012-01-12,1292.47998046875,1296.8199462890625,1285.77001953125,1295.5
2012-01-13,1294.8199462890625,1294.8199462890625,1277.5799560546875,1289.0899658203125
2012-01-17,1290.219970703125,1303.0,1290.219970703125,1293.6700439453125
2012-01-18,1293.6500244140625,1308.1099853515625,1290.989990234375,1308.0400390625
2012-01-19,1308.0699462890625,1315.489990234375,1308.0699462890625,1314.5
2012-01-20,1314.489990234375,1315.3800048828125,1309.1700439453125,1315.3800048828125
2012-01-23,1315.2900390625,1322.280029296875,1309.8900146484375,1316.0
2012-01-24,1315.9599609375,1315.9599609375,1306.06005859375,1314.6500244140625
2012-01-25,1314.4000244140625,1328.300048828125,1307.6500244140625,1326.06005859375
2012-01-26,1326.280029296875,1333.469970703125,1313.5999755859375,1318.4300537109375
2012-01-27,1318.25,1320.06005859375,1311.719970703125,1316.3299560546875
2012-01-30,1316.1600341796875,1316.1600341796875,1300.489990234375,1313.010009765625
2012-01-31,1313.530029296875,1321.4100341796875,1306.68994140625,1312.4100341796875
2012-02-01,1312.449951171875,1330.52001953125,1312.449951171875,1324.0899658203125
2012-02-02,1324.239990234375,1329.18994140625,1321.5699462890625,1325.5400390625
2012-02-03,1326.2099609375,1345.3399658203125,1326.2099609375,1344.9000244140625
2012-02-06,1344.3199462890625,1344.3599853515625,1337.52001953125,1344.3299560546875
2012-02-07,1344.3299560546875,1349.239990234375,1335.9200439453125,1347.050048828125
2012-02-08,1347.0400390625,1351.0,1341.949951171875,1349.9599609375
2012-02-09,1349.969970703125,1354.3199462890625,1344.6300048828125,1351.949951171875
2012-02-10,1351.2099609375,1351.2099609375,1337.3499755859375,1342.6400146484375
2012-02-13,1343.06005859375,1353.3499755859375,1343.06005859375,1351.77001953125
2012-02-14,1351.300048828125,1351.300048828125,1340.8299560546875,1350.5
2012-02-15,1350.52001953125,1355.8699951171875,1340.800048828125,1343.22998046875
2012-02-16,1342.6099853515625,1359.02001953125,1341.219970703125,1358.0400390625
2012-02-17,1358.06005859375,1363.4000244140625,1357.239990234375,1361.22998046875
2012-02-21,1361.219970703125,1367.760009765625,1358.1099853515625,1362.2099609375
2012-02-22,1362.1099853515625,1362.699951171875,1355.530029296875,1357.6600341796875
2012-02-23,1357.530029296875,1364.239990234375,1352.280029296875,1363.4599609375
2012-02-24,1363.4599609375,1368.9200439453125,1363.4599609375,1365.739990234375
2012-02-27,1365.199951171875,1371.93994140625,1354.9200439453125,1367.5899658203125
2012-02-28,1367.56005859375,1373.0899658203125,1365.969970703125,1372.1800537109375
2012-02-29,1372.199951171875,1378.0400390625,1363.81005859375,1365.6800537109375
2012-03-01,1365.9000244140625,1376.1700439453125,1365.9000244140625,1374.0899658203125
2012-03-02,1374.0899658203125,1374.530029296875,1366.4200439453125,1369.6300048828125
2012-03-05,1369.5899658203125,1369.5899658203125,1359.1300048828125,1364.3299560546875
2012-03-06,1363.6300048828125,1363.6300048828125,1340.030029296875,1343.3599853515625
2012-03-07,1343.3900146484375,1354.8499755859375,1343.3900146484375,1352.6300048828125
2012-03-08,1352.6500244140625,1368.719970703125,1352.6500244140625,1365.9100341796875
2012-03-09,1365.969970703125,1374.760009765625,1365.969970703125,1370.8699951171875
2012-03-12,1370.780029296875,1373.0400390625,1366.68994140625,1371.0899658203125
2012-03-13,1371.9200439453125,1396.1300048828125,1371.9200439453125,1395.949951171875
2012-03-14,1395.949951171875,1399.4200439453125,1389.969970703125,1394.280029296875
2012-03-15,1394.1700439453125,1402.6300048828125,1392.780029296875,1402.5999755859375
2012-03-16,1402.550048828125,1405.8800048828125,1401.469970703125,1404.1700439453125
2012-03-19,1404.1700439453125,1414.0,1402.4300537109375,1409.75
2012-03-20,1409.5899658203125,1409.5899658203125,1397.6800537109375,1405.52001953125
2012-03-21,1405.52001953125,1407.75,1400.6400146484375,1402.8900146484375
2012-03-22,1402.8900146484375,1402.8900146484375,1388.72998046875,1392.780029296875
2012-03-23,1392.780029296875,1399.1800537109375,1386.8699951171875,1397.1099853515625
2012-03-26,1397.1099853515625,1416.5799560546875,1397.1099853515625,1416.510009765625
2012-03-27,1416.550048828125,1419.1500244140625,1411.949951171875,1412.52001953125
2012-03-28,1412.52001953125,1413.6500244140625,1397.199951171875,1405.5400390625
2012-03-29,1405.3900146484375,1405.3900146484375,1391.56005859375,1403.280029296875
2012-03-30,1403.31005859375,1410.8900146484375,1401.4200439453125,1408.469970703125
2012-04-02,1408.469970703125,1422.3800048828125,1404.4599609375,1419.0400390625
2012-04-03,1418.97998046875,1419.0,1404.6199951171875,1413.3800048828125
2012-04-04,1413.0899658203125,1413.0899658203125,1394.0899658203125,1398.9599609375
2012-04-05,1398.7900390625,1401.5999755859375,1392.9200439453125,1398.0799560546875
2012-04-09,1397.449951171875,1397.449951171875,1378.239990234375,1382.199951171875
2012-04-10,1382.1800537109375,1383.010009765625,1357.3800048828125,1358.5899658203125
2012-04-11,1358.97998046875,1374.7099609375,1358.97998046875,1368.7099609375
2012-04-12,1368.77001953125,1388.1300048828125,1368.77001953125,1387.5699462890625
2012-04-13,1387.6099853515625,1387.6099853515625,1369.8499755859375,1370.260009765625
2012-04-16,1370.27001953125,1379.6600341796875,1365.3800048828125,1369.5699462890625
2012-04-17,1369.5699462890625,1392.760009765625,1369.5699462890625,1390.780029296875
2012-04-18,1390.780029296875,1390.780029296875,1383.2900390625,1385.1400146484375
2012-04-19,1385.0799560546875,1390.4599609375,1370.300048828125,1376.9200439453125
2012-04-20,1376.9599609375,1387.4000244140625,1376.9599609375,1378.530029296875
2012-04-23,1378.530029296875,1378.530029296875,1358.7900390625,1366.93994140625
2012-04-24,1366.969970703125,1375.5699462890625,1366.8199462890625,1371.969970703125
2012-04-25,1372.1099853515625,1391.3699951171875,1372.1099853515625,1390.68994140625
2012-04-26,1390.6400146484375,1402.0899658203125,1387.280029296875,1399.97998046875
2012-04-27,1400.18994140625,1406.6400146484375,1397.31005859375,1403.3599853515625
2012-04-30,1403.260009765625,1403.260009765625,1394.0,1397.9100341796875
2012-05-01,1397.8599853515625,1415.3199462890625,1395.72998046875,1405.8199462890625
2012-05-02,1405.5,1405.5,1393.9200439453125,1402.31005859375
2012-05-03,1402.3199462890625,1403.0699462890625,1388.7099609375,1391.5699462890625
2012-05-04,1391.510009765625,1391.510009765625,1367.9599609375,1369.0999755859375
2012-05-07,1368.7900390625,1373.9100341796875,1363.93994140625,1369.5799560546875
2012-05-08,1369.1600341796875,1369.1600341796875,1347.75,1363.719970703125
2012-05-09,1363.199951171875,1363.72998046875,1343.1300048828125,1354.5799560546875
2012-05-10,1354.5799560546875,1365.8800048828125,1354.5799560546875,1357.989990234375
2012-05-11,1358.1099853515625,1365.6600341796875,1348.8900146484375,1353.3900146484375
2012-05-14,1351.9300537109375,1351.9300537109375,1336.6099853515625,1338.3499755859375
2012-05-15,1338.3599853515625,1344.93994140625,1328.4100341796875,1330.6600341796875
2012-05-16,1330.780029296875,1341.780029296875,1324.7900390625,1324.800048828125
2012-05-17,1324.8199462890625,1326.3599853515625,1304.8599853515625,1304.8599853515625
2012-05-18,1305.050048828125,1312.239990234375,1291.97998046875,1295.219970703125
2012-05-21,1295.72998046875,1316.3900146484375,1295.72998046875,1315.989990234375
2012-05-22,1316.0899658203125,1328.489990234375,1310.0400390625,1316.6300048828125
2012-05-23,1316.02001953125,1320.7099609375,1296.530029296875,1318.8599853515625
2012-05-24,1318.719970703125,1324.1400146484375,1310.5,1320.6800537109375
2012-05-25,1320.81005859375,1324.199951171875,1314.22998046875,1317.8199462890625
2012-05-29,1318.9000244140625,1334.9300537109375,1318.9000244140625,1332.4200439453125
2012-05-30,1331.25,1331.25,1310.760009765625,1313.3199462890625
2012-05-31,1313.0899658203125,1319.739990234375,1298.9000244140625,1310.3299560546875
2012-06-01,1309.8699951171875,1309.8699951171875,1277.25,1278.0400390625
2012-06-04,1278.2900390625,1282.550048828125,1266.739990234375,1278.1800537109375
2012-06-05,1277.8199462890625,1287.6199951171875,1274.1600341796875,1285.5
2012-06-06,1285.6099853515625,1315.1300048828125,1285.6099853515625,1315.1300048828125
2012-06-07,1316.1500244140625,1329.050048828125,1312.6800537109375,1314.989990234375
2012-06-08,1314.989990234375,1325.81005859375,1307.77001953125,1325.6600341796875
2012-06-11,1325.719970703125,1335.52001953125,1307.72998046875,1308.9300537109375
2012-06-12,1309.4000244140625,1324.31005859375,1306.6199951171875,1324.1800537109375
2012-06-13,1324.02001953125,1327.280029296875,1310.510009765625,1314.8800048828125
2012-06-14,1314.8800048828125,1333.6800537109375,1314.1400146484375,1329.0999755859375
2012-06-15,1329.18994140625,1343.3199462890625,1329.18994140625,1342.8399658203125
2012-06-18,1342.4200439453125,1348.219970703125,1334.4599609375,1344.780029296875
2012-06-19,1344.8299560546875,1363.4599609375,1344.8299560546875,1357.97998046875
2012-06-20,1358.0400390625,1361.5699462890625,1346.449951171875,1355.68994140625
2012-06-21,1355.4300537109375,1358.27001953125,1324.4100341796875,1325.510009765625
2012-06-22,1325.9200439453125,1337.8199462890625,1325.9200439453125,1335.02001953125
2012-06-25,1334.9000244140625,1334.9000244140625,1309.27001953125,1313.719970703125
2012-06-26,1314.0899658203125,1324.239990234375,1310.300048828125,1319.989990234375
2012-06-27,1320.7099609375,1334.4000244140625,1320.7099609375,1331.8499755859375
2012-06-28,1331.52001953125,1331.52001953125,1313.2900390625,1329.0400390625
2012-06-29,1330.1199951171875,1362.1700439453125,1330.1199951171875,1362.1600341796875
2012-07-02,1362.3299560546875,1366.3499755859375,1355.699951171875,1365.510009765625
2012-07-03,1365.75,1374.81005859375,1363.530029296875,1374.02001953125
2012-07-05,1373.719970703125,1373.8499755859375,1363.02001953125,1367.5799560546875
2012-07-06,1367.0899658203125,1367.0899658203125,1348.030029296875,1354.6800537109375
2012-07-09,1354.6600341796875,1354.8699951171875,1346.6500244140625,1352.4599609375
2012-07-10,1352.9599609375,1361.5400390625,1336.27001953125,1341.469970703125
2012-07-11,1341.4000244140625,1345.0,1333.25,1341.449951171875
2012-07-12,1341.2900390625,1341.2900390625,1325.4100341796875,1334.760009765625
2012-07-13,1334.81005859375,1357.699951171875,1334.81005859375,1356.780029296875
2012-07-16,1356.5,1357.260009765625,1348.510009765625,1353.6400146484375
2012-07-17,1353.6800537109375,1365.3599853515625,1345.0699462890625,1363.6700439453125
2012-07-18,1363.5799560546875,1375.260009765625,1358.9599609375,1372.780029296875
2012-07-19,1373.010009765625,1380.3900146484375,1371.2099609375,1376.510009765625
2012-07-20,1376.510009765625,1376.510009765625,1362.18994140625,1362.6600341796875
2012-07-23,1362.3399658203125,1362.3399658203125,1337.56005859375,1350.52001953125
2012-07-24,1350.52001953125,1351.530029296875,1329.239990234375,1338.31005859375
2012-07-25,1338.3499755859375,1343.97998046875,1331.5,1337.8900146484375
2012-07-26,1338.1700439453125,1363.1300048828125,1338.1700439453125,1360.02001953125
2012-07-27,1360.050048828125,1389.18994140625,1360.050048828125,1385.969970703125
2012-07-30,1385.93994140625,1391.739990234375,1381.3699951171875,1385.300048828125
2012-07-31,1385.27001953125,1387.1600341796875,1379.1700439453125,1379.3199462890625
2012-08-01,1379.3199462890625,1385.030029296875,1373.3499755859375,1375.3199462890625
2012-08-02,1375.1300048828125,1375.1300048828125,1354.6500244140625,1365.0
2012-08-03,1365.449951171875,1394.1600341796875,1365.449951171875,1390.989990234375
2012-08-06,1391.0400390625,1399.6300048828125,1391.0400390625,1394.22998046875
2012-08-07,1394.4599609375,1407.1400146484375,1394.4599609375,1401.3499755859375
2012-08-08,1401.22998046875,1404.1400146484375,1396.1300048828125,1402.219970703125
2012-08-09,1402.260009765625,1405.949951171875,1398.800048828125,1402.800048828125
2012-08-10,1402.5799560546875,1405.97998046875,1395.6199951171875,1405.8699951171875
2012-08-13,1405.8699951171875,1405.8699951171875,1397.3199462890625,1404.1099853515625
2012-08-14,1404.3599853515625,1410.030029296875,1400.5999755859375,1403.9300537109375
2012-08-15,1403.8900146484375,1407.72998046875,1401.8299560546875,1405.530029296875
2012-08-16,1405.5699462890625,1417.43994140625,1404.1500244140625,1415.510009765625
2012-08-17,1415.8399658203125,1418.7099609375,1414.6700439453125,1418.1600341796875
2012-08-20,1417.8499755859375,1418.1300048828125,1412.1199951171875,1418.1300048828125
2012-08-21,1418.1300048828125,1426.6800537109375,1410.8599853515625,1413.1700439453125
2012-08-22,1413.0899658203125,1416.1199951171875,1406.780029296875,1413.489990234375
2012-08-23,1413.489990234375,1413.489990234375,1400.5,1402.0799560546875
2012-08-24,1401.989990234375,1413.4599609375,1398.0400390625,1411.1300048828125
2012-08-27,1411.1300048828125,1416.1700439453125,1409.1099853515625,1410.43994140625
2012-08-28,1410.43994140625,1413.6300048828125,1405.5899658203125,1409.300048828125
2012-08-29,1409.3199462890625,1413.949951171875,1406.5699462890625,1410.489990234375
2012-08-30,1410.0799560546875,1410.0799560546875,1397.010009765625,1399.47998046875
2012-08-31,1400.0699462890625,1413.0899658203125,1398.9599609375,1406.5799560546875
2012-09-04,1406.5400390625,1409.31005859375,1396.56005859375,1404.93994140625
2012-09-05,1404.93994140625,1408.81005859375,1401.25,1403.43994140625
2012-09-06,1403.739990234375,1432.1199951171875,1403.739990234375,1432.1199951171875
2012-09-07,1432.1199951171875,1437.9200439453125,1431.449951171875,1437.9200439453125
2012-09-10,1437.9200439453125,1438.739990234375,1428.97998046875,1429.0799560546875
2012-09-11,1429.1300048828125,1437.760009765625,1429.1300048828125,1433.56005859375
2012-09-12,1433.56005859375,1439.1500244140625,1432.989990234375,1436.56005859375
2012-09-13,1436.56005859375,1463.760009765625,1435.3399658203125,1459.989990234375
2012-09-14,1460.0699462890625,1474.510009765625,1460.0699462890625,1465.77001953125
2012-09-17,1465.4200439453125,1465.6300048828125,1457.550048828125,1461.18994140625
2012-09-18,1461.18994140625,1461.469970703125,1456.1300048828125,1459.3199462890625
2012-09-19,1459.5,1465.1500244140625,1457.8800048828125,1461.050048828125
2012-09-20,1461.050048828125,1461.22998046875,1449.97998046875,1460.260009765625
2012-09-21,1460.3399658203125,1467.0699462890625,1459.510009765625,1460.1500244140625
2012-09-24,1459.760009765625,1460.719970703125,1452.06005859375,1456.8900146484375
2012-09-25,1456.93994140625,1463.239990234375,1441.5899658203125,1441.5899658203125
2012-09-26,1441.5999755859375,1441.5999755859375,1430.530029296875,1433.3199462890625
2012-09-27,1433.3599853515625,1450.199951171875,1433.3599853515625,1447.1500244140625
2012-09-28,1447.1300048828125,1447.1300048828125,1435.5999755859375,1440.6700439453125
2012-10-01,1440.9000244140625,1457.1400146484375,1440.9000244140625,1444.489990234375
2012-10-02,1444.989990234375,1451.52001953125,1439.010009765625,1445.75
2012-10-03,1446.050048828125,1454.300048828125,1441.989990234375,1450.989990234375
2012-10-04,1451.0799560546875,1463.1400146484375,1451.0799560546875,1461.4000244140625
2012-10-05,1461.4000244140625,1470.9599609375,1456.8900146484375,1460.9300537109375
2012-10-08,1460.9300537109375,1460.9300537109375,1453.0999755859375,1455.8800048828125
2012-10-09,1455.9000244140625,1455.9000244140625,1441.1800537109375,1441.47998046875
2012-10-10,1441.47998046875,1442.52001953125,1430.6400146484375,1432.56005859375
2012-10-11,1432.8199462890625,1443.9000244140625,1432.8199462890625,1432.8399658203125
2012-10-12,1432.8399658203125,1438.4300537109375,1425.530029296875,1428.5899658203125
2012-10-15,1428.75,1441.31005859375,1427.239990234375,1440.1300048828125
2012-10-16,1440.31005859375,1455.510009765625,1440.31005859375,1454.9200439453125
2012-10-17,1454.219970703125,1462.199951171875,1453.3499755859375,1460.9100341796875
2012-10-18,1460.93994140625,1464.02001953125,1452.6300048828125,1457.3399658203125
2012-10-19,1457.3399658203125,1457.3399658203125,1429.8499755859375,1433.18994140625
2012-10-22,1433.2099609375,1435.4599609375,1422.06005859375,1433.8199462890625
2012-10-23,1433.739990234375,1433.739990234375,1407.56005859375,1413.1099853515625
2012-10-24,1413.199951171875,1420.0400390625,1407.0999755859375,1408.75
2012-10-25,1409.739990234375,1421.1199951171875,1405.1400146484375,1412.969970703125
2012-10-26,1412.969970703125,1417.0899658203125,1403.280029296875,1411.93994140625
2012-10-31,1410.989990234375,1418.760009765625,1405.949951171875,1412.1600341796875
2012-11-01,1412.199951171875,1428.3499755859375,1412.199951171875,1427.5899658203125
2012-11-02,1427.5899658203125,1434.27001953125,1412.9100341796875,1414.199951171875
2012-11-05,1414.02001953125,1419.9000244140625,1408.1300048828125,1417.260009765625
2012-11-06,1417.260009765625,1433.3800048828125,1417.260009765625,1428.3900146484375
2012-11-07,1428.27001953125,1428.27001953125,1388.1400146484375,1394.530029296875
2012-11-08,1394.530029296875,1401.22998046875,1377.510009765625,1377.510009765625
2012-11-09,1377.550048828125,1391.3900146484375,1373.030029296875,1379.8499755859375
2012-11-12,1379.8599853515625,1384.8699951171875,1377.18994140625,1380.030029296875
2012-11-13,1380.030029296875,1388.81005859375,1371.3900146484375,1374.530029296875
2012-11-14,1374.6400146484375,1380.1300048828125,1352.5,1355.489990234375
2012-11-15,1355.4100341796875,1360.6199951171875,1348.050048828125,1353.3299560546875
2012-11-16,1353.3599853515625,1362.030029296875,1343.3499755859375,1359.8800048828125
2012-11-19,1359.8800048828125,1386.8900146484375,1359.8800048828125,1386.8900146484375
2012-11-20,1386.8199462890625,1389.77001953125,1377.0400390625,1387.81005859375
2012-11-21,1387.7900390625,1391.25,1386.3900146484375,1391.030029296875
2012-11-23,1391.030029296875,1409.1600341796875,1391.030029296875,1409.1500244140625
2012-11-26,1409.1500244140625,1409.1500244140625,1397.6800537109375,1406.2900390625
2012-11-27,1406.2900390625,1409.010009765625,1398.030029296875,1398.93994140625
2012-11-28,1398.77001953125,1410.31005859375,1385.4300537109375,1409.9300537109375
2012-11-29,1409.9599609375,1419.699951171875,1409.0400390625,1415.949951171875
2012-11-30,1415.949951171875,1418.8599853515625,1411.6300048828125,1416.1800537109375
2012-12-03,1416.3399658203125,1423.72998046875,1408.4599609375,1409.4599609375
2012-12-04,1409.4599609375,1413.1400146484375,1403.6500244140625,1407.050048828125
2012-12-05,1407.050048828125,1415.56005859375,1398.22998046875,1409.280029296875
2012-12-06,1409.4300537109375,1413.949951171875,1405.9300537109375,1413.93994140625
2012-12-07,1413.949951171875,1420.3399658203125,1410.9000244140625,1418.0699462890625
2012-12-10,1418.0699462890625,1421.6400146484375,1415.6400146484375,1418.550048828125
2012-12-11,1418.550048828125,1434.27001953125,1418.550048828125,1427.8399658203125
2012-12-12,1427.8399658203125,1438.5899658203125,1426.760009765625,1428.47998046875
2012-12-13,1428.47998046875,1431.3599853515625,1416.0,1419.449951171875
2012-12-14,1419.449951171875,1419.449951171875,1411.8800048828125,1413.5799560546875
2012-12-17,1413.5400390625,1430.6700439453125,1413.5400390625,1430.3599853515625
2012-12-18,1430.469970703125,1448.0,1430.469970703125,1446.7900390625
2012-12-19,1446.7900390625,1447.75,1435.800048828125,1435.81005859375
2012-12-20,1435.81005859375,1443.699951171875,1432.8199462890625,1443.68994140625
2012-12-21,1443.6700439453125,1443.6700439453125,1422.5799560546875,1430.1500244140625
2012-12-24,1430.1500244140625,1430.1500244140625,1424.6600341796875,1426.6600341796875
2012-12-26,1426.6600341796875,1429.4200439453125,1416.4300537109375,1419.8299560546875
2012-12-27,1419.8299560546875,1422.800048828125,1401.800048828125,1418.0999755859375
2012-12-28,1418.0999755859375,1418.0999755859375,1401.5799560546875,1402.4300537109375
2012-12-31,1402.4300537109375,1426.739990234375,1398.1099853515625,1426.18994140625
2013-01-02,1426.18994140625,1462.4300537109375,1426.18994140625,1462.4200439453125
2013-01-03,1462.4200439453125,1465.469970703125,1455.530029296875,1459.3699951171875
2013-01-04,1459.3699951171875,1467.93994140625,1458.989990234375,1466.469970703125
2013-01-07,1466.469970703125,1466.469970703125,1456.6199951171875,1461.8900146484375
2013-01-08,1461.8900146484375,1461.8900146484375,1451.6400146484375,1457.1500244140625
2013-01-09,1457.1500244140625,1464.72998046875,1457.1500244140625,1461.02001953125
2013-01-10,1461.02001953125,1472.300048828125,1461.02001953125,1472.1199951171875
2013-01-11,1472.1199951171875,1472.75,1467.5799560546875,1472.050048828125
2013-01-14,1472.050048828125,1472.050048828125,1465.68994140625,1470.6800537109375
2013-01-15,1470.6700439453125,1473.31005859375,1463.760009765625,1472.3399658203125
2013-01-16,1472.3299560546875,1473.9599609375,1467.5999755859375,1472.6300048828125
2013-01-17,1472.6300048828125,1485.1600341796875,1472.6300048828125,1480.93994140625
2013-01-18,1480.949951171875,1485.97998046875,1475.81005859375,1485.97998046875
2013-01-22,1485.97998046875,1492.56005859375,1481.1600341796875,1492.56005859375
2013-01-23,1492.56005859375,1496.1300048828125,1489.9000244140625,1494.81005859375
2013-01-24,1494.81005859375,1502.27001953125,1489.4599609375,1494.8199462890625
2013-01-25,1494.8199462890625,1503.260009765625,1494.8199462890625,1502.9599609375
2013-01-28,1502.9599609375,1503.22998046875,1496.3299560546875,1500.1800537109375
2013-01-29,1500.1800537109375,1509.3499755859375,1498.0899658203125,1507.8399658203125
2013-01-30,1507.8399658203125,1509.93994140625,1500.1099853515625,1501.9599609375
2013-01-31,1501.9599609375,1504.18994140625,1496.760009765625,1498.1099853515625
2013-02-01,1498.1099853515625,1514.4100341796875,1498.1099853515625,1513.1700439453125
2013-02-04,1513.1700439453125,1513.1700439453125,1495.02001953125,1495.7099609375
2013-02-05,1495.7099609375,1514.9599609375,1495.7099609375,1511.2900390625
2013-02-06,1511.2900390625,1512.530029296875,1504.7099609375,1512.1199951171875
2013-02-07,1512.1199951171875,1512.9000244140625,1498.489990234375,1509.3900146484375
2013-02-08,1509.3900146484375,1518.31005859375,1509.3900146484375,1517.9300537109375
2013-02-11,1517.9300537109375,1518.31005859375,1513.6099853515625,1517.010009765625
2013-02-12,1517.010009765625,1522.2900390625,1515.6099853515625,1519.4300537109375
2013-02-13,1519.4300537109375,1524.68994140625,1515.9300537109375,1520.3299560546875
2013-02-14,1520.3299560546875,1523.1400146484375,1514.02001953125,1521.3800048828125
2013-02-15,1521.3800048828125,1524.239990234375,1514.1400146484375,1519.7900390625
2013-02-19,1519.7900390625,1530.93994140625,1519.7900390625,1530.93994140625
2013-02-20,1530.93994140625,1530.93994140625,1511.4100341796875,1511.949951171875
2013-02-21,1511.949951171875,1511.949951171875,1497.2900390625,1502.4200439453125
2013-02-22,1502.4200439453125,1515.6400146484375,1502.4200439453125,1515.5999755859375
2013-02-25,1515.5999755859375,1525.8399658203125,1487.8499755859375,1487.8499755859375
2013-02-26,1487.8499755859375,1498.989990234375,1485.010009765625,1496.93994140625
2013-02-27,1496.93994140625,1520.0799560546875,1494.8800048828125,1515.989990234375
2013-02-28,1515.989990234375,1525.3399658203125,1514.4599609375,1514.6800537109375
2013-03-01,1514.6800537109375,1519.989990234375,1501.47998046875,1518.199951171875
2013-03-04,1518.199951171875,1525.27001953125,1512.2900390625,1525.199951171875
2013-03-05,1525.199951171875,1543.469970703125,1525.199951171875,1539.7900390625
2013-03-06,1539.7900390625,1545.25,1538.1099853515625,1541.4599609375
2013-03-07,1541.4599609375,1545.780029296875,1541.4599609375,1544.260009765625
2013-03-08,1544.260009765625,1552.47998046875,1542.93994140625,1551.1800537109375
2013-03-11,1551.1500244140625,1556.27001953125,1547.3599853515625,1556.219970703125
2013-03-12,1556.219970703125,1556.77001953125,1548.239990234375,1552.47998046875
2013-03-13,1552.47998046875,1556.3900146484375,1548.25,1554.52001953125
2013-03-14,1554.52001953125,1563.3199462890625,1554.52001953125,1563.22998046875
2013-03-15,1563.2099609375,1563.6199951171875,1555.739990234375,1560.699951171875
2013-03-18,1560.699951171875,1560.699951171875,1545.1300048828125,1552.0999755859375
2013-03-19,1552.0999755859375,1557.25,1538.5699462890625,1548.3399658203125
2013-03-20,1548.3399658203125,1561.56005859375,1548.3399658203125,1558.7099609375
2013-03-21,1558.7099609375,1558.7099609375,1543.550048828125,1545.800048828125
2013-03-22,1545.9000244140625,1557.739990234375,1545.9000244140625,1556.8900146484375
2013-03-25,1556.8900146484375,1564.9100341796875,1546.219970703125,1551.68994140625
2013-03-26,1551.68994140625,1563.949951171875,1551.68994140625,1563.77001953125
2013-03-27,1563.75,1564.0699462890625,1551.9000244140625,1562.8499755859375
2013-03-28,1562.8599853515625,1570.280029296875,1561.0799560546875,1569.18994140625
2013-04-01,1569.1800537109375,1570.5699462890625,1558.469970703125,1562.1700439453125
2013-04-02,1562.1700439453125,1573.6600341796875,1562.1700439453125,1570.25
2013-04-03,1570.25,1571.469970703125,1549.800048828125,1553.68994140625
2013-04-04,1553.68994140625,1562.5999755859375,1552.52001953125,1559.97998046875
2013-04-05,1559.97998046875,1559.97998046875,1539.5,1553.280029296875
2013-04-08,1553.260009765625,1563.0699462890625,1548.6300048828125,1563.0699462890625
2013-04-09,1563.1099853515625,1573.8900146484375,1560.9200439453125,1568.6099853515625
2013-04-10,1568.6099853515625,1589.0699462890625,1568.6099853515625,1587.72998046875
2013-04-11,1587.72998046875,1597.3499755859375,1586.1700439453125,1593.3699951171875
2013-04-12,1593.300048828125,1593.300048828125,1579.969970703125,1588.8499755859375
2013-04-15,1588.8399658203125,1588.8399658203125,1552.280029296875,1552.3599853515625
2013-04-16,1552.3599853515625,1575.3499755859375,1552.3599853515625,1574.5699462890625
2013-04-17,1574.5699462890625,1574.5699462890625,1543.68994140625,1552.010009765625
2013-04-18,1552.030029296875,1554.3800048828125,1536.030029296875,1541.6099853515625
2013-04-19,1541.6099853515625,1555.8900146484375,1539.4000244140625,1555.25
2013-04-22,1555.25,1565.550048828125,1548.18994140625,1562.5
2013-04-23,1562.5,1579.5799560546875,1562.5,1578.780029296875
2013-04-24,1578.780029296875,1583.0,1575.800048828125,1578.7900390625
2013-04-25,1578.9300537109375,1592.6400146484375,1578.9300537109375,1585.1600341796875
2013-04-26,1585.1600341796875,1585.780029296875,1577.56005859375,1582.239990234375
2013-04-29,1582.3399658203125,1596.6500244140625,1582.3399658203125,1593.6099853515625
2013-04-30,1593.5799560546875,1597.5699462890625,1586.5,1597.5699462890625
2013-05-01,1597.550048828125,1597.550048828125,1581.280029296875,1582.699951171875
2013-05-02,1582.77001953125,1598.5999755859375,1582.77001953125,1597.5899658203125
2013-05-03,1597.5999755859375,1618.4599609375,1597.5999755859375,1614.4200439453125
2013-05-06,1614.4000244140625,1619.77001953125,1614.2099609375,1617.5
2013-05-07,1617.550048828125,1626.030029296875,1616.6400146484375,1625.9599609375
2013-05-08,1625.949951171875,1632.780029296875,1622.699951171875,1632.68994140625
2013-05-09,1632.68994140625,1635.010009765625,1623.0899658203125,1626.6700439453125
2013-05-10,1626.68994140625,1633.699951171875,1623.7099609375,1633.699951171875
2013-05-13,1632.0999755859375,1636.0,1626.739990234375,1633.77001953125
2013-05-14,1633.75,1651.0999755859375,1633.75,1650.3399658203125
2013-05-15,1649.1300048828125,1661.489990234375,1646.6800537109375,1658.780029296875
2013-05-16,1658.0699462890625,1660.510009765625,1648.5999755859375,1650.469970703125
2013-05-17,1652.449951171875,1667.469970703125,1652.449951171875,1667.469970703125
2013-05-20,1665.7099609375,1672.8399658203125,1663.52001953125,1666.2900390625
2013-05-21,1666.199951171875,1674.9300537109375,1662.6700439453125,1669.1600341796875
2013-05-22,1669.3900146484375,1687.1800537109375,1648.8599853515625,1655.3499755859375
2013-05-23,1651.6199951171875,1655.5,1635.530029296875,1650.510009765625
2013-05-24,1646.6700439453125,1649.780029296875,1636.8800048828125,1649.5999755859375
2013-05-28,1652.6300048828125,1674.2099609375,1652.6300048828125,1660.06005859375
2013-05-29,1656.5699462890625,1656.5699462890625,1640.050048828125,1648.3599853515625
2013-05-30,1649.1400146484375,1661.9100341796875,1648.6099853515625,1654.4100341796875
2013-05-31,1652.1300048828125,1658.989990234375,1630.739990234375,1630.739990234375
2013-06-03,1631.7099609375,1640.4200439453125,1622.719970703125,1640.4200439453125
2013-06-04,1640.72998046875,1646.530029296875,1623.6199951171875,1631.3800048828125
2013-06-05,1629.050048828125,1629.31005859375,1607.0899658203125,1608.9000244140625
2013-06-06,1609.2900390625,1622.56005859375,1598.22998046875,1622.56005859375
2013-06-07,1625.27001953125,1644.4000244140625,1625.27001953125,1643.3800048828125
2013-06-10,1644.6700439453125,1648.68994140625,1639.260009765625,1642.81005859375
2013-06-11,1638.6400146484375,1640.1300048828125,1622.9200439453125,1626.1300048828125
2013-06-12,1629.93994140625,1637.7099609375,1610.9200439453125,1612.52001953125
2013-06-13,1612.1500244140625,1639.25,1608.0699462890625,1636.3599853515625
2013-06-14,1635.52001953125,1640.800048828125,1623.9599609375,1626.72998046875
2013-06-17,1630.6400146484375,1646.5,1630.3399658203125,1639.0400390625
2013-06-18,1639.77001953125,1654.18994140625,1639.77001953125,1651.81005859375
2013-06-19,1651.8299560546875,1652.449951171875,1628.9100341796875,1628.9300537109375
2013-06-20,1624.6199951171875,1624.6199951171875,1584.3199462890625,1588.18994140625
2013-06-21,1588.6199951171875,1599.18994140625,1577.699951171875,1592.4300537109375
2013-06-24,1588.77001953125,1588.77001953125,1560.3299560546875,1573.0899658203125
2013-06-25,1577.52001953125,1593.7900390625,1577.0899658203125,1588.030029296875
2013-06-26,1592.27001953125,1606.8299560546875,1592.27001953125,1603.260009765625
2013-06-27,1606.43994140625,1620.0699462890625,1606.43994140625,1613.199951171875
2013-06-28,1611.1199951171875,1615.93994140625,1601.06005859375,1606.280029296875
2013-07-01,1609.780029296875,1626.6099853515625,1609.780029296875,1614.9599609375
2013-07-02,1614.2900390625,1624.260009765625,1606.77001953125,1614.0799560546875
2013-07-03,1611.47998046875,1618.969970703125,1604.5699462890625,1615.4100341796875
2013-07-05,1618.6500244140625,1632.0699462890625,1614.7099609375,1631.8900146484375
2013-07-08,1634.199951171875,1644.6800537109375,1634.199951171875,1640.4599609375
2013-07-09,1642.8900146484375,1654.1800537109375,1642.8900146484375,1652.3199462890625
2013-07-10,1651.56005859375,1657.9200439453125,1647.6600341796875,1652.6199951171875
2013-07-11,1657.4100341796875,1676.6300048828125,1657.4100341796875,1675.02001953125
2013-07-12,1675.260009765625,1680.18994140625,1672.3299560546875,1680.18994140625
2013-07-15,1679.5899658203125,1684.510009765625,1677.8900146484375,1682.5
2013-07-16,1682.699951171875,1683.72998046875,1671.8399658203125,1676.260009765625
2013-07-17,1677.9100341796875,1684.75,1677.9100341796875,1680.9100341796875
2013-07-18,1681.050048828125,1693.1199951171875,1681.050048828125,1689.3699951171875
2013-07-19,1686.1500244140625,1692.0899658203125,1684.0799560546875,1692.0899658203125
2013-07-22,1694.4100341796875,1697.6099853515625,1690.6700439453125,1695.530029296875
2013-07-23,1696.6300048828125,1698.780029296875,1691.1300048828125,1692.3900146484375
2013-07-24,1696.06005859375,1698.3800048828125,1682.5699462890625,1685.93994140625
2013-07-25,1685.2099609375,1690.93994140625,1680.0699462890625,1690.25
2013-07-26,1687.31005859375,1691.8499755859375,1676.030029296875,1691.6500244140625
2013-07-29,1690.3199462890625,1690.9200439453125,1681.8599853515625,1685.3299560546875
2013-07-30,1687.9200439453125,1693.18994140625,1682.4200439453125,1685.9599609375
2013-07-31,1687.760009765625,1698.4300537109375,1684.93994140625,1685.72998046875
2013-08-01,1689.4200439453125,1707.8499755859375,1689.4200439453125,1706.8699951171875
2013-08-02,1706.0999755859375,1709.6700439453125,1700.6800537109375,1709.6700439453125
2013-08-05,1708.010009765625,1709.239990234375,1703.550048828125,1707.1400146484375
2013-08-06,1705.7900390625,1705.7900390625,1693.2900390625,1697.3699951171875
2013-08-07,1695.300048828125,1695.300048828125,1684.9100341796875,1690.9100341796875
2013-08-08,1693.3499755859375,1700.1800537109375,1688.3800048828125,1697.47998046875
2013-08-09,1696.0999755859375,1699.4200439453125,1686.02001953125,1691.4200439453125
2013-08-12,1688.3699951171875,1691.489990234375,1683.3499755859375,1689.469970703125
2013-08-13,1690.6500244140625,1696.81005859375,1682.6199951171875,1694.1600341796875
2013-08-14,1693.8800048828125,1695.52001953125,1684.8299560546875,1685.3900146484375
2013-08-15,1679.6099853515625,1679.6099853515625,1658.5899658203125,1661.3199462890625
2013-08-16,1661.219970703125,1663.5999755859375,1652.6099853515625,1655.8299560546875
2013-08-19,1655.25,1659.1800537109375,1645.8399658203125,1646.06005859375
2013-08-20,1646.81005859375,1658.9200439453125,1646.0799560546875,1652.3499755859375
2013-08-21,1650.6600341796875,1656.989990234375,1639.4300537109375,1642.800048828125
2013-08-22,1645.030029296875,1659.550048828125,1645.030029296875,1656.9599609375
2013-08-23,1659.9200439453125,1664.8499755859375,1654.81005859375,1663.5
2013-08-26,1664.2900390625,1669.510009765625,1656.02001953125,1656.780029296875
2013-08-27,1652.5400390625,1652.5400390625,1629.050048828125,1630.47998046875
2013-08-28,1630.25,1641.1800537109375,1627.469970703125,1634.9599609375
2013-08-29,1633.5,1646.4100341796875,1630.8800048828125,1638.1700439453125
2013-08-30,1638.8900146484375,1640.0799560546875,1628.050048828125,1632.969970703125
2013-09-03,1635.949951171875,1651.3499755859375,1633.4100341796875,1639.77001953125
2013-09-04,1640.719970703125,1655.719970703125,1637.4100341796875,1653.0799560546875
2013-09-05,1653.280029296875,1659.1700439453125,1653.0699462890625,1655.0799560546875
2013-09-06,1657.43994140625,1664.8299560546875,1640.6199951171875,1655.1700439453125
2013-09-09,1656.8499755859375,1672.4000244140625,1656.8499755859375,1671.7099609375
2013-09-10,1675.1099853515625,1684.0899658203125,1675.1099853515625,1683.989990234375
2013-09-11,1681.0400390625,1689.1300048828125,1678.699951171875,1689.1300048828125
2013-09-12,1689.2099609375,1689.969970703125,1681.9599609375,1683.4200439453125
2013-09-13,1685.0400390625,1688.72998046875,1682.219970703125,1687.989990234375
2013-09-16,1691.699951171875,1704.949951171875,1691.699951171875,1697.5999755859375
2013-09-17,1697.72998046875,1705.52001953125,1697.72998046875,1704.760009765625
2013-09-18,1705.739990234375,1729.43994140625,1700.3499755859375,1725.52001953125
2013-09-19,1727.3399658203125,1729.8599853515625,1720.199951171875,1722.3399658203125
2013-09-20,1722.43994140625,1725.22998046875,1708.8900146484375,1709.9100341796875
2013-09-23,1711.43994140625,1711.43994140625,1697.0999755859375,1701.8399658203125
2013-09-24,1702.5999755859375,1707.6300048828125,1694.9000244140625,1697.4200439453125
2013-09-25,1698.02001953125,1701.7099609375,1691.8800048828125,1692.77001953125
2013-09-26,1694.050048828125,1703.8499755859375,1693.1099853515625,1698.6700439453125
2013-09-27,1695.52001953125,1695.52001953125,1687.1099853515625,1691.75
2013-09-30,1687.260009765625,1687.260009765625,1674.989990234375,1681.550048828125
2013-10-01,1682.4100341796875,1696.550048828125,1682.0699462890625,1695.0
2013-10-02,1691.9000244140625,1693.8699951171875,1680.3399658203125,1693.8699951171875
2013-10-03,1692.3499755859375,1692.3499755859375,1670.3599853515625,1678.6600341796875
2013-10-04,1678.7900390625,1691.93994140625,1677.3299560546875,1690.5
2013-10-07,1687.1500244140625,1687.1500244140625,1674.699951171875,1676.1199951171875
2013-10-08,1676.219970703125,1676.7900390625,1655.030029296875,1655.449951171875
2013-10-09,1656.989990234375,1662.469970703125,1646.469970703125,1656.4000244140625
2013-10-10,1660.8800048828125,1692.56005859375,1660.8800048828125,1692.56005859375
2013-10-11,1691.0899658203125,1703.43994140625,1688.52001953125,1703.199951171875
2013-10-14,1699.8599853515625,1711.030029296875,1692.1300048828125,1710.1400146484375
2013-10-15,1709.1700439453125,1711.5699462890625,1695.9300537109375,1698.06005859375
2013-10-16,1700.489990234375,1721.760009765625,1700.489990234375,1721.5400390625
2013-10-17,1720.1700439453125,1733.449951171875,1714.1199951171875,1733.1500244140625
2013-10-18,1736.719970703125,1745.31005859375,1735.739990234375,1744.5
2013-10-21,1745.199951171875,1747.7900390625,1740.6700439453125,1744.6600341796875
2013-10-22,1746.47998046875,1759.3299560546875,1746.47998046875,1754.6700439453125
2013-10-23,1752.27001953125,1752.27001953125,1740.5,1746.3800048828125
2013-10-24,1747.47998046875,1753.93994140625,1745.5,1752.0699462890625
2013-10-25,1756.010009765625,1759.8199462890625,1752.449951171875,1759.77001953125
2013-10-28,1759.4200439453125,1764.989990234375,1757.6700439453125,1762.1099853515625
2013-10-29,1762.9300537109375,1772.0899658203125,1762.9300537109375,1771.949951171875
2013-10-30,1772.27001953125,1775.219970703125,1757.239990234375,1763.31005859375
2013-10-31,1763.239990234375,1768.530029296875,1755.719970703125,1756.5400390625
2013-11-01,1758.699951171875,1765.6700439453125,1752.699951171875,1761.6400146484375
2013-11-04,1763.4000244140625,1768.780029296875,1761.56005859375,1767.9300537109375
2013-11-05,1765.6700439453125,1767.030029296875,1755.760009765625,1762.969970703125
2013-11-06,1765.0,1773.739990234375,1764.4000244140625,1770.489990234375
2013-11-07,1770.739990234375,1774.5400390625,1746.199951171875,1747.1500244140625
2013-11-08,1748.3699951171875,1770.780029296875,1747.6300048828125,1770.6099853515625
2013-11-11,1769.9599609375,1773.43994140625,1767.8499755859375,1771.8900146484375
2013-11-12,1769.510009765625,1771.780029296875,1762.2900390625,1767.68994140625
2013-11-13,1764.3699951171875,1782.0,1760.6400146484375,1782.0
2013-11-14,1782.75,1791.530029296875,1780.219970703125,1790.6199951171875
2013-11-15,1790.6600341796875,1798.219970703125,1790.6600341796875,1798.1800537109375
2013-11-18,1798.8199462890625,1802.3299560546875,1788.0,1791.530029296875
2013-11-19,1790.7900390625,1795.510009765625,1784.719970703125,1787.8699951171875
2013-11-20,1789.5899658203125,1795.72998046875,1777.22998046875,1781.3699951171875
2013-11-21,1783.52001953125,1797.1600341796875,1783.52001953125,1795.8499755859375
2013-11-22,1797.2099609375,1804.8399658203125,1794.699951171875,1804.760009765625
2013-11-25,1806.3299560546875,1808.0999755859373,1800.5799560546875,1802.47998046875
2013-11-26,1802.8699951171875,1808.4200439453125,1800.77001953125,1802.75
2013-11-27,1803.47998046875,1808.27001953125,1802.77001953125,1807.22998046875
2013-11-29,1808.68994140625,1813.550048828125,1803.97998046875,1805.81005859375
2013-12-02,1806.550048828125,1810.02001953125,1798.5999755859375,1800.9000244140625
2013-12-03,1800.0999755859375,1800.0999755859375,1787.8499755859375,1795.1500244140625
2013-12-04,1793.1500244140625,1799.800048828125,1779.0899658203125,1792.81005859375
2013-12-05,1792.8199462890625,1792.8199462890625,1783.3800048828125,1785.030029296875
2013-12-06,1788.3599853515625,1806.0400390625,1788.3599853515625,1805.0899658203125
2013-12-09,1806.2099609375,1811.52001953125,1806.2099609375,1808.3699951171875
2013-12-10,1807.5999755859373,1808.52001953125,1801.75,1802.6199951171875
2013-12-11,1802.760009765625,1802.969970703125,1780.0899658203125,1782.219970703125
2013-12-12,1781.7099609375,1782.989990234375,1772.280029296875,1775.5
2013-12-13,1777.97998046875,1780.9200439453125,1772.449951171875,1775.3199462890625
2013-12-16,1777.47998046875,1792.219970703125,1777.47998046875,1786.5400390625
2013-12-17,1786.469970703125,1786.77001953125,1777.050048828125,1781.0
2013-12-18,1781.4599609375,1811.0799560546875,1767.989990234375,1810.6500244140625
2013-12-19,1809.0,1810.8800048828125,1801.3499755859375,1809.5999755859373
2013-12-20,1810.3900146484373,1823.75,1810.25,1818.3199462890625
2013-12-23,1822.9200439453125,1829.75,1822.9200439453125,1827.989990234375
2013-12-24,1828.02001953125,1833.3199462890625,1828.02001953125,1833.3199462890625
2013-12-26,1834.9599609375,1842.8399658203125,1834.9599609375,1842.02001953125
2013-12-27,1842.969970703125,1844.8900146484373,1839.81005859375,1841.4000244140625
2013-12-30,1841.469970703125,1842.469970703125,1838.77001953125,1841.0699462890625
2013-12-31,1842.6099853515625,1849.43994140625,1842.4100341796875,1848.3599853515625
2014-01-02,1845.8599853515625,1845.8599853515625,1827.739990234375,1831.97998046875
2014-01-03,1833.2099609375,1838.239990234375,1829.1300048828125,1831.3699951171875
2014-01-06,1832.31005859375,1837.1600341796875,1823.72998046875,1826.77001953125
2014-01-07,1828.7099609375,1840.0999755859373,1828.7099609375,1837.8800048828125
2014-01-08,1837.9000244140625,1840.02001953125,1831.4000244140625,1837.489990234375
2014-01-09,1839.0,1843.22998046875,1830.3800048828125,1838.1300048828125
2014-01-10,1840.06005859375,1843.1500244140625,1832.4300537109373,1842.3699951171875
2014-01-13,1841.260009765625,1843.449951171875,1815.52001953125,1819.199951171875
2014-01-14,1821.3599853515625,1839.260009765625,1821.3599853515625,1838.8800048828125
2014-01-15,1840.52001953125,1850.8399658203125,1840.52001953125,1848.3800048828125
2014-01-16,1847.989990234375,1847.989990234375,1840.300048828125,1845.8900146484373
2014-01-17,1844.22998046875,1846.0400390625,1835.22998046875,1838.699951171875
2014-01-21,1841.050048828125,1849.31005859375,1832.3800048828125,1843.800048828125
2014-01-22,1844.7099609375,1846.8699951171875,1840.8800048828125,1844.8599853515625
2014-01-23,1842.2900390625,1842.2900390625,1820.06005859375,1828.4599609375
2014-01-24,1826.9599609375,1826.9599609375,1790.2900390625,1790.2900390625
2014-01-27,1791.030029296875,1795.97998046875,1772.8800048828125,1781.56005859375
2014-01-28,1783.0,1793.8699951171875,1779.489990234375,1792.5
2014-01-29,1790.1500244140625,1790.1500244140625,1770.449951171875,1774.199951171875
2014-01-30,1777.1700439453125,1798.77001953125,1777.1700439453125,1794.18994140625
2014-01-31,1790.8800048828125,1793.8800048828125,1772.260009765625,1782.5899658203125
2014-02-03,1782.6800537109375,1784.8299560546875,1739.6600341796875,1741.8900146484375
2014-02-04,1743.8199462890625,1758.72998046875,1743.8199462890625,1755.199951171875
2014-02-05,1753.3800048828125,1755.7900390625,1737.9200439453125,1751.6400146484375
2014-02-06,1752.989990234375,1774.06005859375,1752.989990234375,1773.4300537109375
2014-02-07,1776.010009765625,1798.030029296875,1776.010009765625,1797.02001953125
2014-02-10,1796.199951171875,1799.93994140625,1791.8299560546875,1799.8399658203125
2014-02-11,1800.449951171875,1823.5400390625,1800.4100341796875,1819.75
2014-02-12,1820.1199951171875,1826.550048828125,1815.969970703125,1819.260009765625
2014-02-13,1814.8199462890625,1830.25,1809.219970703125,1829.8299560546875
2014-02-14,1828.4599609375,1841.6500244140625,1825.5899658203125,1838.6300048828125
2014-02-18,1839.030029296875,1842.8699951171875,1835.010009765625,1840.760009765625
2014-02-19,1838.9000244140625,1847.5,1826.989990234375,1828.75
2014-02-20,1829.239990234375,1842.7900390625,1824.5799560546875,1839.780029296875
2014-02-21,1841.0699462890625,1846.1300048828125,1835.5999755859373,1836.25
2014-02-24,1836.780029296875,1858.7099609375,1836.780029296875,1847.6099853515625
2014-02-25,1847.6600341796875,1852.9100341796875,1840.18994140625,1845.1199951171875
2014-02-26,1845.7900390625,1852.6500244140625,1840.6600341796875,1845.1600341796875
2014-02-27,1844.9000244140625,1854.530029296875,1841.1300048828125,1854.2900390625
2014-02-28,1855.1199951171875,1867.9200439453125,1847.6700439453125,1859.449951171875
2014-03-03,1857.6800537109373,1857.6800537109373,1834.43994140625,1845.72998046875
2014-03-04,1849.22998046875,1876.22998046875,1849.22998046875,1873.9100341796875
2014-03-05,1874.050048828125,1876.530029296875,1871.1099853515625,1873.81005859375
2014-03-06,1874.1800537109373,1881.93994140625,1874.1800537109373,1877.030029296875
2014-03-07,1878.52001953125,1883.5699462890625,1870.56005859375,1878.0400390625
2014-03-10,1877.8599853515625,1877.8699951171875,1867.0400390625,1877.1700439453125
2014-03-11,1878.260009765625,1882.3499755859373,1863.8800048828125,1867.6300048828125
2014-03-12,1866.1500244140625,1868.3800048828125,1854.3800048828125,1868.199951171875
2014-03-13,1869.06005859375,1874.4000244140625,1841.8599853515625,1846.3399658203125
2014-03-14,1845.0699462890625,1852.43994140625,1839.5699462890625,1841.1300048828125
2014-03-17,1842.81005859375,1862.300048828125,1842.81005859375,1858.8299560546875
2014-03-18,1858.9200439453125,1873.760009765625,1858.9200439453125,1872.25
2014-03-19,1872.25,1874.1400146484373,1850.3499755859373,1860.77001953125
2014-03-20,1860.0899658203125,1873.489990234375,1854.6300048828125,1872.010009765625
2014-03-21,1874.530029296875,1883.969970703125,1863.4599609375,1866.52001953125
2014-03-24,1867.6700439453125,1873.3399658203125,1849.68994140625,1857.43994140625
2014-03-25,1859.47998046875,1871.8699951171875,1855.9599609375,1865.6199951171875
2014-03-26,1867.0899658203125,1875.9200439453125,1852.56005859375,1852.56005859375
2014-03-27,1852.1099853515625,1855.550048828125,1842.1099853515625,1849.0400390625
2014-03-28,1850.0699462890625,1866.6300048828125,1850.0699462890625,1857.6199951171875
2014-03-31,1859.1600341796875,1875.1800537109373,1859.1600341796875,1872.3399658203125
2014-04-01,1873.9599609375,1885.8399658203125,1873.9599609375,1885.52001953125
2014-04-02,1886.6099853515625,1893.1700439453125,1883.7900390625,1890.9000244140625
2014-04-03,1891.4300537109373,1893.800048828125,1882.6500244140625,1888.77001953125
2014-04-04,1890.25,1897.280029296875,1863.260009765625,1865.0899658203125
2014-04-07,1863.9200439453125,1864.0400390625,1841.47998046875,1845.0400390625
2014-04-08,1845.47998046875,1854.949951171875,1837.489990234375,1851.9599609375
2014-04-09,1852.6400146484373,1872.4300537109373,1852.3800048828125,1872.1800537109373
2014-04-10,1872.280029296875,1872.530029296875,1830.8699951171875,1833.0799560546875
2014-04-11,1830.6500244140625,1835.0699462890625,1814.3599853515625,1815.68994140625
2014-04-14,1818.1800537109373,1834.18994140625,1815.800048828125,1830.6099853515625
2014-04-15,1831.449951171875,1844.02001953125,1816.2900390625,1842.97998046875
2014-04-16,1846.010009765625,1862.31005859375,1846.010009765625,1862.31005859375
2014-04-17,1861.72998046875,1869.6300048828125,1856.719970703125,1864.8499755859373
2014-04-21,1865.7900390625,1871.8900146484373,1863.1800537109373,1871.8900146484373
2014-04-22,1872.5699462890625,1884.8900146484373,1872.5699462890625,1879.550048828125
2014-04-23,1879.3199462890625,1879.75,1873.9100341796875,1875.3900146484373
2014-04-24,1881.969970703125,1884.06005859375,1870.239990234375,1878.6099853515625
2014-04-25,1877.719970703125,1877.719970703125,1859.699951171875,1863.4000244140625
2014-04-28,1865.0,1877.010009765625,1850.6099853515625,1869.4300537109373
2014-04-29,1870.780029296875,1880.5999755859373,1870.780029296875,1878.3299560546875
2014-04-30,1877.0999755859373,1885.199951171875,1872.68994140625,1883.949951171875
2014-05-01,1884.3900146484373,1888.5899658203125,1878.0400390625,1883.6800537109373
2014-05-02,1885.300048828125,1891.3299560546875,1878.5,1881.1400146484373
2014-05-05,1879.449951171875,1885.510009765625,1866.77001953125,1884.6600341796875
2014-05-06,1883.68994140625,1883.68994140625,1867.719970703125,1867.719970703125
2014-05-07,1868.530029296875,1878.8299560546875,1859.7900390625,1878.2099609375
2014-05-08,1877.3900146484373,1889.0699462890625,1870.050048828125,1875.6300048828125
2014-05-09,1875.27001953125,1878.5699462890625,1867.02001953125,1878.47998046875
2014-05-12,1880.030029296875,1897.1300048828125,1880.030029296875,1896.6500244140625
2014-05-13,1896.75,1902.1700439453125,1896.06005859375,1897.449951171875
2014-05-14,1897.1300048828125,1897.1300048828125,1885.77001953125,1888.530029296875
2014-05-15,1888.1600341796875,1888.1600341796875,1862.3599853515625,1870.8499755859373
2014-05-16,1871.18994140625,1878.280029296875,1864.8199462890625,1877.8599853515625
2014-05-19,1876.6600341796875,1886.0,1872.4200439453125,1885.0799560546875
2014-05-20,1884.8800048828125,1884.8800048828125,1868.1400146484373,1872.8299560546875
2014-05-21,1873.3399658203125,1888.800048828125,1873.3399658203125,1888.030029296875
2014-05-22,1888.18994140625,1896.3299560546875,1885.3900146484373,1892.489990234375
2014-05-23,1893.3199462890625,1901.260009765625,1893.3199462890625,1900.530029296875
2014-05-27,1902.010009765625,1912.280029296875,1902.010009765625,1911.9100341796875
2014-05-28,1911.77001953125,1914.4599609375,1907.300048828125,1909.780029296875
2014-05-29,1910.5999755859373,1920.030029296875,1909.8199462890625,1920.030029296875
2014-05-30,1920.3299560546875,1924.030029296875,1916.6400146484373,1923.5699462890625
2014-06-02,1923.8699951171875,1925.8800048828125,1915.97998046875,1924.969970703125
2014-06-03,1923.0699462890625,1925.0699462890625,1918.7900390625,1924.239990234375
2014-06-04,1923.06005859375,1928.6300048828125,1918.5999755859373,1927.8800048828125
2014-06-05,1928.52001953125,1941.739990234375,1922.9300537109373,1940.4599609375
2014-06-06,1942.4100341796875,1949.43994140625,1942.4100341796875,1949.43994140625
2014-06-09,1948.969970703125,1955.550048828125,1947.1600341796875,1951.27001953125
2014-06-10,1950.3399658203125,1950.8599853515625,1944.6400146484373,1950.7900390625
2014-06-11,1949.3699951171875,1949.3699951171875,1940.0799560546875,1943.8900146484373
2014-06-12,1943.3499755859373,1943.3499755859373,1925.780029296875,1930.1099853515625
2014-06-13,1930.800048828125,1937.300048828125,1927.68994140625,1936.1600341796875
2014-06-16,1934.8399658203125,1941.1500244140625,1930.9100341796875,1937.780029296875
2014-06-17,1937.1500244140625,1943.68994140625,1933.550048828125,1941.989990234375
2014-06-18,1942.72998046875,1957.739990234375,1939.2900390625,1956.97998046875
2014-06-19,1957.5,1959.8699951171875,1952.260009765625,1959.47998046875
2014-06-20,1960.449951171875,1963.9100341796875,1959.1700439453125,1962.8699951171875
2014-06-23,1962.9200439453125,1963.739990234375,1958.8900146484373,1962.6099853515625
2014-06-24,1961.969970703125,1968.1700439453125,1948.3399658203125,1949.97998046875
2014-06-25,1949.27001953125,1960.8299560546875,1947.489990234375,1959.530029296875
2014-06-26,1959.8900146484373,1959.8900146484373,1944.68994140625,1957.219970703125
2014-06-27,1956.56005859375,1961.469970703125,1952.1800537109373,1960.9599609375
2014-06-30,1960.7900390625,1964.239990234375,1958.219970703125,1960.22998046875
2014-07-01,1962.2900390625,1978.5799560546875,1962.2900390625,1973.3199462890625
2014-07-02,1973.06005859375,1976.6700439453125,1972.5799560546875,1974.6199951171875
2014-07-03,1975.8800048828125,1985.5899658203125,1975.8800048828125,1985.43994140625
2014-07-07,1984.219970703125,1984.219970703125,1974.8800048828125,1977.6500244140625
2014-07-08,1976.3900146484373,1976.3900146484373,1959.4599609375,1963.7099609375
2014-07-09,1965.0999755859373,1974.1500244140625,1965.0999755859373,1972.8299560546875
2014-07-10,1966.6700439453125,1969.8399658203125,1952.8599853515625,1964.6800537109373
2014-07-11,1965.760009765625,1968.6700439453125,1959.6300048828125,1967.5699462890625
2014-07-14,1969.8599853515625,1979.8499755859373,1969.8599853515625,1977.0999755859373
2014-07-15,1977.3599853515625,1982.52001953125,1965.3399658203125,1973.280029296875
2014-07-16,1976.3499755859373,1983.93994140625,1975.6700439453125,1981.5699462890625
2014-07-17,1979.75,1981.800048828125,1955.5899658203125,1958.1199951171875
2014-07-18,1961.5400390625,1979.9100341796875,1960.8199462890625,1978.219970703125
2014-07-21,1976.9300537109373,1976.9300537109373,1965.77001953125,1973.6300048828125
2014-07-22,1975.6500244140625,1986.239990234375,1975.6500244140625,1983.530029296875
2014-07-23,1985.3199462890625,1989.22998046875,1982.43994140625,1987.010009765625
2014-07-24,1988.0699462890625,1991.3900146484373,1985.7900390625,1987.97998046875
2014-07-25,1984.5999755859373,1984.5999755859373,1974.3699951171875,1978.3399658203125
2014-07-28,1978.25,1981.52001953125,1967.31005859375,1978.9100341796875
2014-07-29,1980.030029296875,1984.8499755859373,1969.949951171875,1969.949951171875
2014-07-30,1973.2099609375,1978.9000244140625,1962.4200439453125,1970.0699462890625
2014-07-31,1965.1400146484373,1965.1400146484373,1930.6700439453125,1930.6700439453125
2014-08-01,1929.800048828125,1937.3499755859373,1916.3699951171875,1925.1500244140625
2014-08-04,1926.6199951171875,1942.9200439453125,1921.199951171875,1938.989990234375
2014-08-05,1936.3399658203125,1936.3399658203125,1913.77001953125,1920.2099609375
2014-08-06,1917.2900390625,1927.9100341796875,1911.449951171875,1920.239990234375
2014-08-07,1923.030029296875,1928.8900146484373,1904.780029296875,1909.5699462890625
2014-08-08,1910.3499755859373,1932.3800048828125,1909.010009765625,1931.5899658203125
2014-08-11,1933.4300537109373,1944.9000244140625,1933.4300537109373,1936.9200439453125
2014-08-12,1935.72998046875,1939.6500244140625,1928.2900390625,1933.75
2014-08-13,1935.5999755859373,1948.4100341796875,1935.5999755859373,1946.719970703125
2014-08-14,1947.4100341796875,1955.22998046875,1947.4100341796875,1955.1800537109373
2014-08-15,1958.8699951171875,1964.0400390625,1941.5,1955.06005859375
2014-08-18,1958.3599853515625,1971.989990234375,1958.3599853515625,1971.739990234375
2014-08-19,1972.72998046875,1982.5699462890625,1972.72998046875,1981.5999755859373
2014-08-20,1980.4599609375,1988.5699462890625,1977.6800537109373,1986.510009765625
2014-08-21,1986.8199462890625,1994.760009765625,1986.8199462890625,1992.3699951171875
2014-08-22,1992.5999755859373,1993.5400390625,1984.760009765625,1988.4000244140625
2014-08-25,1991.739990234375,2001.949951171875,1991.739990234375,1997.9200439453125
2014-08-26,1998.5899658203125,2005.0400390625,1998.5899658203125,2000.02001953125
2014-08-27,2000.5400390625,2002.1400146484373,1996.199951171875,2000.1199951171875
2014-08-28,1997.4200439453125,1998.550048828125,1990.52001953125,1996.739990234375
2014-08-29,1998.449951171875,2003.3800048828125,1994.6500244140625,2003.3699951171875
2014-09-02,2004.0699462890625,2006.1199951171875,1994.8499755859373,2002.280029296875
2014-09-03,2003.5699462890625,2009.280029296875,1998.1400146484373,2000.719970703125
2014-09-04,2001.6700439453125,2011.1700439453125,1992.5400390625,1997.6500244140625
2014-09-05,1998.0,2007.7099609375,1990.0999755859373,2007.7099609375
2014-09-08,2007.1700439453125,2007.1700439453125,1995.5999755859373,2001.5400390625
2014-09-09,2000.72998046875,2001.010009765625,1984.6099853515625,1988.43994140625
2014-09-10,1988.4100341796875,1996.6600341796875,1982.989990234375,1995.68994140625
2014-09-11,1992.8499755859373,1997.6500244140625,1985.9300537109373,1997.449951171875
2014-09-12,1996.739990234375,1996.739990234375,1980.260009765625,1985.5400390625
2014-09-15,1986.0400390625,1987.1800537109373,1978.47998046875,1984.1300048828125
2014-09-16,1981.9300537109373,2002.280029296875,1979.06005859375,1998.97998046875
2014-09-17,1999.300048828125,2010.739990234375,1993.2900390625,2001.5699462890625
2014-09-18,2003.0699462890625,2012.3399658203125,2003.0699462890625,2011.3599853515625
2014-09-19,2012.739990234375,2019.260009765625,2006.5899658203125,2010.4000244140625
2014-09-22,2009.0799560546875,2009.0799560546875,1991.010009765625,1994.2900390625
2014-09-23,1992.780029296875,1995.4100341796875,1982.77001953125,1982.77001953125
2014-09-24,1983.3399658203125,1999.7900390625,1978.6300048828125,1998.300048828125
2014-09-25,1997.3199462890625,1997.3199462890625,1965.989990234375,1965.989990234375
2014-09-26,1966.219970703125,1986.3699951171875,1966.219970703125,1982.8499755859373
2014-09-29,1978.9599609375,1981.280029296875,1964.0400390625,1977.800048828125
2014-09-30,1978.2099609375,1985.1700439453125,1968.9599609375,1972.2900390625
2014-10-01,1971.43994140625,1971.43994140625,1941.719970703125,1946.1600341796875
2014-10-02,1945.8299560546875,1952.3199462890625,1926.030029296875,1946.1700439453125
2014-10-03,1948.1199951171875,1971.18994140625,1948.1199951171875,1967.9000244140625
2014-10-06,1970.010009765625,1977.8399658203125,1958.4300537109373,1964.8199462890625
2014-10-07,1962.3599853515625,1962.3599853515625,1934.8699951171875,1935.0999755859373
2014-10-08,1935.550048828125,1970.3599853515625,1925.25,1968.8900146484373
2014-10-09,1967.6800537109373,1967.6800537109373,1927.56005859375,1928.2099609375
2014-10-10,1925.6300048828125,1936.97998046875,1906.050048828125,1906.1300048828125
2014-10-13,1905.6500244140625,1912.0899658203125,1874.1400146484373,1874.739990234375
2014-10-14,1877.1099853515625,1898.7099609375,1871.7900390625,1877.699951171875
2014-10-15,1874.1800537109373,1874.1800537109373,1820.6600341796875,1862.489990234375
2014-10-16,1855.949951171875,1876.010009765625,1835.02001953125,1862.760009765625
2014-10-17,1864.9100341796875,1898.1600341796875,1864.9100341796875,1886.760009765625
2014-10-20,1885.6199951171875,1905.030029296875,1882.300048828125,1904.010009765625
2014-10-21,1909.3800048828125,1942.449951171875,1909.3800048828125,1941.280029296875
2014-10-22,1941.2900390625,1949.31005859375,1926.8299560546875,1927.1099853515625
2014-10-23,1931.02001953125,1961.949951171875,1931.02001953125,1950.8199462890625
2014-10-24,1951.5899658203125,1965.27001953125,1946.27001953125,1964.5799560546875
2014-10-27,1962.969970703125,1964.6400146484373,1951.3699951171875,1961.6300048828125
2014-10-28,1964.1400146484373,1985.050048828125,1964.1400146484373,1985.050048828125
2014-10-29,1983.2900390625,1991.4000244140625,1969.0400390625,1982.300048828125
2014-10-30,1979.489990234375,1999.4000244140625,1974.75,1994.6500244140625
2014-10-31,2001.199951171875,2018.18994140625,2001.199951171875,2018.050048828125
2014-11-03,2018.2099609375,2024.4599609375,2013.6800537109373,2017.81005859375
2014-11-04,2015.81005859375,2015.97998046875,2001.010009765625,2012.0999755859373
2014-11-05,2015.2900390625,2023.77001953125,2014.4200439453125,2023.5699462890625
2014-11-06,2023.3299560546875,2031.6099853515625,2015.8599853515625,2031.2099609375
2014-11-07,2032.3599853515625,2034.260009765625,2025.0699462890625,2031.9200439453125
2014-11-10,2032.010009765625,2038.699951171875,2030.1700439453125,2038.260009765625
2014-11-11,2038.199951171875,2041.280029296875,2035.280029296875,2039.6800537109373
2014-11-12,2037.75,2040.3299560546875,2031.949951171875,2038.25
2014-11-13,2039.2099609375,2046.1800537109373,2030.43994140625,2039.3299560546875
2014-11-14,2039.739990234375,2042.219970703125,2035.199951171875,2039.8199462890625
2014-11-17,2038.2900390625,2043.0699462890625,2034.4599609375,2041.3199462890625
2014-11-18,2041.47998046875,2056.080078125,2041.47998046875,2051.800048828125
2014-11-19,2051.159912109375,2052.139892578125,2040.3699951171875,2048.719970703125
2014-11-20,2045.8699951171875,2053.840087890625,2040.489990234375,2052.75
2014-11-21,2057.4599609375,2071.4599609375,2056.75,2063.5
2014-11-24,2065.070068359375,2070.169921875,2065.070068359375,2069.409912109375
2014-11-25,2070.14990234375,2074.2099609375,2064.75,2067.030029296875
2014-11-26,2067.360107421875,2073.2900390625,2066.6201171875,2072.830078125
2014-11-28,2074.780029296875,2075.760009765625,2065.06005859375,2067.56005859375
2014-12-01,2065.780029296875,2065.780029296875,2049.570068359375,2053.43994140625
2014-12-02,2053.77001953125,2068.77001953125,2053.77001953125,2066.550048828125
2014-12-03,2067.449951171875,2076.280029296875,2066.64990234375,2074.330078125
2014-12-04,2073.639892578125,2077.340087890625,2062.340087890625,2071.919921875
2014-12-05,2072.780029296875,2079.469970703125,2070.81005859375,2075.3701171875
2014-12-08,2074.840087890625,2075.780029296875,2054.27001953125,2060.31005859375
2014-12-09,2056.550048828125,2060.60009765625,2034.1700439453125,2059.820068359375
2014-12-10,2058.860107421875,2058.860107421875,2024.260009765625,2026.1400146484373
2014-12-11,2027.9200439453125,2055.530029296875,2027.9200439453125,2035.3299560546875
2014-12-12,2030.3599853515625,2032.25,2002.3299560546875,2002.3299560546875
2014-12-15,2005.030029296875,2018.68994140625,1982.260009765625,1989.6300048828125
2014-12-16,1986.7099609375,2016.8900146484373,1972.56005859375,1972.739990234375
2014-12-17,1973.77001953125,2016.75,1973.77001953125,2012.8900146484373
2014-12-18,2018.97998046875,2061.22998046875,2018.97998046875,2061.22998046875
2014-12-19,2061.0400390625,2077.85009765625,2061.030029296875,2070.64990234375
2014-12-22,2069.280029296875,2078.760009765625,2069.280029296875,2078.5400390625
2014-12-23,2081.47998046875,2086.72998046875,2079.77001953125,2082.169921875
2014-12-24,2083.25,2087.56005859375,2081.860107421875,2081.8798828125
2014-12-26,2084.300048828125,2092.699951171875,2084.300048828125,2088.77001953125
2014-12-29,2087.6298828125,2093.550048828125,2085.75,2090.570068359375
2014-12-30,2088.489990234375,2088.489990234375,2079.530029296875,2080.35009765625
2014-12-31,2082.110107421875,2085.580078125,2057.93994140625,2058.89990234375
2015-01-02,2058.89990234375,2072.360107421875,2046.0400390625,2058.199951171875
2015-01-05,2054.43994140625,2054.43994140625,2017.3399658203125,2020.5799560546875
2015-01-06,2022.1500244140625,2030.25,1992.43994140625,2002.6099853515625
2015-01-07,2005.550048828125,2029.6099853515625,2005.550048828125,2025.9000244140625
2015-01-08,2030.6099853515625,2064.080078125,2030.6099853515625,2062.139892578125
2015-01-09,2063.449951171875,2064.429931640625,2038.3299560546875,2044.81005859375
2015-01-12,2046.1300048828125,2049.300048828125,2022.5799560546875,2028.260009765625
2015-01-13,2031.5799560546875,2056.929931640625,2008.25,2023.030029296875
2015-01-14,2018.4000244140625,2018.4000244140625,1988.43994140625,2011.27001953125
2015-01-15,2013.75,2021.3499755859373,1991.469970703125,1992.6700439453125
2015-01-16,1992.25,2020.4599609375,1988.1199951171875,2019.4200439453125
2015-01-20,2020.760009765625,2028.93994140625,2004.489990234375,2022.550048828125
2015-01-21,2020.18994140625,2038.2900390625,2012.0400390625,2032.1199951171875
2015-01-22,2034.300048828125,2064.6201171875,2026.3800048828125,2063.14990234375
2015-01-23,2062.97998046875,2062.97998046875,2050.5400390625,2051.820068359375
2015-01-26,2050.419921875,2057.6201171875,2040.969970703125,2057.090087890625
2015-01-27,2047.8599853515625,2047.8599853515625,2019.9100341796875,2029.550048828125
2015-01-28,2032.3399658203125,2042.489990234375,2001.489990234375,2002.1600341796875
2015-01-29,2002.449951171875,2024.6400146484373,1989.1800537109373,2021.25
2015-01-30,2019.3499755859373,2023.3199462890625,1993.3800048828125,1994.989990234375
2015-02-02,1996.6700439453125,2021.6600341796875,1980.9000244140625,2020.8499755859373
2015-02-03,2022.7099609375,2050.300048828125,2022.7099609375,2050.030029296875
2015-02-04,2048.860107421875,2054.739990234375,2036.719970703125,2041.510009765625
2015-02-05,2043.449951171875,2063.550048828125,2043.449951171875,2062.52001953125
2015-02-06,2062.280029296875,2072.39990234375,2049.969970703125,2055.469970703125
2015-02-09,2053.469970703125,2056.159912109375,2041.8800048828125,2046.739990234375
2015-02-10,2049.3798828125,2070.860107421875,2048.6201171875,2068.590087890625
2015-02-11,2068.550048828125,2073.47998046875,2057.989990234375,2068.530029296875
2015-02-12,2069.97998046875,2088.530029296875,2069.97998046875,2088.47998046875
2015-02-13,2088.780029296875,2097.030029296875,2086.699951171875,2096.989990234375
2015-02-17,2096.469970703125,2101.300048828125,2089.800048828125,2100.340087890625
2015-02-18,2099.159912109375,2100.22998046875,2092.14990234375,2099.679931640625
2015-02-19,2099.25,2102.1298828125,2090.7900390625,2097.449951171875
2015-02-20,2097.64990234375,2110.610107421875,2085.43994140625,2110.300048828125
2015-02-23,2109.830078125,2110.050048828125,2103.0,2109.659912109375
2015-02-24,2109.10009765625,2117.93994140625,2105.8701171875,2115.47998046875
2015-02-25,2115.300048828125,2119.590087890625,2109.889892578125,2113.860107421875
2015-02-26,2113.909912109375,2113.909912109375,2103.760009765625,2110.739990234375
2015-02-27,2110.8798828125,2112.739990234375,2103.75,2104.5
2015-03-02,2105.22998046875,2117.52001953125,2104.5,2117.389892578125
2015-03-03,2115.760009765625,2115.760009765625,2098.260009765625,2107.780029296875
2015-03-04,2107.719970703125,2107.719970703125,2094.489990234375,2098.530029296875
2015-03-05,2098.5400390625,2104.25,2095.219970703125,2101.0400390625
2015-03-06,2100.909912109375,2100.909912109375,2067.27001953125,2071.260009765625
2015-03-09,2072.25,2083.489990234375,2072.2099609375,2079.429931640625
2015-03-10,2076.139892578125,2076.139892578125,2044.1600341796875,2044.1600341796875
2015-03-11,2044.68994140625,2050.080078125,2039.68994140625,2040.239990234375
2015-03-12,2041.0999755859373,2066.409912109375,2041.0999755859373,2065.949951171875
2015-03-13,2064.56005859375,2064.56005859375,2041.1700439453125,2053.39990234375
2015-03-16,2055.35009765625,2081.409912109375,2055.35009765625,2081.18994140625
2015-03-17,2080.590087890625,2080.590087890625,2065.080078125,2074.280029296875
2015-03-18,2072.840087890625,2106.85009765625,2061.22998046875,2099.5
2015-03-19,2098.68994140625,2098.68994140625,2085.56005859375,2089.27001953125
2015-03-20,2090.320068359375,2113.919921875,2090.320068359375,2108.10009765625
2015-03-23,2107.989990234375,2114.860107421875,2104.419921875,2104.419921875
2015-03-24,2103.93994140625,2107.6298828125,2091.5,2091.5
2015-03-25,2093.10009765625,2097.429931640625,2061.050048828125,2061.050048828125
2015-03-26,2059.93994140625,2067.14990234375,2045.5,2056.14990234375
2015-03-27,2055.780029296875,2062.830078125,2052.9599609375,2061.02001953125
2015-03-30,2064.110107421875,2088.969970703125,2064.110107421875,2086.239990234375
2015-03-31,2084.050048828125,2084.050048828125,2067.0400390625,2067.889892578125
2015-04-01,2067.6298828125,2067.6298828125,2048.3798828125,2059.68994140625
2015-04-02,2060.030029296875,2072.169921875,2057.320068359375,2066.9599609375
2015-04-06,2064.8701171875,2086.989990234375,2056.52001953125,2080.6201171875
2015-04-07,2080.7900390625,2089.81005859375,2076.10009765625,2076.330078125
2015-04-08,2076.93994140625,2086.68994140625,2073.300048828125,2081.89990234375
2015-04-09,2081.2900390625,2093.31005859375,2074.2900390625,2091.179931640625
2015-04-10,2091.510009765625,2102.610107421875,2091.510009765625,2102.06005859375
2015-04-13,2102.030029296875,2107.64990234375,2092.330078125,2092.429931640625
2015-04-14,2092.280029296875,2098.6201171875,2083.239990234375,2095.840087890625
2015-04-15,2097.820068359375,2111.909912109375,2097.820068359375,2106.6298828125
2015-04-16,2105.9599609375,2111.300048828125,2100.02001953125,2104.989990234375
2015-04-17,2102.580078125,2102.580078125,2072.3701171875,2081.179931640625
2015-04-20,2084.110107421875,2103.93994140625,2084.110107421875,2100.39990234375
2015-04-21,2102.820068359375,2109.639892578125,2094.3798828125,2097.2900390625
2015-04-22,2098.27001953125,2109.97998046875,2091.050048828125,2107.9599609375
2015-04-23,2107.2099609375,2120.489990234375,2103.18994140625,2112.929931640625
2015-04-24,2112.800048828125,2120.919921875,2112.800048828125,2117.68994140625
2015-04-27,2119.2900390625,2125.919921875,2107.0400390625,2108.919921875
2015-04-28,2108.35009765625,2116.0400390625,2094.889892578125,2114.760009765625
2015-04-29,2112.489990234375,2113.64990234375,2097.409912109375,2106.85009765625
2015-04-30,2105.52001953125,2105.52001953125,2077.590087890625,2085.510009765625
2015-05-01,2087.3798828125,2108.409912109375,2087.3798828125,2108.2900390625
2015-05-04,2110.22998046875,2120.949951171875,2110.22998046875,2114.489990234375
2015-05-05,2112.6298828125,2115.239990234375,2088.4599609375,2089.4599609375
2015-05-06,2091.260009765625,2098.419921875,2067.929931640625,2080.14990234375
2015-05-07,2079.9599609375,2092.89990234375,2074.989990234375,2088.0
2015-05-08,2092.1298828125,2117.659912109375,2092.1298828125,2116.10009765625
2015-05-11,2115.56005859375,2117.68994140625,2104.580078125,2105.330078125
2015-05-12,2102.8701171875,2105.06005859375,2085.570068359375,2099.1201171875
2015-05-13,2099.6201171875,2110.18994140625,2096.0400390625,2098.47998046875
2015-05-14,2100.429931640625,2121.449951171875,2100.429931640625,2121.10009765625
2015-05-15,2122.070068359375,2123.889892578125,2116.81005859375,2122.72998046875
2015-05-18,2121.300048828125,2131.780029296875,2120.010009765625,2129.199951171875
2015-05-19,2129.449951171875,2133.02001953125,2124.5,2127.830078125
2015-05-20,2127.7900390625,2134.719970703125,2122.590087890625,2125.85009765625
2015-05-21,2125.550048828125,2134.280029296875,2122.949951171875,2130.820068359375
2015-05-22,2130.360107421875,2132.14990234375,2126.06005859375,2126.06005859375
2015-05-26,2125.340087890625,2125.340087890625,2099.179931640625,2104.199951171875
2015-05-27,2105.1298828125,2126.219970703125,2105.1298828125,2123.47998046875
2015-05-28,2122.27001953125,2122.27001953125,2112.860107421875,2120.7900390625
2015-05-29,2120.659912109375,2120.659912109375,2104.889892578125,2107.389892578125
2015-06-01,2108.639892578125,2119.14990234375,2102.5400390625,2111.72998046875
2015-06-02,2110.409912109375,2117.590087890625,2099.139892578125,2109.60009765625
2015-06-03,2110.639892578125,2121.919921875,2109.610107421875,2114.070068359375
2015-06-04,2112.35009765625,2112.889892578125,2093.22998046875,2095.840087890625
2015-06-05,2095.090087890625,2100.989990234375,2085.669921875,2092.830078125
2015-06-08,2092.340087890625,2093.010009765625,2079.110107421875,2079.280029296875
2015-06-09,2079.070068359375,2085.6201171875,2072.139892578125,2080.14990234375
2015-06-10,2081.1201171875,2108.5,2081.1201171875,2105.199951171875
2015-06-11,2106.239990234375,2115.02001953125,2106.239990234375,2108.860107421875
2015-06-12,2107.429931640625,2107.429931640625,2091.330078125,2094.110107421875
2015-06-15,2091.340087890625,2091.340087890625,2072.489990234375,2084.429931640625
2015-06-16,2084.260009765625,2097.39990234375,2082.10009765625,2096.2900390625
2015-06-17,2097.39990234375,2106.7900390625,2088.860107421875,2100.43994140625
2015-06-18,2101.580078125,2126.64990234375,2101.580078125,2121.239990234375
2015-06-19,2121.06005859375,2121.639892578125,2109.449951171875,2109.989990234375
2015-06-22,2112.5,2129.8701171875,2112.5,2122.85009765625
2015-06-23,2123.159912109375,2128.030029296875,2119.889892578125,2124.199951171875
2015-06-24,2123.64990234375,2125.10009765625,2108.580078125,2108.580078125
2015-06-25,2109.9599609375,2116.0400390625,2101.780029296875,2102.31005859375
2015-06-26,2102.6201171875,2108.919921875,2095.3798828125,2101.489990234375
2015-06-29,2098.6298828125,2098.6298828125,2056.639892578125,2057.639892578125
2015-06-30,2061.18994140625,2074.280029296875,2056.320068359375,2063.110107421875
2015-07-01,2067.0,2082.780029296875,2067.0,2077.419921875
2015-07-02,2078.030029296875,2085.06005859375,2071.02001953125,2076.780029296875
2015-07-06,2073.949951171875,2078.610107421875,2058.39990234375,2068.760009765625
2015-07-07,2069.52001953125,2083.739990234375,2044.02001953125,2081.340087890625
2015-07-08,2077.659912109375,2077.659912109375,2044.6600341796875,2046.6800537109373
2015-07-09,2049.72998046875,2074.280029296875,2049.72998046875,2051.31005859375
2015-07-10,2052.739990234375,2081.31005859375,2052.739990234375,2076.6201171875
2015-07-13,2080.030029296875,2100.669921875,2080.030029296875,2099.60009765625
2015-07-14,2099.719970703125,2111.97998046875,2098.179931640625,2108.949951171875
2015-07-15,2109.010009765625,2114.139892578125,2102.489990234375,2107.39990234375
2015-07-16,2110.550048828125,2124.419921875,2110.550048828125,2124.2900390625
2015-07-17,2126.800048828125,2128.909912109375,2119.8798828125,2126.639892578125
2015-07-20,2126.85009765625,2132.820068359375,2123.659912109375,2128.280029296875
2015-07-21,2127.550048828125,2128.489990234375,2115.39990234375,2119.2099609375
2015-07-22,2118.2099609375,2118.510009765625,2110.0,2114.14990234375
2015-07-23,2114.159912109375,2116.8701171875,2098.6298828125,2102.14990234375
2015-07-24,2102.239990234375,2106.010009765625,2077.090087890625,2079.64990234375
2015-07-27,2078.18994140625,2078.18994140625,2063.52001953125,2067.639892578125
2015-07-28,2070.75,2095.60009765625,2069.090087890625,2093.25
2015-07-29,2094.699951171875,2110.60009765625,2094.080078125,2108.570068359375
2015-07-30,2106.780029296875,2110.47998046875,2094.969970703125,2108.6298828125
2015-07-31,2111.60009765625,2114.239990234375,2102.070068359375,2103.840087890625
2015-08-03,2104.489990234375,2105.699951171875,2087.31005859375,2098.0400390625
2015-08-04,2097.679931640625,2102.510009765625,2088.60009765625,2093.320068359375
2015-08-05,2095.27001953125,2112.659912109375,2095.27001953125,2099.840087890625
2015-08-06,2100.75,2103.320068359375,2075.530029296875,2083.56005859375
2015-08-07,2082.610107421875,2082.610107421875,2067.909912109375,2077.570068359375
2015-08-10,2080.97998046875,2105.35009765625,2080.97998046875,2104.179931640625
2015-08-11,2102.659912109375,2102.659912109375,2076.489990234375,2084.070068359375
2015-08-12,2081.10009765625,2089.06005859375,2052.090087890625,2086.050048828125
2015-08-13,2086.18994140625,2092.929931640625,2078.260009765625,2083.389892578125
2015-08-14,2083.14990234375,2092.449951171875,2080.610107421875,2091.5400390625
2015-08-17,2089.699951171875,2102.8701171875,2079.300048828125,2102.43994140625
2015-08-18,2101.989990234375,2103.469970703125,2094.139892578125,2096.919921875
2015-08-19,2095.68994140625,2096.169921875,2070.530029296875,2079.610107421875
2015-08-20,2076.610107421875,2076.610107421875,2035.72998046875,2035.72998046875
2015-08-21,2034.0799560546875,2034.0799560546875,1970.8900146484373,1970.8900146484373
2015-08-24,1965.1500244140625,1965.1500244140625,1867.010009765625,1893.2099609375
2015-08-25,1898.0799560546875,1948.0400390625,1867.0799560546875,1867.6099853515625
2015-08-26,1872.75,1943.0899658203125,1872.75,1940.510009765625
2015-08-27,1942.77001953125,1989.5999755859373,1942.77001953125,1987.6600341796875
2015-08-28,1986.06005859375,1993.47998046875,1975.18994140625,1988.8699951171875
2015-08-31,1986.72998046875,1986.72998046875,1965.97998046875,1972.1800537109373
2015-09-01,1970.0899658203125,1970.0899658203125,1903.0699462890625,1913.8499755859373
2015-09-02,1916.52001953125,1948.9100341796875,1916.52001953125,1948.8599853515625
2015-09-03,1950.7900390625,1975.010009765625,1944.719970703125,1951.1300048828125
2015-09-04,1947.760009765625,1947.760009765625,1911.2099609375,1921.219970703125
2015-09-08,1927.300048828125,1970.4200439453125,1927.300048828125,1969.4100341796875
2015-09-09,1971.449951171875,1988.6300048828125,1937.8800048828125,1942.0400390625
2015-09-10,1941.5899658203125,1965.2900390625,1937.18994140625,1952.2900390625
2015-09-11,1951.449951171875,1961.050048828125,1939.18994140625,1961.050048828125
2015-09-14,1963.06005859375,1963.06005859375,1948.27001953125,1953.030029296875
2015-09-15,1955.0999755859373,1983.18994140625,1954.300048828125,1978.0899658203125
2015-09-16,1978.02001953125,1997.260009765625,1977.9300537109373,1995.31005859375
2015-09-17,1995.3299560546875,2020.8599853515625,1986.72998046875,1990.199951171875
2015-09-18,1989.6600341796875,1989.6600341796875,1953.449951171875,1958.030029296875
2015-09-21,1960.8399658203125,1979.6400146484373,1955.800048828125,1966.969970703125
2015-09-22,1961.3900146484373,1961.3900146484373,1929.219970703125,1942.739990234375
2015-09-23,1943.239990234375,1949.52001953125,1932.5699462890625,1938.760009765625
2015-09-24,1934.81005859375,1937.1700439453125,1908.9200439453125,1932.239990234375
2015-09-25,1935.9300537109373,1952.8900146484373,1921.5,1931.3399658203125
2015-09-28,1929.1800537109373,1929.1800537109373,1879.2099609375,1881.77001953125
2015-09-29,1881.9000244140625,1899.47998046875,1871.9100341796875,1884.0899658203125
2015-09-30,1887.1400146484373,1920.530029296875,1887.1400146484373,1920.030029296875
2015-10-01,1919.6500244140625,1927.2099609375,1900.699951171875,1923.8199462890625
2015-10-02,1921.77001953125,1951.3599853515625,1893.699951171875,1951.3599853515625
2015-10-05,1954.3299560546875,1989.1700439453125,1954.3299560546875,1987.050048828125
2015-10-06,1986.6300048828125,1991.6199951171875,1971.989990234375,1979.9200439453125
2015-10-07,1982.3399658203125,1999.31005859375,1976.43994140625,1995.8299560546875
2015-10-08,1994.010009765625,2016.5,1987.530029296875,2013.4300537109373
2015-10-09,2013.72998046875,2020.1300048828125,2007.6099853515625,2014.8900146484373
2015-10-12,2015.6500244140625,2018.6600341796875,2010.550048828125,2017.4599609375
2015-10-13,2015.0,2022.3399658203125,2001.780029296875,2003.68994140625
2015-10-14,2003.6600341796875,2009.56005859375,1990.72998046875,1994.239990234375
2015-10-15,1996.469970703125,2024.1500244140625,1996.469970703125,2023.8599853515625
2015-10-16,2024.3699951171875,2033.5400390625,2020.4599609375,2033.1099853515625
2015-10-19,2031.72998046875,2034.449951171875,2022.31005859375,2033.6600341796875
2015-10-20,2033.1300048828125,2039.1199951171875,2026.6099853515625,2030.77001953125
2015-10-21,2033.469970703125,2037.969970703125,2017.219970703125,2018.93994140625
2015-10-22,2021.8800048828125,2055.199951171875,2021.8800048828125,2052.510009765625
2015-10-23,2058.18994140625,2079.739990234375,2058.18994140625,2075.14990234375
2015-10-26,2075.080078125,2075.139892578125,2066.530029296875,2071.179931640625
2015-10-27,2068.75,2070.3701171875,2058.840087890625,2065.889892578125
2015-10-28,2066.47998046875,2090.35009765625,2063.110107421875,2090.35009765625
2015-10-29,2088.35009765625,2092.52001953125,2082.6298828125,2089.409912109375
2015-10-30,2090.0,2094.320068359375,2079.340087890625,2079.360107421875
2015-11-02,2080.760009765625,2106.199951171875,2080.760009765625,2104.050048828125
2015-11-03,2102.6298828125,2116.47998046875,2097.510009765625,2109.7900390625
2015-11-04,2110.60009765625,2114.590087890625,2096.97998046875,2102.31005859375
2015-11-05,2101.679931640625,2108.780029296875,2090.409912109375,2099.929931640625
2015-11-06,2098.60009765625,2101.909912109375,2083.739990234375,2099.199951171875
2015-11-09,2096.56005859375,2096.56005859375,2068.239990234375,2078.580078125
2015-11-10,2077.18994140625,2083.669921875,2069.909912109375,2081.719970703125
2015-11-11,2083.409912109375,2086.93994140625,2074.85009765625,2075.0
2015-11-12,2072.2900390625,2072.2900390625,2045.6600341796875,2045.969970703125
2015-11-13,2044.6400146484373,2044.6400146484373,2022.02001953125,2023.0400390625
2015-11-16,2022.0799560546875,2053.219970703125,2019.3900146484373,2053.18994140625
2015-11-17,2053.669921875,2066.68994140625,2045.9000244140625,2050.43994140625
2015-11-18,2051.989990234375,2085.31005859375,2051.989990234375,2083.580078125
2015-11-19,2083.699951171875,2086.739990234375,2078.760009765625,2081.239990234375
2015-11-20,2082.820068359375,2097.06005859375,2082.820068359375,2089.169921875
2015-11-23,2089.409912109375,2095.610107421875,2081.389892578125,2086.590087890625
2015-11-24,2084.419921875,2094.1201171875,2070.2900390625,2089.139892578125
2015-11-25,2089.300048828125,2093.0,2086.300048828125,2088.8701171875
2015-11-27,2088.820068359375,2093.2900390625,2084.1298828125,2090.110107421875
2015-11-30,2090.949951171875,2093.81005859375,2080.409912109375,2080.409912109375
2015-12-01,2082.929931640625,2103.3701171875,2082.929931640625,2102.6298828125
2015-12-02,2101.7099609375,2104.27001953125,2077.110107421875,2079.510009765625
2015-12-03,2080.7099609375,2085.0,2042.3499755859373,2049.6201171875
2015-12-04,2051.239990234375,2093.840087890625,2051.239990234375,2091.68994140625
2015-12-07,2090.419921875,2090.419921875,2066.780029296875,2077.070068359375
2015-12-08,2073.389892578125,2073.85009765625,2052.320068359375,2063.590087890625
2015-12-09,2061.169921875,2080.330078125,2036.530029296875,2047.6199951171875
2015-12-10,2047.9300537109373,2067.64990234375,2045.6700439453125,2052.22998046875
2015-12-11,2047.27001953125,2047.27001953125,2008.800048828125,2012.3699951171875
2015-12-14,2013.3699951171875,2022.9200439453125,1993.260009765625,2021.93994140625
2015-12-15,2025.550048828125,2053.8701171875,2025.550048828125,2043.4100341796875
2015-12-16,2046.5,2076.719970703125,2042.4300537109373,2073.070068359375
2015-12-17,2073.760009765625,2076.3701171875,2041.6600341796875,2041.8900146484373
2015-12-18,2040.81005859375,2040.81005859375,2005.3299560546875,2005.550048828125
2015-12-21,2010.27001953125,2022.9000244140625,2005.9300537109373,2021.1500244140625
2015-12-22,2023.1500244140625,2042.739990234375,2020.489990234375,2038.969970703125
2015-12-23,2042.199951171875,2064.72998046875,2042.199951171875,2064.2900390625
2015-12-24,2063.52001953125,2067.360107421875,2058.72998046875,2060.989990234375
2015-12-28,2057.77001953125,2057.77001953125,2044.199951171875,2056.5
2015-12-29,2060.5400390625,2081.56005859375,2060.5400390625,2078.360107421875
2015-12-30,2077.340087890625,2077.340087890625,2061.969970703125,2063.360107421875
2015-12-31,2060.590087890625,2062.5400390625,2043.6199951171875,2043.93994140625
2016-01-04,2038.199951171875,2038.199951171875,1989.6800537109373,2012.6600341796875
2016-01-05,2013.780029296875,2021.93994140625,2004.1700439453125,2016.7099609375
2016-01-06,2011.7099609375,2011.7099609375,1979.050048828125,1990.260009765625
2016-01-07,1985.3199462890625,1985.3199462890625,1938.8299560546875,1943.0899658203125
2016-01-08,1945.969970703125,1960.4000244140625,1918.4599609375,1922.030029296875
2016-01-11,1926.1199951171875,1935.6500244140625,1901.0999755859373,1923.6700439453125
2016-01-12,1927.8299560546875,1947.3800048828125,1914.3499755859373,1938.6800537109373
2016-01-13,1940.3399658203125,1950.3299560546875,1886.4100341796875,1890.280029296875
2016-01-14,1891.6800537109373,1934.469970703125,1878.9300537109373,1921.8399658203125
2016-01-15,1916.6800537109373,1916.6800537109373,1857.8299560546875,1880.3299560546875
2016-01-19,1888.6600341796875,1901.43994140625,1864.5999755859373,1881.3299560546875
2016-01-20,1876.1800537109373,1876.1800537109373,1812.2900390625,1859.3299560546875
2016-01-21,1861.4599609375,1889.8499755859373,1848.97998046875,1868.989990234375
2016-01-22,1877.4000244140625,1908.8499755859373,1877.4000244140625,1906.9000244140625
2016-01-25,1906.280029296875,1906.280029296875,1875.969970703125,1877.0799560546875
2016-01-26,1878.7900390625,1906.72998046875,1878.7900390625,1903.6300048828125
2016-01-27,1902.52001953125,1916.989990234375,1872.699951171875,1882.949951171875
2016-01-28,1885.219970703125,1902.9599609375,1873.6500244140625,1893.3599853515625
2016-01-29,1894.0,1940.239990234375,1894.0,1940.239990234375
2016-02-01,1936.93994140625,1947.199951171875,1920.300048828125,1939.3800048828125
2016-02-02,1935.260009765625,1935.260009765625,1897.2900390625,1903.030029296875
2016-02-03,1907.0699462890625,1918.010009765625,1872.22998046875,1912.530029296875
2016-02-04,1911.6700439453125,1927.3499755859373,1900.52001953125,1915.449951171875
2016-02-05,1913.0699462890625,1913.0699462890625,1872.6500244140625,1880.050048828125
2016-02-08,1873.25,1873.25,1828.4599609375,1853.43994140625
2016-02-09,1848.4599609375,1868.25,1834.93994140625,1852.2099609375
2016-02-10,1857.0999755859373,1881.5999755859373,1850.3199462890625,1851.8599853515625
2016-02-11,1847.0,1847.0,1810.0999755859373,1829.0799560546875
2016-02-12,1833.4000244140625,1864.780029296875,1833.4000244140625,1864.780029296875
2016-02-16,1871.43994140625,1895.77001953125,1871.43994140625,1895.5799560546875
2016-02-17,1898.800048828125,1930.6800537109373,1898.800048828125,1926.8199462890625
2016-02-18,1927.5699462890625,1930.0,1915.0899658203125,1917.8299560546875
2016-02-19,1916.739990234375,1918.780029296875,1902.1700439453125,1917.780029296875
2016-02-22,1924.43994140625,1946.699951171875,1924.43994140625,1945.5
2016-02-23,1942.3800048828125,1942.3800048828125,1919.43994140625,1921.27001953125
2016-02-24,1917.56005859375,1932.0799560546875,1891.0,1929.800048828125
2016-02-25,1931.8699951171875,1951.8299560546875,1925.4100341796875,1951.699951171875
2016-02-26,1954.949951171875,1962.9599609375,1945.780029296875,1948.050048828125
2016-02-29,1947.1300048828125,1958.27001953125,1931.81005859375,1932.22998046875
2016-03-01,1937.0899658203125,1978.3499755859373,1937.0899658203125,1978.3499755859373
2016-03-02,1976.5999755859373,1986.510009765625,1968.800048828125,1986.449951171875
2016-03-03,1985.5999755859373,1993.68994140625,1977.3699951171875,1993.4000244140625
2016-03-04,1994.010009765625,2009.1300048828125,1986.77001953125,1999.989990234375
2016-03-07,1996.1099853515625,2006.1199951171875,1989.3800048828125,2001.760009765625
2016-03-08,1996.8800048828125,1996.8800048828125,1977.4300537109373,1979.260009765625
2016-03-09,1981.43994140625,1992.68994140625,1979.8399658203125,1989.260009765625
2016-03-10,1990.969970703125,2005.0799560546875,1969.25,1989.5699462890625
2016-03-11,1994.7099609375,2022.3699951171875,1994.7099609375,2022.18994140625
2016-03-14,2019.27001953125,2024.5699462890625,2012.050048828125,2019.6400146484373
2016-03-15,2015.27001953125,2015.93994140625,2005.22998046875,2015.9300537109373
2016-03-16,2014.239990234375,2032.02001953125,2010.0400390625,2027.219970703125
2016-03-17,2026.9000244140625,2046.239990234375,2022.1600341796875,2040.5899658203125
2016-03-18,2041.1600341796875,2052.360107421875,2041.1600341796875,2049.580078125
2016-03-21,2047.8800048828125,2053.909912109375,2043.1400146484373,2051.60009765625
2016-03-22,2048.639892578125,2056.60009765625,2040.5699462890625,2049.800048828125
2016-03-23,2048.550048828125,2048.550048828125,2034.8599853515625,2036.7099609375
2016-03-24,2032.47998046875,2036.0400390625,2022.489990234375,2035.93994140625
2016-03-28,2037.8900146484373,2042.6700439453125,2031.9599609375,2037.050048828125
2016-03-29,2035.75,2055.909912109375,2028.31005859375,2055.010009765625
2016-03-30,2058.27001953125,2072.2099609375,2058.27001953125,2063.949951171875
2016-03-31,2063.77001953125,2067.919921875,2057.4599609375,2059.739990234375
2016-04-01,2056.6201171875,2075.070068359375,2043.97998046875,2072.780029296875
2016-04-04,2073.18994140625,2074.02001953125,2062.570068359375,2066.1298828125
2016-04-05,2062.5,2062.5,2042.56005859375,2045.1700439453125
2016-04-06,2045.56005859375,2067.330078125,2043.0899658203125,2066.659912109375
2016-04-07,2063.010009765625,2063.010009765625,2033.800048828125,2041.9100341796875
2016-04-08,2045.5400390625,2060.6298828125,2041.68994140625,2047.5999755859373
2016-04-11,2050.22998046875,2062.929931640625,2041.8800048828125,2041.989990234375
2016-04-12,2043.719970703125,2065.050048828125,2039.739990234375,2061.719970703125
2016-04-13,2065.919921875,2083.179931640625,2065.919921875,2082.419921875
2016-04-14,2082.889892578125,2087.840087890625,2078.1298828125,2082.780029296875
2016-04-15,2083.10009765625,2083.219970703125,2076.31005859375,2080.72998046875
2016-04-18,2078.830078125,2094.659912109375,2073.64990234375,2094.340087890625
2016-04-19,2096.050048828125,2104.050048828125,2091.679931640625,2100.800048828125
2016-04-20,2101.52001953125,2111.050048828125,2096.320068359375,2102.39990234375
2016-04-21,2102.090087890625,2103.780029296875,2088.52001953125,2091.47998046875
2016-04-22,2091.489990234375,2094.320068359375,2081.199951171875,2091.580078125
2016-04-25,2089.3701171875,2089.3701171875,2077.52001953125,2087.7900390625
2016-04-26,2089.840087890625,2096.8701171875,2085.800048828125,2091.699951171875
2016-04-27,2092.330078125,2099.889892578125,2082.31005859375,2095.14990234375
2016-04-28,2090.929931640625,2099.300048828125,2071.6201171875,2075.81005859375
2016-04-29,2071.820068359375,2073.85009765625,2052.280029296875,2065.300048828125
2016-05-02,2067.169921875,2083.419921875,2066.110107421875,2081.429931640625
2016-05-03,2077.179931640625,2077.179931640625,2054.889892578125,2063.3701171875
2016-05-04,2060.300048828125,2060.300048828125,2045.550048828125,2051.1201171875
2016-05-05,2052.949951171875,2060.22998046875,2045.77001953125,2050.6298828125
2016-05-06,2047.77001953125,2057.719970703125,2039.449951171875,2057.139892578125
2016-05-09,2057.550048828125,2064.14990234375,2054.31005859375,2058.68994140625
2016-05-10,2062.6298828125,2084.8701171875,2062.6298828125,2084.389892578125
2016-05-11,2083.2900390625,2083.2900390625,2064.4599609375,2064.4599609375
2016-05-12,2067.169921875,2073.989990234375,2053.1298828125,2064.110107421875
2016-05-13,2062.5,2066.7900390625,2043.1300048828125,2046.6099853515625
2016-05-16,2046.530029296875,2071.8798828125,2046.530029296875,2066.659912109375
2016-05-17,2065.0400390625,2065.68994140625,2040.8199462890625,2047.2099609375
2016-05-18,2044.3800048828125,2060.610107421875,2034.489990234375,2047.6300048828125
2016-05-19,2044.2099609375,2044.2099609375,2025.9100341796875,2040.0400390625
2016-05-20,2041.8800048828125,2058.35009765625,2041.8800048828125,2052.320068359375
2016-05-23,2052.22998046875,2055.580078125,2047.260009765625,2048.0400390625
2016-05-24,2052.64990234375,2079.669921875,2052.64990234375,2076.06005859375
2016-05-25,2078.929931640625,2094.72998046875,2078.929931640625,2090.5400390625
2016-05-26,2091.43994140625,2094.300048828125,2087.080078125,2090.10009765625
2016-05-27,2090.06005859375,2099.06005859375,2090.06005859375,2099.06005859375
2016-05-31,2100.1298828125,2103.47998046875,2088.659912109375,2096.949951171875
2016-06-01,2093.93994140625,2100.969970703125,2085.10009765625,2099.330078125
2016-06-02,2097.7099609375,2105.260009765625,2088.590087890625,2105.260009765625
2016-06-03,2104.070068359375,2104.070068359375,2085.360107421875,2099.1298828125
2016-06-06,2100.830078125,2113.360107421875,2100.830078125,2109.409912109375
2016-06-07,2110.179931640625,2119.219970703125,2110.179931640625,2112.1298828125
2016-06-08,2112.7099609375,2120.550048828125,2112.7099609375,2119.1201171875
2016-06-09,2115.64990234375,2117.639892578125,2107.72998046875,2115.47998046875
2016-06-10,2109.570068359375,2109.570068359375,2089.9599609375,2096.070068359375
2016-06-13,2091.75,2098.1201171875,2078.4599609375,2079.06005859375
2016-06-14,2076.64990234375,2081.300048828125,2064.10009765625,2075.320068359375
2016-06-15,2077.60009765625,2085.64990234375,2069.800048828125,2071.5
2016-06-16,2066.360107421875,2079.6201171875,2050.3701171875,2077.989990234375
2016-06-17,2078.199951171875,2078.199951171875,2062.840087890625,2071.219970703125
2016-06-20,2075.580078125,2100.659912109375,2075.580078125,2083.25
2016-06-21,2085.18994140625,2093.659912109375,2083.02001953125,2088.89990234375
2016-06-22,2089.75,2099.7099609375,2084.360107421875,2085.449951171875
2016-06-23,2092.800048828125,2113.320068359375,2092.800048828125,2113.320068359375
2016-06-24,2103.81005859375,2103.81005859375,2032.5699462890625,2037.4100341796875
2016-06-27,2031.449951171875,2031.449951171875,1991.6800537109373,2000.5400390625
2016-06-28,2006.6700439453125,2036.0899658203125,2006.6700439453125,2036.0899658203125
2016-06-29,2042.68994140625,2073.1298828125,2042.68994140625,2070.77001953125
2016-06-30,2073.169921875,2098.93994140625,2070.0,2098.860107421875
2016-07-01,2099.340087890625,2108.7099609375,2097.89990234375,2102.949951171875
2016-07-05,2095.050048828125,2095.050048828125,2080.860107421875,2088.550048828125
2016-07-06,2084.429931640625,2100.719970703125,2074.02001953125,2099.72998046875
2016-07-07,2100.419921875,2109.080078125,2089.389892578125,2097.89990234375
2016-07-08,2106.969970703125,2131.7099609375,2106.969970703125,2129.89990234375
2016-07-11,2131.719970703125,2143.159912109375,2131.719970703125,2137.159912109375
2016-07-12,2139.5,2155.39990234375,2139.5,2152.139892578125
2016-07-13,2153.81005859375,2156.449951171875,2146.2099609375,2152.429931640625
2016-07-14,2157.8798828125,2168.989990234375,2157.8798828125,2163.75
2016-07-15,2165.1298828125,2169.050048828125,2155.7900390625,2161.739990234375
2016-07-18,2162.0400390625,2168.35009765625,2159.6298828125,2166.889892578125
2016-07-19,2163.7900390625,2164.6298828125,2159.010009765625,2163.780029296875
2016-07-20,2166.10009765625,2175.6298828125,2164.889892578125,2173.02001953125
2016-07-21,2172.909912109375,2174.56005859375,2159.75,2165.169921875
2016-07-22,2166.469970703125,2175.110107421875,2163.239990234375,2175.030029296875
2016-07-25,2173.7099609375,2173.7099609375,2161.949951171875,2168.47998046875
2016-07-26,2168.969970703125,2173.5400390625,2160.179931640625,2169.179931640625
2016-07-27,2169.81005859375,2174.97998046875,2159.070068359375,2166.580078125
2016-07-28,2166.050048828125,2172.85009765625,2159.739990234375,2170.06005859375
2016-07-29,2168.830078125,2177.090087890625,2163.489990234375,2173.60009765625
2016-08-01,2173.14990234375,2178.2900390625,2166.2099609375,2170.840087890625
2016-08-02,2169.93994140625,2170.199951171875,2147.580078125,2157.030029296875
2016-08-03,2156.81005859375,2163.7900390625,2152.56005859375,2163.7900390625
2016-08-04,2163.510009765625,2168.18994140625,2159.070068359375,2164.25
2016-08-05,2168.7900390625,2182.8701171875,2168.7900390625,2182.8701171875
2016-08-08,2183.760009765625,2185.43994140625,2177.85009765625,2180.889892578125
2016-08-09,2182.239990234375,2187.659912109375,2178.610107421875,2181.739990234375
2016-08-10,2182.81005859375,2183.409912109375,2172.0,2175.489990234375
2016-08-11,2177.969970703125,2188.449951171875,2177.969970703125,2185.7900390625
2016-08-12,2183.739990234375,2186.280029296875,2179.419921875,2184.050048828125
2016-08-15,2186.080078125,2193.81005859375,2186.080078125,2190.14990234375
2016-08-16,2186.239990234375,2186.239990234375,2178.139892578125,2178.14990234375
2016-08-17,2177.840087890625,2183.080078125,2168.5,2182.219970703125
2016-08-18,2181.89990234375,2187.030029296875,2180.4599609375,2187.02001953125
2016-08-19,2184.239990234375,2185.0,2175.1298828125,2183.8701171875
2016-08-22,2181.580078125,2185.14990234375,2175.9599609375,2182.639892578125
2016-08-23,2187.81005859375,2193.419921875,2186.800048828125,2186.89990234375
2016-08-24,2185.090087890625,2186.659912109375,2171.25,2175.43994140625
2016-08-25,2173.2900390625,2179.0,2169.739990234375,2172.469970703125
2016-08-26,2175.10009765625,2187.93994140625,2160.389892578125,2169.0400390625
2016-08-29,2170.18994140625,2183.47998046875,2170.18994140625,2180.3798828125
2016-08-30,2179.449951171875,2182.27001953125,2170.409912109375,2176.1201171875
2016-08-31,2173.56005859375,2173.7900390625,2161.35009765625,2170.949951171875
2016-09-01,2171.330078125,2173.56005859375,2157.090087890625,2170.860107421875
2016-09-02,2177.489990234375,2184.8701171875,2173.590087890625,2179.97998046875
2016-09-06,2181.610107421875,2186.570068359375,2175.10009765625,2186.47998046875
2016-09-07,2185.169921875,2187.8701171875,2179.070068359375,2186.159912109375
2016-09-08,2182.760009765625,2184.93994140625,2177.489990234375,2181.300048828125
2016-09-09,2169.080078125,2169.080078125,2127.81005859375,2127.81005859375
2016-09-12,2120.860107421875,2163.300048828125,2119.1201171875,2159.0400390625
2016-09-13,2150.469970703125,2150.469970703125,2120.27001953125,2127.02001953125
2016-09-14,2127.860107421875,2141.330078125,2119.89990234375,2125.77001953125
2016-09-15,2125.360107421875,2151.31005859375,2122.360107421875,2147.260009765625
2016-09-16,2146.47998046875,2146.47998046875,2131.199951171875,2139.159912109375
2016-09-19,2143.989990234375,2153.610107421875,2135.909912109375,2139.1201171875
2016-09-20,2145.93994140625,2150.800048828125,2139.169921875,2139.760009765625
2016-09-21,2144.580078125,2165.110107421875,2139.570068359375,2163.1201171875
2016-09-22,2170.93994140625,2179.989990234375,2170.93994140625,2177.179931640625
2016-09-23,2173.2900390625,2173.75,2163.969970703125,2164.68994140625
2016-09-26,2158.5400390625,2158.5400390625,2145.0400390625,2146.10009765625
2016-09-27,2146.0400390625,2161.1298828125,2141.550048828125,2159.929931640625
2016-09-28,2161.85009765625,2172.39990234375,2151.7900390625,2171.3701171875
2016-09-29,2168.89990234375,2172.669921875,2145.199951171875,2151.1298828125
2016-09-30,2156.510009765625,2175.300048828125,2156.510009765625,2168.27001953125
2016-10-03,2164.330078125,2164.409912109375,2154.77001953125,2161.199951171875
2016-10-04,2163.3701171875,2165.4599609375,2144.010009765625,2150.489990234375
2016-10-05,2155.14990234375,2163.949951171875,2155.14990234375,2159.72998046875
2016-10-06,2158.219970703125,2162.929931640625,2150.280029296875,2160.77001953125
2016-10-07,2164.18994140625,2165.860107421875,2144.85009765625,2153.739990234375
2016-10-10,2160.389892578125,2169.60009765625,2160.389892578125,2163.659912109375
2016-10-11,2161.35009765625,2161.56005859375,2128.840087890625,2136.72998046875
2016-10-12,2137.669921875,2145.360107421875,2132.77001953125,2139.179931640625
2016-10-13,2130.260009765625,2138.18994140625,2114.719970703125,2132.550048828125
2016-10-14,2139.679931640625,2149.18994140625,2132.97998046875,2132.97998046875
2016-10-17,2132.949951171875,2135.610107421875,2124.429931640625,2126.5
2016-10-18,2138.31005859375,2144.3798828125,2135.489990234375,2139.60009765625
2016-10-19,2140.81005859375,2148.43994140625,2138.14990234375,2144.2900390625
2016-10-20,2142.510009765625,2147.179931640625,2133.43994140625,2141.340087890625
2016-10-21,2139.429931640625,2142.6298828125,2130.090087890625,2141.159912109375
2016-10-24,2148.5,2154.7900390625,2146.909912109375,2151.330078125
2016-10-25,2149.719970703125,2151.43994140625,2141.929931640625,2143.159912109375
2016-10-26,2136.969970703125,2145.72998046875,2131.590087890625,2139.429931640625
2016-10-27,2144.06005859375,2147.1298828125,2132.52001953125,2133.0400390625
2016-10-28,2132.22998046875,2140.719970703125,2119.360107421875,2126.409912109375
2016-10-31,2129.780029296875,2133.25,2125.530029296875,2126.14990234375
2016-11-01,2128.679931640625,2131.449951171875,2097.85009765625,2111.719970703125
2016-11-02,2109.429931640625,2111.760009765625,2094.0,2097.93994140625
2016-11-03,2098.800048828125,2102.56005859375,2085.22998046875,2088.659912109375
2016-11-04,2083.7900390625,2099.070068359375,2083.7900390625,2085.179931640625
2016-11-07,2100.590087890625,2132.0,2100.590087890625,2131.52001953125
2016-11-08,2129.919921875,2146.8701171875,2123.56005859375,2139.56005859375
2016-11-09,2131.56005859375,2170.10009765625,2125.35009765625,2163.260009765625
2016-11-10,2167.489990234375,2182.300048828125,2151.169921875,2167.47998046875
2016-11-11,2162.7099609375,2165.919921875,2152.489990234375,2164.449951171875
2016-11-14,2165.639892578125,2171.360107421875,2156.080078125,2164.199951171875
2016-11-15,2168.2900390625,2180.840087890625,2166.3798828125,2180.389892578125
2016-11-16,2177.530029296875,2179.219970703125,2172.199951171875,2176.93994140625
2016-11-17,2178.610107421875,2188.06005859375,2176.64990234375,2187.1201171875
2016-11-18,2186.85009765625,2189.889892578125,2180.3798828125,2181.89990234375
2016-11-21,2186.429931640625,2198.699951171875,2186.429931640625,2198.179931640625
2016-11-22,2201.56005859375,2204.800048828125,2194.510009765625,2202.93994140625
2016-11-23,2198.550048828125,2204.719970703125,2194.510009765625,2204.719970703125
2016-11-25,2206.27001953125,2213.35009765625,2206.27001953125,2213.35009765625
2016-11-28,2210.2099609375,2211.139892578125,2200.360107421875,2201.719970703125
2016-11-29,2200.760009765625,2210.4599609375,2198.14990234375,2204.659912109375
2016-11-30,2204.969970703125,2214.10009765625,2198.81005859375,2198.81005859375
2016-12-01,2200.169921875,2202.60009765625,2187.43994140625,2191.080078125
2016-12-02,2191.1201171875,2197.949951171875,2188.3701171875,2191.949951171875
2016-12-05,2200.64990234375,2209.419921875,2199.969970703125,2204.7099609375
2016-12-06,2207.260009765625,2212.780029296875,2202.2099609375,2212.22998046875
2016-12-07,2210.719970703125,2241.6298828125,2208.929931640625,2241.35009765625
2016-12-08,2241.1298828125,2251.68994140625,2237.570068359375,2246.18994140625
2016-12-09,2249.72998046875,2259.800048828125,2249.22998046875,2259.530029296875
2016-12-12,2258.830078125,2264.030029296875,2252.3701171875,2256.9599609375
2016-12-13,2263.320068359375,2277.530029296875,2263.320068359375,2271.719970703125
2016-12-14,2268.35009765625,2276.199951171875,2248.43994140625,2253.280029296875
2016-12-15,2253.77001953125,2272.1201171875,2253.77001953125,2262.030029296875
2016-12-16,2266.81005859375,2268.050048828125,2254.239990234375,2258.070068359375
2016-12-19,2259.239990234375,2267.469970703125,2258.2099609375,2262.530029296875
2016-12-20,2266.5,2272.56005859375,2266.139892578125,2270.760009765625
2016-12-21,2270.5400390625,2271.22998046875,2265.14990234375,2265.179931640625
2016-12-22,2262.929931640625,2263.179931640625,2256.080078125,2260.9599609375
2016-12-23,2260.25,2263.7900390625,2258.840087890625,2263.7900390625
2016-12-27,2266.22998046875,2273.820068359375,2266.14990234375,2268.8798828125
2016-12-28,2270.22998046875,2271.31005859375,2249.110107421875,2249.919921875
2016-12-29,2249.5,2254.510009765625,2244.56005859375,2249.260009765625
2016-12-30,2251.610107421875,2253.580078125,2233.6201171875,2238.830078125
2017-01-03,2251.570068359375,2263.8798828125,2245.1298828125,2257.830078125
2017-01-04,2261.60009765625,2272.820068359375,2261.60009765625,2270.75
2017-01-05,2268.179931640625,2271.5,2260.449951171875,2269.0
2017-01-06,2271.139892578125,2282.10009765625,2264.06005859375,2276.97998046875
2017-01-09,2273.590087890625,2275.489990234375,2268.89990234375,2268.89990234375
2017-01-10,2269.719970703125,2279.27001953125,2265.27001953125,2268.89990234375
2017-01-11,2268.60009765625,2275.320068359375,2260.830078125,2275.320068359375
2017-01-12,2271.139892578125,2271.780029296875,2254.25,2270.43994140625
2017-01-13,2272.739990234375,2278.679931640625,2271.510009765625,2274.639892578125
2017-01-17,2269.139892578125,2272.080078125,2262.81005859375,2267.889892578125
2017-01-18,2269.139892578125,2272.010009765625,2263.35009765625,2271.889892578125
2017-01-19,2271.89990234375,2274.330078125,2258.409912109375,2263.68994140625
2017-01-20,2269.9599609375,2276.9599609375,2265.010009765625,2271.31005859375
2017-01-23,2267.780029296875,2271.780029296875,2257.02001953125,2265.199951171875
2017-01-24,2267.8798828125,2284.6298828125,2266.679931640625,2280.070068359375
2017-01-25,2288.8798828125,2299.550048828125,2288.8798828125,2298.3701171875
2017-01-26,2298.6298828125,2300.989990234375,2294.080078125,2296.679931640625
2017-01-27,2299.02001953125,2299.02001953125,2291.6201171875,2294.68994140625
2017-01-30,2286.010009765625,2286.010009765625,2268.0400390625,2280.89990234375
2017-01-31,2274.02001953125,2279.090087890625,2267.2099609375,2278.8701171875
2017-02-01,2285.590087890625,2289.139892578125,2272.43994140625,2279.550048828125
2017-02-02,2276.68994140625,2283.969970703125,2271.64990234375,2280.85009765625
2017-02-03,2288.5400390625,2298.31005859375,2287.8798828125,2297.419921875
2017-02-06,2294.280029296875,2296.179931640625,2288.570068359375,2292.56005859375
2017-02-07,2295.8701171875,2299.39990234375,2290.159912109375,2293.080078125
2017-02-08,2289.550048828125,2295.909912109375,2285.3798828125,2294.669921875
2017-02-09,2296.699951171875,2311.080078125,2296.610107421875,2307.8701171875
2017-02-10,2312.27001953125,2319.22998046875,2311.10009765625,2316.10009765625
2017-02-13,2321.719970703125,2331.580078125,2321.419921875,2328.25
2017-02-14,2326.1201171875,2337.580078125,2322.169921875,2337.580078125
2017-02-15,2335.580078125,2351.300048828125,2334.81005859375,2349.25
2017-02-16,2349.639892578125,2351.31005859375,2338.8701171875,2347.219970703125
2017-02-17,2343.010009765625,2351.159912109375,2339.580078125,2351.159912109375
2017-02-21,2354.909912109375,2366.7099609375,2354.909912109375,2365.3798828125
2017-02-22,2361.110107421875,2365.1298828125,2358.340087890625,2362.820068359375
2017-02-23,2367.5,2368.260009765625,2355.090087890625,2363.81005859375
2017-02-24,2355.72998046875,2367.340087890625,2352.8701171875,2367.340087890625
2017-02-27,2365.22998046875,2371.5400390625,2361.8701171875,2369.75
2017-02-28,2366.080078125,2367.7900390625,2358.9599609375,2363.639892578125
2017-03-01,2380.1298828125,2400.97998046875,2380.1298828125,2395.9599609375
2017-03-02,2394.75,2394.75,2380.169921875,2381.919921875
2017-03-03,2380.919921875,2383.889892578125,2375.389892578125,2383.1201171875
2017-03-06,2375.22998046875,2378.800048828125,2367.97998046875,2375.31005859375
2017-03-07,2370.739990234375,2375.1201171875,2365.510009765625,2368.389892578125
2017-03-08,2369.81005859375,2373.090087890625,2361.010009765625,2362.97998046875
2017-03-09,2363.489990234375,2369.080078125,2354.5400390625,2364.8701171875
2017-03-10,2372.52001953125,2376.860107421875,2363.0400390625,2372.60009765625
2017-03-13,2371.56005859375,2374.419921875,2368.52001953125,2373.469970703125
2017-03-14,2368.550048828125,2368.550048828125,2358.179931640625,2365.449951171875
2017-03-15,2370.340087890625,2390.010009765625,2368.93994140625,2385.260009765625
2017-03-16,2387.7099609375,2388.10009765625,2377.179931640625,2381.3798828125
2017-03-17,2383.7099609375,2385.7099609375,2377.639892578125,2378.25
2017-03-20,2378.239990234375,2379.550048828125,2369.659912109375,2373.469970703125
2017-03-21,2379.320068359375,2381.929931640625,2341.89990234375,2344.02001953125
2017-03-22,2343.0,2351.81005859375,2336.449951171875,2348.449951171875
2017-03-23,2345.969970703125,2358.919921875,2342.1298828125,2345.9599609375
2017-03-24,2350.419921875,2356.219970703125,2335.739990234375,2343.97998046875
2017-03-27,2329.110107421875,2344.89990234375,2322.25,2341.590087890625
2017-03-28,2339.7900390625,2363.780029296875,2337.6298828125,2358.570068359375
2017-03-29,2356.5400390625,2363.360107421875,2352.93994140625,2361.1298828125
2017-03-30,2361.31005859375,2370.419921875,2358.580078125,2368.06005859375
2017-03-31,2364.820068359375,2370.35009765625,2362.60009765625,2362.719970703125
2017-04-03,2362.340087890625,2365.8701171875,2344.72998046875,2358.840087890625
2017-04-04,2354.760009765625,2360.530029296875,2350.719970703125,2360.159912109375
2017-04-05,2366.590087890625,2378.360107421875,2350.52001953125,2352.949951171875
2017-04-06,2353.7900390625,2364.159912109375,2348.89990234375,2357.489990234375
2017-04-07,2356.590087890625,2363.760009765625,2350.739990234375,2355.5400390625
2017-04-10,2357.159912109375,2366.3701171875,2351.5,2357.159912109375
2017-04-11,2353.919921875,2355.219970703125,2337.25,2353.780029296875
2017-04-12,2352.14990234375,2352.719970703125,2341.179931640625,2344.929931640625
2017-04-13,2341.97998046875,2348.260009765625,2328.949951171875,2328.949951171875
2017-04-17,2332.6201171875,2349.139892578125,2332.510009765625,2349.010009765625
2017-04-18,2342.530029296875,2348.35009765625,2334.5400390625,2342.18994140625
2017-04-19,2346.7900390625,2352.6298828125,2335.050048828125,2338.169921875
2017-04-20,2342.68994140625,2361.3701171875,2340.909912109375,2355.840087890625
2017-04-21,2354.739990234375,2356.179931640625,2344.510009765625,2348.68994140625
2017-04-24,2370.330078125,2376.97998046875,2369.18994140625,2374.14990234375
2017-04-25,2381.510009765625,2392.47998046875,2381.14990234375,2388.610107421875
2017-04-26,2388.97998046875,2398.159912109375,2386.780029296875,2387.449951171875
2017-04-27,2389.699951171875,2392.10009765625,2382.679931640625,2388.77001953125
2017-04-28,2393.679931640625,2393.679931640625,2382.360107421875,2384.199951171875
2017-05-01,2388.5,2394.489990234375,2384.830078125,2388.330078125
2017-05-02,2391.050048828125,2392.929931640625,2385.820068359375,2391.169921875
2017-05-03,2386.5,2389.820068359375,2379.75,2388.1298828125
2017-05-04,2389.7900390625,2391.429931640625,2380.35009765625,2389.52001953125
2017-05-05,2392.3701171875,2399.2900390625,2389.3798828125,2399.2900390625
2017-05-08,2399.93994140625,2401.360107421875,2393.919921875,2399.3798828125
2017-05-09,2401.580078125,2403.8701171875,2392.43994140625,2396.919921875
2017-05-10,2396.7900390625,2399.739990234375,2392.7900390625,2399.6298828125
2017-05-11,2394.840087890625,2395.719970703125,2381.739990234375,2394.43994140625
2017-05-12,2392.43994140625,2392.43994140625,2387.18994140625,2390.89990234375
2017-05-15,2393.97998046875,2404.050048828125,2393.93994140625,2402.320068359375
2017-05-16,2404.550048828125,2405.77001953125,2396.050048828125,2400.669921875
2017-05-17,2382.949951171875,2384.8701171875,2356.2099609375,2357.030029296875
2017-05-18,2354.68994140625,2375.739990234375,2352.719970703125,2365.719970703125
2017-05-19,2371.3701171875,2389.06005859375,2370.429931640625,2381.72998046875
2017-05-22,2387.2099609375,2395.4599609375,2386.919921875,2394.02001953125
2017-05-23,2397.0400390625,2400.85009765625,2393.8798828125,2398.419921875
2017-05-24,2401.409912109375,2405.580078125,2397.989990234375,2404.389892578125
2017-05-25,2409.5400390625,2418.7099609375,2408.010009765625,2415.070068359375
2017-05-26,2414.5,2416.679931640625,2412.199951171875,2415.820068359375
2017-05-30,2411.669921875,2415.260009765625,2409.429931640625,2412.909912109375
2017-05-31,2415.6298828125,2415.989990234375,2403.590087890625,2411.800048828125
2017-06-01,2415.64990234375,2430.06005859375,2413.5400390625,2430.06005859375
2017-06-02,2431.280029296875,2440.22998046875,2427.7099609375,2439.070068359375
2017-06-05,2437.830078125,2439.550048828125,2434.320068359375,2436.10009765625
2017-06-06,2431.919921875,2436.2099609375,2428.1201171875,2429.330078125
2017-06-07,2432.030029296875,2435.280029296875,2424.75,2433.139892578125
2017-06-08,2434.27001953125,2439.27001953125,2427.93994140625,2433.7900390625
2017-06-09,2436.389892578125,2446.199951171875,2415.699951171875,2431.77001953125
2017-06-12,2425.8798828125,2430.3798828125,2419.969970703125,2429.389892578125
2017-06-13,2434.14990234375,2441.489990234375,2431.280029296875,2440.35009765625
2017-06-14,2443.75,2443.75,2428.340087890625,2437.919921875
2017-06-15,2424.139892578125,2433.949951171875,2418.530029296875,2432.4599609375
2017-06-16,2431.239990234375,2433.14990234375,2422.8798828125,2433.14990234375
2017-06-19,2442.550048828125,2453.820068359375,2441.7900390625,2453.4599609375
2017-06-20,2450.659912109375,2450.659912109375,2436.60009765625,2437.030029296875
2017-06-21,2439.31005859375,2442.22998046875,2430.739990234375,2435.610107421875
2017-06-22,2437.39990234375,2441.6201171875,2433.27001953125,2434.5
2017-06-23,2434.64990234375,2441.39990234375,2431.110107421875,2438.300048828125
2017-06-26,2443.320068359375,2450.419921875,2437.030029296875,2439.070068359375
2017-06-27,2436.340087890625,2440.14990234375,2419.3798828125,2419.3798828125
2017-06-28,2428.699951171875,2442.969970703125,2428.02001953125,2440.68994140625
2017-06-29,2442.3798828125,2442.72998046875,2405.699951171875,2419.699951171875
2017-06-30,2429.199951171875,2432.7099609375,2421.64990234375,2423.409912109375
2017-07-03,2431.389892578125,2439.169921875,2428.68994140625,2429.010009765625
2017-07-05,2430.780029296875,2434.89990234375,2422.050048828125,2432.5400390625
2017-07-06,2423.43994140625,2424.280029296875,2407.699951171875,2409.75
2017-07-07,2413.52001953125,2426.919921875,2413.52001953125,2425.179931640625
2017-07-10,2424.510009765625,2432.0,2422.27001953125,2427.429931640625
2017-07-11,2427.35009765625,2429.300048828125,2412.7900390625,2425.530029296875
2017-07-12,2435.75,2445.760009765625,2435.75,2443.25
2017-07-13,2444.989990234375,2449.320068359375,2441.68994140625,2447.830078125
2017-07-14,2449.159912109375,2463.5400390625,2446.68994140625,2459.27001953125
2017-07-17,2459.5,2462.820068359375,2457.159912109375,2459.139892578125
2017-07-18,2455.8798828125,2460.919921875,2450.340087890625,2460.610107421875
2017-07-19,2463.85009765625,2473.830078125,2463.85009765625,2473.830078125
2017-07-20,2475.56005859375,2477.6201171875,2468.429931640625,2473.449951171875
2017-07-21,2467.39990234375,2472.5400390625,2465.06005859375,2472.5400390625
2017-07-24,2472.0400390625,2473.10009765625,2466.320068359375,2469.909912109375
2017-07-25,2477.8798828125,2481.239990234375,2474.909912109375,2477.1298828125
2017-07-26,2479.969970703125,2481.68994140625,2474.93994140625,2477.830078125
2017-07-27,2482.760009765625,2484.0400390625,2459.929931640625,2475.419921875
2017-07-28,2469.1201171875,2473.530029296875,2464.659912109375,2472.10009765625
2017-07-31,2475.93994140625,2477.9599609375,2468.530029296875,2470.300048828125
2017-08-01,2477.10009765625,2478.510009765625,2471.139892578125,2476.35009765625
2017-08-02,2480.3798828125,2480.3798828125,2466.47998046875,2477.570068359375
2017-08-03,2476.030029296875,2476.030029296875,2468.85009765625,2472.159912109375
2017-08-04,2476.8798828125,2480.0,2472.080078125,2476.830078125
2017-08-07,2477.139892578125,2480.949951171875,2475.8798828125,2480.909912109375
2017-08-08,2478.35009765625,2490.8701171875,2470.320068359375,2474.919921875
2017-08-09,2465.35009765625,2474.409912109375,2462.080078125,2474.02001953125
2017-08-10,2465.3798828125,2465.3798828125,2437.75,2438.2099609375
2017-08-11,2441.0400390625,2448.090087890625,2437.85009765625,2441.320068359375
2017-08-14,2454.9599609375,2468.219970703125,2454.9599609375,2465.840087890625
2017-08-15,2468.659912109375,2468.89990234375,2461.610107421875,2464.610107421875
2017-08-16,2468.6298828125,2474.929931640625,2463.860107421875,2468.110107421875
2017-08-17,2462.949951171875,2465.02001953125,2430.010009765625,2430.010009765625
2017-08-18,2427.639892578125,2440.27001953125,2420.68994140625,2425.550048828125
2017-08-21,2425.5,2430.580078125,2417.35009765625,2428.3701171875
2017-08-22,2433.75,2454.77001953125,2433.669921875,2452.510009765625
2017-08-23,2444.8798828125,2448.909912109375,2441.419921875,2444.0400390625
2017-08-24,2447.909912109375,2450.389892578125,2436.18994140625,2438.969970703125
2017-08-25,2444.719970703125,2453.9599609375,2442.219970703125,2443.050048828125
2017-08-28,2447.35009765625,2449.1201171875,2439.030029296875,2444.239990234375
2017-08-29,2431.93994140625,2449.18994140625,2428.199951171875,2446.300048828125
2017-08-30,2446.06005859375,2460.31005859375,2443.77001953125,2457.590087890625
2017-08-31,2462.64990234375,2475.010009765625,2462.64990234375,2471.64990234375
2017-09-01,2474.419921875,2480.3798828125,2473.85009765625,2476.550048828125
2017-09-05,2470.35009765625,2471.969970703125,2446.550048828125,2457.85009765625
2017-09-06,2463.830078125,2469.639892578125,2459.199951171875,2465.5400390625
2017-09-07,2468.06005859375,2468.6201171875,2460.2900390625,2465.10009765625
2017-09-08,2462.25,2467.110107421875,2459.39990234375,2461.429931640625
2017-09-11,2474.52001953125,2488.949951171875,2474.52001953125,2488.110107421875
2017-09-12,2491.93994140625,2496.77001953125,2490.3701171875,2496.47998046875
2017-09-13,2493.889892578125,2498.3701171875,2492.139892578125,2498.3701171875
2017-09-14,2494.56005859375,2498.429931640625,2491.35009765625,2495.6201171875
2017-09-15,2495.669921875,2500.22998046875,2493.159912109375,2500.22998046875
2017-09-18,2502.510009765625,2508.320068359375,2499.919921875,2503.8701171875
2017-09-19,2506.2900390625,2507.840087890625,2503.18994140625,2506.64990234375
2017-09-20,2506.840087890625,2508.85009765625,2496.669921875,2508.239990234375
2017-09-21,2507.159912109375,2507.159912109375,2499.0,2500.60009765625
2017-09-22,2497.260009765625,2503.469970703125,2496.5400390625,2502.219970703125
2017-09-25,2499.389892578125,2502.5400390625,2488.030029296875,2496.659912109375
2017-09-26,2501.0400390625,2503.510009765625,2495.1201171875,2496.840087890625
2017-09-27,2503.300048828125,2511.75,2495.909912109375,2507.0400390625
2017-09-28,2503.409912109375,2510.81005859375,2502.929931640625,2510.06005859375
2017-09-29,2509.9599609375,2519.43994140625,2507.989990234375,2519.360107421875
2017-10-02,2521.199951171875,2529.22998046875,2520.39990234375,2529.1201171875
2017-10-03,2530.340087890625,2535.1298828125,2528.85009765625,2534.580078125
2017-10-04,2533.47998046875,2540.530029296875,2531.800048828125,2537.739990234375
2017-10-05,2540.860107421875,2552.510009765625,2540.02001953125,2552.070068359375
2017-10-06,2547.43994140625,2549.409912109375,2543.7900390625,2549.330078125
2017-10-09,2551.389892578125,2551.820068359375,2541.60009765625,2544.72998046875
2017-10-10,2549.989990234375,2555.22998046875,2544.860107421875,2550.639892578125
2017-10-11,2550.6201171875,2555.239990234375,2547.949951171875,2555.239990234375
2017-10-12,2552.8798828125,2555.330078125,2548.31005859375,2550.929931640625
2017-10-13,2555.659912109375,2557.64990234375,2552.090087890625,2553.169921875
2017-10-16,2555.570068359375,2559.469970703125,2552.639892578125,2557.639892578125
2017-10-17,2557.169921875,2559.7099609375,2554.68994140625,2559.360107421875
2017-10-18,2562.8701171875,2564.110107421875,2559.669921875,2561.260009765625
2017-10-19,2553.389892578125,2562.360107421875,2547.919921875,2562.10009765625
2017-10-20,2567.56005859375,2575.43994140625,2567.56005859375,2575.2099609375
2017-10-23,2578.080078125,2578.2900390625,2564.330078125,2564.97998046875
2017-10-24,2568.659912109375,2572.179931640625,2565.580078125,2569.1298828125
2017-10-25,2566.52001953125,2567.39990234375,2544.0,2557.14990234375
2017-10-26,2560.080078125,2567.070068359375,2559.800048828125,2560.39990234375
2017-10-27,2570.260009765625,2582.97998046875,2565.93994140625,2581.070068359375
2017-10-30,2577.75,2580.030029296875,2568.25,2572.830078125
2017-10-31,2575.989990234375,2578.2900390625,2572.14990234375,2575.260009765625
2017-11-01,2583.2099609375,2588.39990234375,2574.919921875,2579.360107421875
2017-11-02,2579.4599609375,2581.110107421875,2566.169921875,2579.85009765625
2017-11-03,2581.929931640625,2588.419921875,2576.77001953125,2587.840087890625
2017-11-06,2587.469970703125,2593.3798828125,2585.659912109375,2591.1298828125
2017-11-07,2592.110107421875,2597.02001953125,2584.35009765625,2590.639892578125
2017-11-08,2588.7099609375,2595.469970703125,2585.02001953125,2594.3798828125
2017-11-09,2584.0,2586.5,2566.330078125,2584.6201171875
2017-11-10,2580.179931640625,2583.81005859375,2575.570068359375,2582.300048828125
2017-11-13,2576.530029296875,2587.659912109375,2574.47998046875,2584.840087890625
2017-11-14,2577.75,2579.659912109375,2566.56005859375,2578.8701171875
2017-11-15,2569.449951171875,2572.840087890625,2557.449951171875,2564.6201171875
2017-11-16,2572.949951171875,2590.090087890625,2572.949951171875,2585.639892578125
2017-11-17,2582.93994140625,2583.9599609375,2577.6201171875,2578.85009765625
2017-11-20,2579.489990234375,2584.639892578125,2578.239990234375,2582.139892578125
2017-11-21,2589.169921875,2601.18994140625,2589.169921875,2599.030029296875
2017-11-22,2600.31005859375,2600.93994140625,2595.22998046875,2597.080078125
2017-11-24,2600.419921875,2604.2099609375,2600.419921875,2602.419921875
2017-11-27,2602.659912109375,2606.409912109375,2598.8701171875,2601.419921875
2017-11-28,2605.93994140625,2627.68994140625,2605.43994140625,2627.0400390625
2017-11-29,2627.820068359375,2634.889892578125,2620.320068359375,2626.070068359375
2017-11-30,2633.929931640625,2657.739990234375,2633.929931640625,2647.580078125
2017-12-01,2645.10009765625,2650.6201171875,2605.52001953125,2642.219970703125
2017-12-04,2657.18994140625,2665.18994140625,2639.030029296875,2639.43994140625
2017-12-05,2639.780029296875,2648.719970703125,2627.72998046875,2629.570068359375
2017-12-06,2626.239990234375,2634.409912109375,2624.75,2629.27001953125
2017-12-07,2628.3798828125,2640.989990234375,2626.530029296875,2636.97998046875
2017-12-08,2646.2099609375,2651.64990234375,2644.10009765625,2651.5
2017-12-11,2652.18994140625,2660.330078125,2651.469970703125,2659.989990234375
2017-12-12,2661.72998046875,2669.719970703125,2659.780029296875,2664.110107421875
2017-12-13,2667.590087890625,2671.8798828125,2662.85009765625,2662.85009765625
2017-12-14,2665.8701171875,2668.090087890625,2652.010009765625,2652.010009765625
2017-12-15,2660.6298828125,2679.6298828125,2659.139892578125,2675.81005859375
2017-12-18,2685.919921875,2694.969970703125,2685.919921875,2690.159912109375
2017-12-19,2692.7099609375,2694.43994140625,2680.739990234375,2681.469970703125
2017-12-20,2688.179931640625,2691.010009765625,2676.110107421875,2679.25
2017-12-21,2683.02001953125,2692.639892578125,2682.39990234375,2684.570068359375
2017-12-22,2684.219970703125,2685.35009765625,2678.1298828125,2683.340087890625
2017-12-26,2679.090087890625,2682.739990234375,2677.9599609375,2680.5
2017-12-27,2682.10009765625,2685.639892578125,2678.909912109375,2682.6201171875
2017-12-28,2686.10009765625,2687.659912109375,2682.68994140625,2687.5400390625
2017-12-29,2689.14990234375,2692.1201171875,2673.610107421875,2673.610107421875
2018-01-02,2683.72998046875,2695.889892578125,2682.360107421875,2695.81005859375
2018-01-03,2697.85009765625,2714.3701171875,2697.77001953125,2713.06005859375
2018-01-04,2719.31005859375,2729.2900390625,2719.070068359375,2723.989990234375
2018-01-05,2731.330078125,2743.449951171875,2727.919921875,2743.14990234375
2018-01-08,2742.669921875,2748.510009765625,2737.60009765625,2747.7099609375
2018-01-09,2751.14990234375,2759.139892578125,2747.860107421875,2751.2900390625
2018-01-10,2745.550048828125,2750.800048828125,2736.06005859375,2748.22998046875
2018-01-11,2752.969970703125,2767.56005859375,2752.780029296875,2767.56005859375
2018-01-12,2770.179931640625,2787.85009765625,2769.639892578125,2786.239990234375
2018-01-16,2798.9599609375,2807.5400390625,2768.639892578125,2776.419921875
2018-01-17,2784.989990234375,2807.0400390625,2778.3798828125,2802.56005859375
2018-01-18,2802.39990234375,2805.830078125,2792.56005859375,2798.030029296875
2018-01-19,2802.60009765625,2810.330078125,2798.080078125,2810.300048828125
2018-01-22,2809.159912109375,2833.030029296875,2808.1201171875,2832.969970703125
2018-01-23,2835.050048828125,2842.239990234375,2830.590087890625,2839.1298828125
2018-01-24,2845.419921875,2852.969970703125,2824.81005859375,2837.5400390625
2018-01-25,2846.239990234375,2848.56005859375,2830.93994140625,2839.25
2018-01-26,2847.47998046875,2872.8701171875,2846.179931640625,2872.8701171875
2018-01-29,2867.22998046875,2870.6201171875,2851.47998046875,2853.530029296875
2018-01-30,2832.739990234375,2837.75,2818.27001953125,2822.429931640625
2018-01-31,2832.409912109375,2839.260009765625,2813.0400390625,2823.81005859375
2018-02-01,2816.449951171875,2835.9599609375,2812.699951171875,2821.97998046875
2018-02-02,2808.919921875,2808.919921875,2759.969970703125,2762.1298828125
2018-02-05,2741.06005859375,2763.389892578125,2638.169921875,2648.93994140625
2018-02-06,2614.780029296875,2701.0400390625,2593.070068359375,2695.139892578125
2018-02-07,2690.949951171875,2727.669921875,2681.330078125,2681.659912109375
2018-02-08,2685.010009765625,2685.27001953125,2580.56005859375,2581.0
2018-02-09,2601.780029296875,2638.669921875,2532.68994140625,2619.550048828125
2018-02-12,2636.75,2672.610107421875,2622.449951171875,2656.0
2018-02-13,2646.27001953125,2668.840087890625,2637.080078125,2662.93994140625
2018-02-14,2651.2099609375,2702.10009765625,2648.8701171875,2698.6298828125
2018-02-15,2713.4599609375,2731.510009765625,2689.820068359375,2731.199951171875
2018-02-16,2727.139892578125,2754.419921875,2725.110107421875,2732.219970703125
2018-02-20,2722.989990234375,2737.60009765625,2706.760009765625,2716.260009765625
2018-02-21,2720.530029296875,2747.75,2701.2900390625,2701.330078125
2018-02-22,2710.419921875,2731.260009765625,2697.77001953125,2703.9599609375
2018-02-23,2715.800048828125,2747.760009765625,2713.739990234375,2747.300048828125
2018-02-26,2757.3701171875,2780.639892578125,2753.780029296875,2779.60009765625
2018-02-27,2780.449951171875,2789.14990234375,2744.219970703125,2744.280029296875
2018-02-28,2753.780029296875,2761.52001953125,2713.5400390625,2713.830078125
2018-03-01,2715.219970703125,2730.889892578125,2659.64990234375,2677.669921875
2018-03-02,2658.889892578125,2696.25,2647.320068359375,2691.25
2018-03-05,2681.06005859375,2728.090087890625,2675.75,2720.93994140625
2018-03-06,2730.179931640625,2732.080078125,2711.260009765625,2728.1201171875
2018-03-07,2710.179931640625,2730.60009765625,2701.739990234375,2726.800048828125
2018-03-08,2732.75,2740.449951171875,2722.64990234375,2738.969970703125
2018-03-09,2752.909912109375,2786.570068359375,2751.5400390625,2786.570068359375
2018-03-12,2790.5400390625,2796.97998046875,2779.260009765625,2783.02001953125
2018-03-13,2792.31005859375,2801.89990234375,2758.679931640625,2765.31005859375
2018-03-14,2774.06005859375,2777.110107421875,2744.3798828125,2749.47998046875
2018-03-15,2754.27001953125,2763.030029296875,2741.469970703125,2747.330078125
2018-03-16,2750.570068359375,2761.85009765625,2749.969970703125,2752.010009765625
2018-03-19,2741.3798828125,2741.3798828125,2694.590087890625,2712.919921875
2018-03-20,2715.050048828125,2724.219970703125,2710.050048828125,2716.93994140625
2018-03-21,2714.989990234375,2739.139892578125,2709.7900390625,2711.929931640625
2018-03-22,2691.360107421875,2695.679931640625,2641.590087890625,2643.68994140625
2018-03-23,2646.7099609375,2657.669921875,2585.889892578125,2588.260009765625
2018-03-26,2619.35009765625,2661.360107421875,2601.81005859375,2658.550048828125
2018-03-27,2667.570068359375,2674.780029296875,2596.1201171875,2612.6201171875
2018-03-28,2611.300048828125,2632.64990234375,2593.06005859375,2605.0
2018-03-29,2614.409912109375,2659.070068359375,2609.719970703125,2640.8701171875
2018-04-02,2633.449951171875,2638.300048828125,2553.800048828125,2581.8798828125
2018-04-03,2592.169921875,2619.139892578125,2575.489990234375,2614.449951171875
2018-04-04,2584.0400390625,2649.860107421875,2573.610107421875,2644.68994140625
2018-04-05,2657.360107421875,2672.080078125,2649.580078125,2662.840087890625
2018-04-06,2645.820068359375,2656.8798828125,2586.27001953125,2604.469970703125
2018-04-09,2617.179931640625,2653.550048828125,2610.7900390625,2613.159912109375
2018-04-10,2638.409912109375,2665.449951171875,2635.780029296875,2656.8701171875
2018-04-11,2643.889892578125,2661.429931640625,2639.25,2642.18994140625
2018-04-12,2653.830078125,2674.719970703125,2653.830078125,2663.989990234375
2018-04-13,2676.89990234375,2680.260009765625,2645.050048828125,2656.300048828125
2018-04-16,2670.10009765625,2686.489990234375,2665.159912109375,2677.840087890625
2018-04-17,2692.739990234375,2713.340087890625,2692.050048828125,2706.389892578125
2018-04-18,2710.110107421875,2717.489990234375,2703.6298828125,2708.639892578125
2018-04-19,2701.159912109375,2702.840087890625,2681.89990234375,2693.1298828125
2018-04-20,2692.56005859375,2693.93994140625,2660.610107421875,2670.139892578125
2018-04-23,2675.39990234375,2682.860107421875,2657.989990234375,2670.2900390625
2018-04-24,2680.800048828125,2683.550048828125,2617.320068359375,2634.56005859375
2018-04-25,2634.919921875,2645.300048828125,2612.669921875,2639.39990234375
2018-04-26,2651.64990234375,2676.47998046875,2647.159912109375,2666.93994140625
2018-04-27,2675.469970703125,2677.35009765625,2659.010009765625,2669.909912109375
2018-04-30,2682.510009765625,2682.8701171875,2648.0400390625,2648.050048828125
2018-05-01,2642.9599609375,2655.27001953125,2625.409912109375,2654.800048828125
2018-05-02,2654.239990234375,2660.8701171875,2631.699951171875,2635.669921875
2018-05-03,2628.080078125,2637.139892578125,2594.6201171875,2629.72998046875
2018-05-04,2621.449951171875,2670.929931640625,2615.320068359375,2663.419921875
2018-05-07,2680.340087890625,2683.35009765625,2664.699951171875,2672.6298828125
2018-05-08,2670.260009765625,2676.340087890625,2655.199951171875,2671.919921875
2018-05-09,2678.1201171875,2701.27001953125,2674.139892578125,2697.7900390625
2018-05-10,2705.02001953125,2726.110107421875,2704.5400390625,2723.070068359375
2018-05-11,2722.699951171875,2732.860107421875,2717.449951171875,2727.719970703125
2018-05-14,2738.469970703125,2742.10009765625,2725.469970703125,2730.1298828125
2018-05-15,2718.590087890625,2718.590087890625,2701.909912109375,2711.449951171875
2018-05-16,2712.6201171875,2727.760009765625,2712.169921875,2722.4599609375
2018-05-17,2719.7099609375,2731.9599609375,2711.360107421875,2720.1298828125
2018-05-18,2717.35009765625,2719.5,2709.179931640625,2712.969970703125
2018-05-21,2735.389892578125,2739.18994140625,2725.699951171875,2733.010009765625
2018-05-22,2738.340087890625,2742.239990234375,2721.8798828125,2724.43994140625
2018-05-23,2713.97998046875,2733.330078125,2709.5400390625,2733.2900390625
2018-05-24,2730.93994140625,2731.969970703125,2707.3798828125,2727.760009765625
2018-05-25,2723.60009765625,2727.360107421875,2714.989990234375,2721.330078125
2018-05-29,2705.110107421875,2710.669921875,2676.81005859375,2689.860107421875
2018-05-30,2702.429931640625,2729.340087890625,2702.429931640625,2724.010009765625
2018-05-31,2720.97998046875,2722.5,2700.679931640625,2705.27001953125
2018-06-01,2718.699951171875,2736.929931640625,2718.699951171875,2734.6201171875
2018-06-04,2741.669921875,2749.159912109375,2740.5400390625,2746.8701171875
2018-06-05,2748.4599609375,2752.610107421875,2739.510009765625,2748.800048828125
2018-06-06,2753.25,2772.389892578125,2748.4599609375,2772.35009765625
2018-06-07,2774.840087890625,2779.89990234375,2760.159912109375,2770.3701171875
2018-06-08,2765.840087890625,2779.389892578125,2763.590087890625,2779.030029296875
2018-06-11,2780.179931640625,2790.2099609375,2780.169921875,2782.0
2018-06-12,2785.60009765625,2789.800048828125,2778.780029296875,2786.85009765625
2018-06-13,2787.93994140625,2791.469970703125,2774.64990234375,2775.6298828125
2018-06-14,2783.2099609375,2789.06005859375,2776.52001953125,2782.489990234375
2018-06-15,2777.780029296875,2782.81005859375,2761.72998046875,2779.659912109375
2018-06-18,2765.7900390625,2774.989990234375,2757.1201171875,2773.75
2018-06-19,2752.010009765625,2765.050048828125,2743.18994140625,2762.590087890625
2018-06-20,2769.72998046875,2774.860107421875,2763.909912109375,2767.320068359375
2018-06-21,2769.280029296875,2769.280029296875,2744.389892578125,2749.760009765625
2018-06-22,2760.7900390625,2764.169921875,2752.679931640625,2754.8798828125
2018-06-25,2742.93994140625,2742.93994140625,2698.669921875,2717.070068359375
2018-06-26,2722.1201171875,2732.909912109375,2715.60009765625,2723.06005859375
2018-06-27,2728.449951171875,2746.090087890625,2699.3798828125,2699.6298828125
2018-06-28,2698.68994140625,2724.340087890625,2691.989990234375,2716.31005859375
2018-06-29,2727.1298828125,2743.260009765625,2718.030029296875,2718.3701171875
2018-07-02,2704.949951171875,2727.260009765625,2698.949951171875,2726.7099609375
2018-07-03,2733.27001953125,2736.580078125,2711.159912109375,2713.219970703125
2018-07-05,2724.18994140625,2737.830078125,2716.02001953125,2736.610107421875
2018-07-06,2737.679931640625,2764.409912109375,2733.52001953125,2759.820068359375
2018-07-09,2775.6201171875,2784.64990234375,2770.72998046875,2784.169921875
2018-07-10,2788.56005859375,2795.580078125,2786.239990234375,2793.840087890625
2018-07-11,2779.820068359375,2785.909912109375,2770.77001953125,2774.02001953125
2018-07-12,2783.139892578125,2799.219970703125,2781.530029296875,2798.2900390625
2018-07-13,2796.929931640625,2804.530029296875,2791.68994140625,2801.31005859375
2018-07-16,2797.360107421875,2801.18994140625,2793.389892578125,2798.429931640625
2018-07-17,2789.340087890625,2814.18994140625,2789.239990234375,2809.550048828125
2018-07-18,2811.35009765625,2816.760009765625,2805.889892578125,2815.6201171875
2018-07-19,2809.3701171875,2812.050048828125,2799.77001953125,2804.489990234375
2018-07-20,2804.550048828125,2809.699951171875,2800.010009765625,2801.830078125
2018-07-23,2799.169921875,2808.610107421875,2795.139892578125,2806.97998046875
2018-07-24,2820.679931640625,2829.989990234375,2811.1201171875,2820.39990234375
2018-07-25,2817.72998046875,2848.030029296875,2817.72998046875,2846.070068359375
2018-07-26,2835.489990234375,2845.570068359375,2835.260009765625,2837.43994140625
2018-07-27,2842.35009765625,2843.169921875,2808.340087890625,2818.820068359375
2018-07-30,2819.0,2821.739990234375,2798.110107421875,2802.60009765625
2018-07-31,2809.72998046875,2824.4599609375,2808.06005859375,2816.2900390625
2018-08-01,2821.169921875,2825.830078125,2805.85009765625,2813.360107421875
2018-08-02,2800.47998046875,2829.909912109375,2796.340087890625,2827.219970703125
2018-08-03,2829.6201171875,2840.3798828125,2827.3701171875,2840.35009765625
2018-08-06,2840.2900390625,2853.2900390625,2835.97998046875,2850.39990234375
2018-08-07,2855.919921875,2863.429931640625,2855.919921875,2858.449951171875
2018-08-08,2856.7900390625,2862.43994140625,2853.090087890625,2857.699951171875
2018-08-09,2857.18994140625,2862.47998046875,2851.97998046875,2853.580078125
2018-08-10,2838.89990234375,2842.199951171875,2825.81005859375,2833.280029296875
2018-08-13,2835.4599609375,2843.39990234375,2819.8798828125,2821.929931640625
2018-08-14,2827.8798828125,2843.110107421875,2826.580078125,2839.9599609375
2018-08-15,2827.949951171875,2827.949951171875,2802.489990234375,2818.3701171875
2018-08-16,2831.43994140625,2850.489990234375,2831.43994140625,2840.68994140625
2018-08-17,2838.320068359375,2855.6298828125,2833.72998046875,2850.1298828125
2018-08-20,2853.929931640625,2859.760009765625,2850.6201171875,2857.050048828125
2018-08-21,2861.510009765625,2873.22998046875,2861.320068359375,2862.9599609375
2018-08-22,2860.989990234375,2867.5400390625,2856.050048828125,2861.820068359375
2018-08-23,2860.2900390625,2868.780029296875,2854.030029296875,2856.97998046875
2018-08-24,2862.35009765625,2876.159912109375,2862.35009765625,2874.68994140625
2018-08-27,2884.68994140625,2898.25,2884.68994140625,2896.739990234375
2018-08-28,2901.449951171875,2903.77001953125,2893.5,2897.52001953125
2018-08-29,2900.6201171875,2916.5,2898.39990234375,2914.0400390625
2018-08-30,2908.93994140625,2912.4599609375,2895.219970703125,2901.1298828125
2018-08-31,2898.3701171875,2906.320068359375,2891.72998046875,2901.52001953125
2018-09-04,2896.9599609375,2900.179931640625,2885.1298828125,2896.719970703125
2018-09-05,2891.590087890625,2894.2099609375,2876.919921875,2888.60009765625
2018-09-06,2888.639892578125,2892.050048828125,2867.2900390625,2878.050048828125
2018-09-07,2868.260009765625,2883.81005859375,2864.1201171875,2871.679931640625
2018-09-10,2881.389892578125,2886.929931640625,2875.93994140625,2877.1298828125
2018-09-11,2871.570068359375,2892.52001953125,2866.780029296875,2887.889892578125
2018-09-12,2888.2900390625,2894.64990234375,2879.199951171875,2888.919921875
2018-09-13,2896.85009765625,2906.760009765625,2896.389892578125,2904.179931640625
2018-09-14,2906.3798828125,2908.300048828125,2895.77001953125,2904.97998046875
2018-09-17,2903.830078125,2904.64990234375,2886.159912109375,2888.800048828125
2018-09-18,2890.739990234375,2911.169921875,2890.429931640625,2904.31005859375
2018-09-19,2906.60009765625,2912.360107421875,2903.820068359375,2907.949951171875
2018-09-20,2919.72998046875,2934.800048828125,2919.72998046875,2930.75
2018-09-21,2936.760009765625,2940.909912109375,2927.110107421875,2929.669921875
2018-09-24,2921.830078125,2923.7900390625,2912.6298828125,2919.3701171875
2018-09-25,2921.75,2923.949951171875,2913.699951171875,2915.56005859375
2018-09-26,2916.97998046875,2931.14990234375,2903.280029296875,2905.969970703125
2018-09-27,2911.64990234375,2927.219970703125,2909.27001953125,2914.0
2018-09-28,2910.030029296875,2920.530029296875,2907.5,2913.97998046875
2018-10-01,2926.2900390625,2937.06005859375,2917.909912109375,2924.590087890625
2018-10-02,2923.800048828125,2931.419921875,2919.3701171875,2923.429931640625
2018-10-03,2931.68994140625,2939.860107421875,2921.360107421875,2925.510009765625
2018-10-04,2919.35009765625,2919.780029296875,2883.919921875,2901.610107421875
2018-10-05,2902.5400390625,2909.639892578125,2869.2900390625,2885.570068359375
2018-10-08,2877.530029296875,2889.449951171875,2862.080078125,2884.429931640625
2018-10-09,2882.510009765625,2894.830078125,2874.27001953125,2880.340087890625
2018-10-10,2873.89990234375,2874.02001953125,2784.860107421875,2785.679931640625
2018-10-11,2776.8701171875,2795.139892578125,2710.510009765625,2728.3701171875
2018-10-12,2770.5400390625,2775.77001953125,2729.43994140625,2767.1298828125
2018-10-15,2763.830078125,2775.989990234375,2749.030029296875,2750.7900390625
2018-10-16,2767.050048828125,2813.4599609375,2766.909912109375,2809.919921875
2018-10-17,2811.669921875,2816.93994140625,2781.81005859375,2809.2099609375
2018-10-18,2802.0,2806.0400390625,2755.179931640625,2768.780029296875
2018-10-19,2775.659912109375,2797.77001953125,2760.27001953125,2767.780029296875
2018-10-22,2773.93994140625,2778.93994140625,2749.219970703125,2755.8798828125
2018-10-23,2721.030029296875,2753.590087890625,2691.429931640625,2740.68994140625
2018-10-24,2737.8701171875,2742.590087890625,2651.889892578125,2656.10009765625
2018-10-25,2674.8798828125,2722.699951171875,2667.840087890625,2705.570068359375
2018-10-26,2667.860107421875,2692.3798828125,2628.159912109375,2658.68994140625
2018-10-29,2682.64990234375,2706.85009765625,2603.5400390625,2641.25
2018-10-30,2640.679931640625,2685.429931640625,2635.340087890625,2682.6298828125
2018-10-31,2705.60009765625,2736.68994140625,2705.60009765625,2711.739990234375
2018-11-01,2717.580078125,2741.669921875,2708.85009765625,2740.3701171875
2018-11-02,2745.449951171875,2756.550048828125,2700.43994140625,2723.06005859375
2018-11-05,2726.3701171875,2744.27001953125,2717.93994140625,2738.31005859375
2018-11-06,2738.39990234375,2756.820068359375,2737.080078125,2755.449951171875
2018-11-07,2774.1298828125,2815.14990234375,2774.1298828125,2813.889892578125
2018-11-08,2806.3798828125,2814.75,2794.989990234375,2806.830078125
2018-11-09,2794.10009765625,2794.10009765625,2764.239990234375,2781.010009765625
2018-11-12,2773.929931640625,2775.989990234375,2722.0,2726.219970703125
2018-11-13,2730.050048828125,2754.60009765625,2714.97998046875,2722.179931640625
2018-11-14,2737.89990234375,2746.800048828125,2685.75,2701.580078125
2018-11-15,2693.52001953125,2735.3798828125,2670.75,2730.199951171875
2018-11-16,2718.5400390625,2746.75,2712.159912109375,2736.27001953125
2018-11-19,2730.739990234375,2733.159912109375,2681.090087890625,2690.72998046875
2018-11-20,2654.60009765625,2669.43994140625,2631.52001953125,2641.889892578125
2018-11-21,2657.739990234375,2670.72998046875,2649.820068359375,2649.929931640625
2018-11-23,2633.360107421875,2647.550048828125,2631.090087890625,2632.56005859375
2018-11-26,2649.969970703125,2674.35009765625,2649.969970703125,2673.449951171875
2018-11-27,2663.75,2682.530029296875,2655.889892578125,2682.169921875
2018-11-28,2691.449951171875,2744.0,2684.3798828125,2743.7900390625
2018-11-29,2736.969970703125,2753.75,2722.93994140625,2737.800048828125
2018-11-30,2737.760009765625,2760.8798828125,2732.760009765625,2760.169921875
2018-12-03,2790.5,2800.179931640625,2773.3798828125,2790.3701171875
2018-12-04,2782.429931640625,2785.929931640625,2697.179931640625,2700.06005859375
2018-12-06,2663.510009765625,2696.14990234375,2621.530029296875,2695.949951171875
2018-12-07,2691.260009765625,2708.5400390625,2623.139892578125,2633.080078125
2018-12-10,2630.860107421875,2647.510009765625,2583.22998046875,2637.719970703125
2018-12-11,2664.43994140625,2674.35009765625,2621.300048828125,2636.780029296875
2018-12-12,2658.22998046875,2685.43994140625,2650.260009765625,2651.070068359375
2018-12-13,2658.699951171875,2670.18994140625,2637.27001953125,2650.5400390625
2018-12-14,2629.679931640625,2635.070068359375,2593.840087890625,2599.949951171875
2018-12-17,2590.75,2601.1298828125,2530.5400390625,2545.93994140625
2018-12-18,2559.89990234375,2573.989990234375,2528.7099609375,2546.159912109375
2018-12-19,2547.050048828125,2585.2900390625,2488.9599609375,2506.9599609375
2018-12-20,2496.77001953125,2509.6298828125,2441.179931640625,2467.419921875
2018-12-21,2465.3798828125,2504.409912109375,2408.550048828125,2416.6201171875
2018-12-24,2400.56005859375,2410.340087890625,2351.10009765625,2351.10009765625
2018-12-26,2363.1201171875,2467.760009765625,2346.580078125,2467.699951171875
2018-12-27,2442.5,2489.10009765625,2397.93994140625,2488.830078125
2018-12-28,2498.77001953125,2520.27001953125,2472.889892578125,2485.739990234375
2018-12-31,2498.93994140625,2509.239990234375,2482.820068359375,2506.85009765625
2019-01-02,2476.9599609375,2519.489990234375,2467.469970703125,2510.030029296875
2019-01-03,2491.919921875,2493.139892578125,2443.9599609375,2447.889892578125
2019-01-04,2474.330078125,2538.070068359375,2474.330078125,2531.93994140625
2019-01-07,2535.610107421875,2566.159912109375,2524.56005859375,2549.68994140625
2019-01-08,2568.110107421875,2579.820068359375,2547.56005859375,2574.409912109375
2019-01-09,2580.0,2595.320068359375,2568.889892578125,2584.9599609375
2019-01-10,2573.510009765625,2597.820068359375,2562.02001953125,2596.639892578125
2019-01-11,2588.110107421875,2596.27001953125,2577.39990234375,2596.260009765625
2019-01-14,2580.31005859375,2589.320068359375,2570.409912109375,2582.610107421875
2019-01-15,2585.10009765625,2613.080078125,2585.10009765625,2610.300048828125
2019-01-16,2614.75,2625.760009765625,2612.679931640625,2616.10009765625
2019-01-17,2609.280029296875,2645.06005859375,2606.360107421875,2635.9599609375
2019-01-18,2651.27001953125,2675.469970703125,2647.580078125,2670.7099609375
2019-01-22,2657.8798828125,2657.8798828125,2617.27001953125,2632.89990234375
2019-01-23,2643.47998046875,2653.18994140625,2612.860107421875,2638.699951171875
2019-01-24,2638.840087890625,2647.199951171875,2627.010009765625,2642.330078125
2019-01-25,2657.43994140625,2672.3798828125,2657.330078125,2664.760009765625
2019-01-28,2644.969970703125,2644.969970703125,2624.06005859375,2643.85009765625
2019-01-29,2644.889892578125,2650.929931640625,2631.050048828125,2640.0
2019-01-30,2653.6201171875,2690.43994140625,2648.340087890625,2681.050048828125
2019-01-31,2685.489990234375,2708.949951171875,2678.64990234375,2704.10009765625
2019-02-01,2702.320068359375,2716.659912109375,2696.8798828125,2706.530029296875
2019-02-04,2706.489990234375,2724.989990234375,2698.75,2724.8701171875
2019-02-05,2728.340087890625,2738.97998046875,2724.030029296875,2737.699951171875
2019-02-06,2735.050048828125,2738.080078125,2724.14990234375,2731.610107421875
2019-02-07,2717.530029296875,2719.320068359375,2687.260009765625,2706.050048828125
2019-02-08,2692.360107421875,2708.070068359375,2681.830078125,2707.8798828125
2019-02-11,2712.39990234375,2718.050048828125,2703.7900390625,2709.800048828125
2019-02-12,2722.610107421875,2748.18994140625,2722.610107421875,2744.72998046875
2019-02-13,2750.300048828125,2761.85009765625,2748.6298828125,2753.030029296875
2019-02-14,2743.5,2757.89990234375,2731.22998046875,2745.72998046875
2019-02-15,2760.239990234375,2775.659912109375,2760.239990234375,2775.60009765625
2019-02-19,2769.280029296875,2787.330078125,2767.2900390625,2779.760009765625
2019-02-20,2779.050048828125,2789.8798828125,2774.06005859375,2784.699951171875
2019-02-21,2780.239990234375,2781.580078125,2764.550048828125,2774.8798828125
2019-02-22,2780.669921875,2794.199951171875,2779.110107421875,2792.669921875
2019-02-25,2804.35009765625,2813.489990234375,2794.989990234375,2796.110107421875
2019-02-26,2792.360107421875,2803.1201171875,2789.469970703125,2793.89990234375
2019-02-27,2787.5,2795.760009765625,2775.1298828125,2792.3798828125
2019-02-28,2788.110107421875,2793.72998046875,2782.510009765625,2784.489990234375
2019-03-01,2798.219970703125,2808.02001953125,2787.3798828125,2803.68994140625
2019-03-04,2814.3701171875,2816.8798828125,2767.659912109375,2792.81005859375
2019-03-05,2794.409912109375,2796.43994140625,2782.969970703125,2789.64990234375
2019-03-06,2790.27001953125,2790.27001953125,2768.68994140625,2771.449951171875
2019-03-07,2766.530029296875,2767.25,2739.090087890625,2748.929931640625
2019-03-08,2730.7900390625,2744.1298828125,2722.27001953125,2743.070068359375
2019-03-11,2747.610107421875,2784.0,2747.610107421875,2783.300048828125
2019-03-12,2787.340087890625,2798.320068359375,2786.72998046875,2791.52001953125
2019-03-13,2799.780029296875,2821.239990234375,2799.780029296875,2810.919921875
2019-03-14,2810.3798828125,2815.0,2803.4599609375,2808.47998046875
2019-03-15,2810.7900390625,2830.72998046875,2810.7900390625,2822.47998046875
2019-03-18,2822.610107421875,2835.409912109375,2821.989990234375,2832.93994140625
2019-03-19,2840.760009765625,2852.419921875,2823.27001953125,2832.570068359375
2019-03-20,2831.340087890625,2843.5400390625,2812.429931640625,2824.22998046875
2019-03-21,2819.719970703125,2860.31005859375,2817.3798828125,2854.8798828125
2019-03-22,2844.52001953125,2846.159912109375,2800.469970703125,2800.7099609375
2019-03-25,2796.010009765625,2809.7900390625,2785.02001953125,2798.360107421875
2019-03-26,2812.659912109375,2829.8701171875,2803.989990234375,2818.4599609375
2019-03-27,2819.719970703125,2825.56005859375,2787.719970703125,2805.3701171875
2019-03-28,2809.39990234375,2819.7099609375,2798.77001953125,2815.43994140625
2019-03-29,2828.27001953125,2836.030029296875,2819.22998046875,2834.39990234375
2019-04-01,2848.6298828125,2869.39990234375,2848.6298828125,2867.18994140625
2019-04-02,2868.239990234375,2872.89990234375,2858.75,2867.239990234375
2019-04-03,2876.090087890625,2885.25,2865.169921875,2873.39990234375
2019-04-04,2873.989990234375,2881.280029296875,2867.139892578125,2879.389892578125
2019-04-05,2884.159912109375,2893.239990234375,2882.989990234375,2892.739990234375
2019-04-08,2888.4599609375,2895.949951171875,2880.780029296875,2895.77001953125
2019-04-09,2886.580078125,2886.8798828125,2873.330078125,2878.199951171875
2019-04-10,2881.3701171875,2889.7099609375,2879.1298828125,2888.2099609375
2019-04-11,2891.919921875,2893.419921875,2881.989990234375,2888.320068359375
2019-04-12,2900.860107421875,2910.5400390625,2898.3701171875,2907.409912109375
2019-04-15,2908.320068359375,2909.60009765625,2896.47998046875,2905.580078125
2019-04-16,2912.260009765625,2916.06005859375,2900.7099609375,2907.06005859375
2019-04-17,2916.0400390625,2918.0,2895.449951171875,2900.449951171875
2019-04-18,2904.81005859375,2908.39990234375,2891.89990234375,2905.030029296875
2019-04-22,2898.780029296875,2909.510009765625,2896.35009765625,2907.969970703125
2019-04-23,2909.989990234375,2936.31005859375,2908.530029296875,2933.679931640625
2019-04-24,2934.0,2936.830078125,2926.050048828125,2927.25
2019-04-25,2928.989990234375,2933.10009765625,2912.840087890625,2926.169921875
2019-04-26,2925.81005859375,2939.8798828125,2917.56005859375,2939.8798828125
2019-04-29,2940.580078125,2949.52001953125,2939.35009765625,2943.030029296875
2019-04-30,2937.139892578125,2948.219970703125,2924.110107421875,2945.830078125
2019-05-01,2952.330078125,2954.1298828125,2923.360107421875,2923.72998046875
2019-05-02,2922.159912109375,2931.679931640625,2900.5,2917.52001953125
2019-05-03,2929.2099609375,2947.85009765625,2929.2099609375,2945.639892578125
2019-05-06,2908.889892578125,2937.320068359375,2898.2099609375,2932.469970703125
2019-05-07,2913.030029296875,2913.030029296875,2862.60009765625,2884.050048828125
2019-05-08,2879.610107421875,2897.9599609375,2873.280029296875,2879.419921875
2019-05-09,2859.840087890625,2875.969970703125,2836.39990234375,2870.719970703125
2019-05-10,2863.10009765625,2891.31005859375,2825.389892578125,2881.39990234375
2019-05-13,2840.18994140625,2840.18994140625,2801.429931640625,2811.8701171875
2019-05-14,2820.1201171875,2852.5400390625,2820.1201171875,2834.409912109375
2019-05-15,2820.3798828125,2858.679931640625,2815.080078125,2850.9599609375
2019-05-16,2855.800048828125,2892.14990234375,2855.800048828125,2876.320068359375
2019-05-17,2858.60009765625,2885.47998046875,2854.22998046875,2859.530029296875
2019-05-20,2841.93994140625,2853.860107421875,2831.2900390625,2840.22998046875
2019-05-21,2854.02001953125,2868.8798828125,2854.02001953125,2864.360107421875
2019-05-22,2856.06005859375,2865.469970703125,2851.110107421875,2856.27001953125
2019-05-23,2836.699951171875,2836.699951171875,2805.489990234375,2822.239990234375
2019-05-24,2832.409912109375,2841.360107421875,2820.18994140625,2826.06005859375
2019-05-28,2830.030029296875,2840.510009765625,2801.580078125,2802.389892578125
2019-05-29,2790.25,2792.030029296875,2766.06005859375,2783.02001953125
2019-05-30,2786.93994140625,2799.0,2776.739990234375,2788.860107421875
2019-05-31,2766.14990234375,2768.97998046875,2750.52001953125,2752.06005859375
2019-06-03,2751.530029296875,2763.070068359375,2728.81005859375,2744.449951171875
2019-06-04,2762.639892578125,2804.489990234375,2762.639892578125,2803.27001953125
2019-06-05,2818.090087890625,2827.280029296875,2800.919921875,2826.14990234375
2019-06-06,2828.510009765625,2852.10009765625,2822.449951171875,2843.489990234375
2019-06-07,2852.8701171875,2884.969970703125,2852.8701171875,2873.340087890625
2019-06-10,2885.830078125,2904.77001953125,2885.510009765625,2886.72998046875
2019-06-11,2903.27001953125,2910.610107421875,2878.530029296875,2885.719970703125
2019-06-12,2882.72998046875,2888.570068359375,2874.679931640625,2879.840087890625
2019-06-13,2886.239990234375,2895.239990234375,2881.989990234375,2891.639892578125
2019-06-14,2886.820068359375,2894.449951171875,2879.6201171875,2886.97998046875
2019-06-17,2889.75,2897.27001953125,2887.300048828125,2889.669921875
2019-06-18,2906.7099609375,2930.7900390625,2905.43994140625,2917.75
2019-06-19,2920.550048828125,2931.739990234375,2911.429931640625,2926.4599609375
2019-06-20,2949.60009765625,2958.06005859375,2931.5,2954.179931640625
2019-06-21,2952.7099609375,2964.14990234375,2946.8701171875,2950.4599609375
2019-06-24,2951.419921875,2954.919921875,2944.050048828125,2945.35009765625
2019-06-25,2945.780029296875,2946.52001953125,2916.010009765625,2917.3798828125
2019-06-26,2926.070068359375,2932.590087890625,2912.989990234375,2913.780029296875
2019-06-27,2919.659912109375,2929.300048828125,2918.570068359375,2924.919921875
2019-06-28,2932.93994140625,2943.97998046875,2929.050048828125,2941.760009765625
2019-07-01,2971.409912109375,2977.929931640625,2952.219970703125,2964.330078125
2019-07-02,2964.659912109375,2973.2099609375,2955.919921875,2973.010009765625
2019-07-03,2978.080078125,2995.840087890625,2977.9599609375,2995.820068359375
2019-07-05,2984.25,2994.030029296875,2967.969970703125,2990.409912109375
2019-07-08,2979.77001953125,2980.760009765625,2970.090087890625,2975.949951171875
2019-07-09,2965.52001953125,2981.89990234375,2963.43994140625,2979.6298828125
2019-07-10,2989.300048828125,3002.97998046875,2984.6201171875,2993.070068359375
2019-07-11,2999.6201171875,3002.330078125,2988.800048828125,2999.909912109375
2019-07-12,3003.360107421875,3013.919921875,3001.8701171875,3013.77001953125
2019-07-15,3017.800048828125,3017.800048828125,3008.77001953125,3014.300048828125
2019-07-16,3012.1298828125,3015.02001953125,3001.14990234375,3004.0400390625
2019-07-17,3005.10009765625,3005.260009765625,2984.25,2984.419921875
2019-07-18,2978.8701171875,2998.280029296875,2973.090087890625,2995.110107421875
2019-07-19,3004.260009765625,3006.02001953125,2975.860107421875,2976.610107421875
2019-07-22,2981.929931640625,2990.7099609375,2976.64990234375,2985.030029296875
2019-07-23,2994.739990234375,3005.89990234375,2988.56005859375,3005.469970703125
2019-07-24,2998.77001953125,3019.590087890625,2996.820068359375,3019.56005859375
2019-07-25,3016.260009765625,3016.31005859375,2997.239990234375,3003.669921875
2019-07-26,3013.25,3027.97998046875,3012.590087890625,3025.860107421875
2019-07-29,3024.469970703125,3025.610107421875,3014.300048828125,3020.969970703125
2019-07-30,3007.659912109375,3017.18994140625,3000.93994140625,3013.179931640625
2019-07-31,3016.219970703125,3017.39990234375,2958.080078125,2980.3798828125
2019-08-01,2980.320068359375,3013.590087890625,2945.22998046875,2953.56005859375
2019-08-02,2943.89990234375,2945.5,2914.110107421875,2932.050048828125
2019-08-05,2898.070068359375,2898.070068359375,2822.1201171875,2844.739990234375
2019-08-06,2861.179931640625,2884.39990234375,2847.419921875,2881.77001953125
2019-08-07,2858.64990234375,2892.169921875,2825.7099609375,2883.97998046875
2019-08-08,2896.2099609375,2938.719970703125,2894.469970703125,2938.090087890625
2019-08-09,2930.510009765625,2935.75,2900.14990234375,2918.64990234375
2019-08-12,2907.070068359375,2907.580078125,2873.139892578125,2882.699951171875
2019-08-13,2880.719970703125,2943.31005859375,2877.050048828125,2926.320068359375
2019-08-14,2894.14990234375,2894.14990234375,2839.639892578125,2840.60009765625
2019-08-15,2846.199951171875,2856.669921875,2825.510009765625,2847.60009765625
2019-08-16,2864.739990234375,2893.6298828125,2864.739990234375,2888.679931640625
2019-08-19,2913.47998046875,2931.0,2913.47998046875,2923.64990234375
2019-08-20,2919.010009765625,2923.6298828125,2899.60009765625,2900.510009765625
2019-08-21,2922.0400390625,2928.72998046875,2917.909912109375,2924.429931640625
2019-08-22,2930.93994140625,2939.080078125,2904.510009765625,2922.949951171875
2019-08-23,2911.070068359375,2927.010009765625,2834.969970703125,2847.110107421875
2019-08-26,2866.699951171875,2879.27001953125,2856.0,2878.3798828125
2019-08-27,2893.139892578125,2898.7900390625,2860.590087890625,2869.159912109375
2019-08-28,2861.280029296875,2890.030029296875,2853.050048828125,2887.93994140625
2019-08-29,2910.3701171875,2930.5,2905.669921875,2924.580078125
2019-08-30,2937.090087890625,2940.429931640625,2913.320068359375,2926.4599609375
2019-09-03,2909.010009765625,2914.389892578125,2891.85009765625,2906.27001953125
2019-09-04,2924.669921875,2938.840087890625,2921.860107421875,2937.780029296875
2019-09-05,2960.60009765625,2985.860107421875,2960.60009765625,2976.0
2019-09-06,2980.330078125,2985.030029296875,2972.510009765625,2978.7099609375
2019-09-09,2988.429931640625,2989.429931640625,2969.389892578125,2978.429931640625
2019-09-10,2971.010009765625,2979.389892578125,2957.010009765625,2979.389892578125
2019-09-11,2981.409912109375,3000.929931640625,2975.31005859375,3000.929931640625
2019-09-12,3009.080078125,3020.739990234375,3000.919921875,3009.570068359375
2019-09-13,3012.2099609375,3017.330078125,3002.89990234375,3007.389892578125
2019-09-16,2996.409912109375,3002.18994140625,2990.669921875,2997.9599609375
2019-09-17,2995.669921875,3006.2099609375,2993.72998046875,3005.699951171875
2019-09-18,3001.5,3007.830078125,2978.570068359375,3006.72998046875
2019-09-19,3010.360107421875,3021.989990234375,3003.159912109375,3006.7900390625
2019-09-20,3008.419921875,3016.3701171875,2984.679931640625,2992.070068359375
2019-09-23,2983.5,2999.14990234375,2982.22998046875,2991.780029296875
2019-09-24,3002.429931640625,3007.97998046875,2957.72998046875,2966.60009765625
2019-09-25,2968.35009765625,2989.820068359375,2952.860107421875,2984.8701171875
2019-09-26,2985.72998046875,2987.280029296875,2963.7099609375,2977.6201171875
2019-09-27,2985.469970703125,2987.31005859375,2945.530029296875,2961.7900390625
2019-09-30,2967.070068359375,2983.85009765625,2967.070068359375,2976.739990234375
2019-10-01,2983.68994140625,2992.530029296875,2938.699951171875,2940.25
2019-10-02,2924.780029296875,2924.780029296875,2874.929931640625,2887.610107421875
2019-10-03,2885.3798828125,2911.1298828125,2855.93994140625,2910.6298828125
2019-10-04,2918.56005859375,2953.739990234375,2918.56005859375,2952.010009765625
2019-10-07,2944.22998046875,2959.75,2935.679931640625,2938.7900390625
2019-10-08,2920.39990234375,2925.469970703125,2892.659912109375,2893.06005859375
2019-10-09,2911.10009765625,2929.320068359375,2907.409912109375,2919.39990234375
2019-10-10,2918.550048828125,2948.4599609375,2917.1201171875,2938.1298828125
2019-10-11,2963.070068359375,2993.280029296875,2963.070068359375,2970.27001953125
2019-10-14,2965.81005859375,2972.840087890625,2962.93994140625,2966.14990234375
2019-10-15,2973.610107421875,3003.280029296875,2973.610107421875,2995.679931640625
2019-10-16,2989.679931640625,2997.5400390625,2985.199951171875,2989.68994140625
2019-10-17,3000.77001953125,3008.2900390625,2991.7900390625,2997.949951171875
2019-10-18,2996.840087890625,3000.0,2976.31005859375,2986.199951171875
2019-10-21,2996.47998046875,3007.330078125,2995.35009765625,3006.719970703125
2019-10-22,3010.72998046875,3014.570068359375,2995.0400390625,2995.989990234375
2019-10-23,2994.010009765625,3004.780029296875,2991.2099609375,3004.52001953125
2019-10-24,3014.780029296875,3016.070068359375,3000.419921875,3010.2900390625
2019-10-25,3003.320068359375,3027.389892578125,3001.93994140625,3022.550048828125
2019-10-28,3032.1201171875,3044.080078125,3032.1201171875,3039.419921875
2019-10-29,3035.389892578125,3047.8701171875,3034.81005859375,3036.889892578125
2019-10-30,3039.739990234375,3050.10009765625,3025.9599609375,3046.77001953125
2019-10-31,3046.89990234375,3046.89990234375,3023.18994140625,3037.56005859375
2019-11-01,3050.719970703125,3066.949951171875,3050.719970703125,3066.909912109375
2019-11-04,3078.9599609375,3085.199951171875,3074.8701171875,3078.27001953125
2019-11-05,3080.800048828125,3083.949951171875,3072.14990234375,3074.6201171875
2019-11-06,3075.10009765625,3078.340087890625,3065.889892578125,3076.780029296875
2019-11-07,3087.02001953125,3097.77001953125,3080.22998046875,3085.179931640625
2019-11-08,3081.25,3093.090087890625,3073.580078125,3093.080078125
2019-11-11,3080.330078125,3088.330078125,3075.820068359375,3087.010009765625
2019-11-12,3089.280029296875,3102.610107421875,3084.72998046875,3091.840087890625
2019-11-13,3084.179931640625,3098.06005859375,3078.800048828125,3094.0400390625
2019-11-14,3090.75,3098.199951171875,3083.260009765625,3096.6298828125
2019-11-15,3107.919921875,3120.4599609375,3104.60009765625,3120.4599609375
2019-11-18,3117.909912109375,3124.169921875,3112.06005859375,3122.030029296875
2019-11-19,3127.449951171875,3127.639892578125,3113.469970703125,3120.179931640625
2019-11-20,3114.659912109375,3118.969970703125,3091.409912109375,3108.4599609375
2019-11-21,3108.489990234375,3110.110107421875,3094.550048828125,3103.5400390625
2019-11-22,3111.409912109375,3112.8701171875,3099.260009765625,3110.2900390625
2019-11-25,3117.43994140625,3133.830078125,3117.43994140625,3133.639892578125
2019-11-26,3134.85009765625,3142.68994140625,3131.0,3140.52001953125
2019-11-27,3145.489990234375,3154.260009765625,3143.409912109375,3153.6298828125
2019-11-29,3147.179931640625,3150.300048828125,3139.340087890625,3140.97998046875
2019-12-02,3143.85,3144.31,3110.78,3113.87
2019-12-03,3087.41,3094.97,3070.33,3093.2
2019-12-04,3103.5,3119.38,3102.53,3112.76
2019-12-05,3119.21,3119.45,3103.76,3117.43
2019-12-06,3134.62,3150.6,3134.62,3145.91
2019-12-09,3141.86,3148.87,3135.46,3135.96
2019-12-10,3135.36,3142.12,3126.09,3132.52
2019-12-11,3135.75,3143.98,3133.21,3141.63
2019-12-12,3141.23,3176.28,3138.47,3168.57
2019-12-13,3166.65,3182.68,3156.51,3168.8
2019-12-16,3183.63,3197.71,3183.63,3191.45
2019-12-17,3195.4,3198.22,3191.03,3192.52
2019-12-18,3195.21,3198.48,3191.14,3191.14
2019-12-19,3192.32,3205.48,3192.32,3205.37
2019-12-20,3223.33,3225.65,3216.03,3221.22
2019-12-23,3226.05,3227.78,3222.3,3224.01
2019-12-24,3225.45,3226.43,3220.51,3223.38
2019-12-26,3227.2,3240.08,3227.2,3239.91
2019-12-27,3247.23,3247.93,3234.37,3240.02
2019-12-30,3240.09,3240.92,3216.57,3221.29
2019-12-31,3215.18,3231.72,3212.03,3230.78
2020-01-02,3244.67,3258.14,3235.53,3257.85
2020-01-03,3226.36,3246.15,3222.34,3234.85
2020-01-06,3217.55,3246.84,3214.64,3246.28
2020-01-07,3241.86,3244.91,3232.43,3237.18
2020-01-08,3238.59,3267.07,3236.67,3253.05
2020-01-09,3266.03,3275.58,3263.67,3274.7
2020-01-10,3281.81,3282.99,3260.86,3265.35
2020-01-13,3271.13,3288.13,3268.43,3288.13
2020-01-14,3285.35,3294.25,3277.19,3283.15
2020-01-15,3282.27,3298.66,3280.69,3289.29
2020-01-16,3302.97,3317.11,3302.82,3316.81
2020-01-17,3323.66,3329.88,3318.86,3329.62
2020-01-21,3321.03,3329.79,3316.61,3320.79
2020-01-22,3330.02,3337.77,3320.04,3321.75
2020-01-23,3315.77,3326.88,3301.87,3325.54
2020-01-24,3333.1,3333.18,3281.53,3295.47
2020-01-27,3247.16,3258.85,3234.5,3243.63
2020-01-28,3255.35,3285.78,3253.22,3276.24
2020-01-29,3289.46,3293.47,3271.89,3273.4
2020-01-30,3256.45,3285.91,3242.8,3283.66
2020-01-31,3282.33,3282.33,3214.68,3225.52
2020-02-03,3235.66,3268.44,3235.66,3248.92
2020-02-04,3280.61,3306.92,3280.61,3297.59
2020-02-05,3324.91,3337.58,3313.75,3334.69
2020-02-06,3344.92,3347.96,3334.39,3345.78
2020-02-07,3335.54,3341.42,3322.12,3327.71
2020-02-10,3318.28,3352.26,3317.77,3352.09
2020-02-11,3365.87,3375.63,3352.72,3357.75
2020-02-12,3370.5,3381.47,3369.72,3379.45
2020-02-13,3365.9,3385.09,3360.52,3373.94
2020-02-14,3378.08,3380.69,3366.15,3380.16
2020-02-18,3369.04,3375.01,3355.61,3370.29
2020-02-19,3380.39,3393.52,3378.83,3386.15
2020-02-20,3380.45,3389.15,3341.02,3373.23
2020-02-21,3360.5,3360.76,3328.45,3337.75
2020-02-24,3257.61,3259.81,3214.65,3225.89
2020-02-25,3238.94,3246.99,3118.77,3128.21
2020-02-26,3139.9,3182.51,3108.99,3116.39
2020-02-27,3062.54,3097.07,2977.39,2978.76
2020-02-28,2916.9,2959.72,2855.84,2954.22
2020-03-02,2974.28,3090.96,2945.19,3090.23
2020-03-03,3096.46,3136.72,2976.63,3003.37
2020-03-04,3045.75,3130.97,3034.38,3130.12
2020-03-05,3075.7,3083.04,2999.83,3023.94
2020-03-06,2954.2,2985.93,2901.54,2972.37
2020-03-09,2863.89,2863.89,2734.43,2746.56
2020-03-10,2813.48,2882.59,2734.0,2882.23
2020-03-11,2825.6,2825.6,2707.22,2741.38
2020-03-12,2630.86,2660.95,2478.86,2480.64
2020-03-13,2569.99,2711.33,2492.37,2711.02
2020-03-16,2508.59,2562.98,2380.94,2386.13
2020-03-17,2425.66,2553.93,2367.04,2529.19
2020-03-18,2436.5,2453.57,2280.52,2398.1
2020-03-19,2393.48,2466.97,2319.78,2409.39
2020-03-20,2431.94,2453.01,2295.56,2304.92
2020-03-23,2290.71,2300.73,2191.86,2237.4
2020-03-24,2344.44,2449.71,2344.44,2447.33
2020-03-25,2457.77,2571.42,2407.53,2475.56
2020-03-26,2501.29,2637.01,2500.72,2630.07
2020-03-27,2555.87,2615.91,2520.02,2541.47
2020-03-30,2558.98,2631.8,2545.28,2626.65
2020-03-31,2614.69,2641.39,2571.15,2584.59
2020-04-01,2498.08,2522.75,2447.49,2470.5
2020-04-02,2458.54,2533.22,2455.79,2526.9
2020-04-03,2514.92,2538.18,2459.96,2488.65
2020-04-06,2578.28,2676.85,2574.57,2663.68
2020-04-07,2738.65,2756.89,2657.67,2659.41
2020-04-08,2685.0,2760.75,2663.3,2749.98
2020-04-09,2776.99,2818.57,2762.36,2789.82
2020-04-13,2782.46,2782.46,2721.17,2761.63
2020-04-14,2805.1,2851.85,2805.1,2846.06
2020-04-15,2795.64,2801.88,2761.54,2783.36
2020-04-16,2799.34,2806.51,2764.32,2799.55
2020-04-17,2842.43,2879.22,2830.88,2874.56
2020-04-20,2845.62,2868.98,2820.43,2823.16
2020-04-21,2784.81,2785.54,2727.1,2736.56
2020-04-22,2787.89,2815.1,2775.95,2799.31
2020-04-23,2810.42,2844.9,2794.26,2797.8
2020-04-24,2812.64,2842.71,2791.76,2836.74
2020-04-27,2854.65,2887.72,2852.89,2878.48
2020-04-28,2909.96,2921.15,2860.71,2863.39
2020-04-29,2918.46,2954.86,2912.16,2939.51
2020-04-30,2930.91,2930.91,2892.47,2912.43
2020-05-01,2869.09,2869.09,2821.61,2830.71
2020-05-04,2815.01,2844.24,2797.85,2842.74
2020-05-05,2868.88,2898.23,2863.55,2868.44
2020-05-06,2883.14,2891.11,2847.65,2848.42
2020-05-07,2878.26,2901.92,2876.48,2881.19
2020-05-08,2908.83,2932.16,2902.88,2929.8
2020-05-11,2915.46,2944.25,2903.44,2930.19
2020-05-12,2939.5,2945.82,2869.59,2870.12
2020-05-13,2865.86,2874.14,2793.15,2820.0
2020-05-14,2794.54,2852.8,2766.64,2852.5
2020-05-15,2829.95,2865.01,2816.78,2863.7
2020-05-18,2913.86,2968.09,2913.86,2953.91
2020-05-19,2948.59,2964.21,2922.35,2922.94
2020-05-20,2953.63,2980.29,2953.63,2971.61
2020-05-21,2969.95,2978.5,2938.57,2948.51
2020-05-22,2948.05,2956.76,2933.59,2955.45
2020-05-26,3004.08,3021.72,2988.17,2991.77
2020-05-27,3015.65,3036.25,2969.75,3036.13
2020-05-28,3046.61,3068.67,3023.4,3029.73
2020-05-29,3025.17,3049.17,2998.61,3044.31
2020-06-01,3038.78,3062.18,3031.54,3055.73
2020-06-02,3064.78,3081.07,3051.64,3080.82
2020-06-03,3098.9,3130.94,3098.9,3122.87
2020-06-04,3111.56,3128.91,3090.41,3112.35
2020-06-05,3163.84,3211.72,3163.84,3193.93
2020-06-08,3199.92,3233.13,3196.0,3232.39
2020-06-09,3213.32,3222.71,3193.11,3207.18
2020-06-10,3213.42,3223.27,3181.49,3190.14
2020-06-11,3123.53,3123.53,2999.49,3002.1
2020-06-12,3071.04,3088.42,2984.47,3041.31
2020-06-15,2993.76,3079.76,2965.66,3066.59
2020-06-16,3131.0,3153.45,3076.06,3124.74
2020-06-17,3136.13,3141.16,3108.03,3113.49
2020-06-18,3101.64,3120.0,3093.51,3115.34
2020-06-19,3140.29,3155.53,3083.11,3097.74
2020-06-22,3094.42,3120.92,3079.39,3117.86
2020-06-23,3138.7,3154.9,3127.12,3131.29
2020-06-24,3114.4,3115.01,3032.13,3050.33
2020-06-25,3046.6,3086.25,3024.01,3083.76
2020-06-26,3073.2,3073.73,3004.63,3009.05
2020-06-29,3018.59,3053.89,2999.74,3053.24
2020-06-30,3050.2,3111.51,3047.83,3100.29
2020-07-01,3105.92,3128.44,3101.17,3115.86
2020-07-02,3143.64,3165.81,3124.52,3130.01
2020-07-06,3155.29,3182.59,3155.29,3179.72
2020-07-07,3166.44,3184.15,3142.93,3145.32
2020-07-08,3153.07,3171.8,3136.53,3169.94
2020-07-09,3176.17,3179.78,3115.7,3152.05
2020-07-10,3152.47,3186.82,3136.22,3185.04
2020-07-13,3205.08,3235.32,3149.43,3155.22
2020-07-14,3141.11,3200.95,3127.66,3197.52
2020-07-15,3225.98,3238.28,3200.76,3226.56
2020-07-16,3208.36,3220.39,3198.59,3215.57
2020-07-17,3224.21,3233.52,3205.65,3224.73
2020-07-20,3224.29,3258.61,3215.16,3251.84
2020-07-21,3268.52,3277.29,3247.77,3257.3
2020-07-22,3254.86,3279.32,3253.1,3276.02
2020-07-23,3271.64,3279.99,3222.66,3235.66
2020-07-24,3218.58,3227.26,3200.05,3215.63
2020-07-27,3219.84,3241.43,3214.25,3239.41
2020-07-28,3234.27,3243.72,3216.17,3218.44
2020-07-29,3227.22,3264.74,3227.22,3258.44
2020-07-30,3231.76,3250.92,3204.13,3246.22
2020-07-31,3270.45,3272.17,3220.26,3271.12
2020-08-03,3288.26,3302.73,3284.53,3294.61
2020-08-04,3289.92,3306.84,3286.37,3306.51
2020-08-05,3317.37,3330.77,3317.37,3327.77
2020-08-06,3323.17,3351.03,3318.14,3349.16
2020-08-07,3340.05,3352.54,3328.72,3351.28
2020-08-10,3356.04,3363.29,3335.44,3360.47
2020-08-11,3370.34,3381.01,3326.44,3333.69
2020-08-12,3355.46,3387.89,3355.46,3380.35
2020-08-13,3372.95,3387.24,3363.35,3373.43
2020-08-14,3368.66,3378.51,3361.64,3372.85
2020-08-17,3380.86,3387.59,3379.22,3381.99
2020-08-18,3387.04,3395.06,3370.15,3389.78
2020-08-19,3392.51,3399.54,3369.66,3374.85
2020-08-20,3360.48,3390.8,3354.69,3385.51
2020-08-21,3386.01,3399.96,3379.31,3397.16
2020-08-24,3418.09,3432.09,3413.13,3431.28
2020-08-25,3435.95,3444.21,3425.84,3443.62
2020-08-26,3449.97,3481.07,3444.15,3478.73
2020-08-27,3485.14,3501.38,3468.35,3484.55
2020-08-28,3494.69,3509.23,3484.32,3508.01
2020-08-31,3509.73,3514.77,3493.25,3500.31
2020-09-01,3507.44,3528.03,3494.6,3526.65
2020-09-02,3543.76,3588.11,3535.23,3580.84
2020-09-03,3564.74,3564.85,3427.41,3455.06
2020-09-04,3453.6,3479.15,3349.63,3426.96
2020-09-08,3371.88,3379.97,3329.27,3331.84
2020-09-09,3369.82,3424.77,3366.84,3398.96
2020-09-10,3412.56,3425.55,3329.25,3339.19
2020-09-11,3352.7,3368.95,3310.47,3340.97
2020-09-14,3363.56,3402.93,3363.56,3383.54
2020-09-15,3407.73,3419.48,3389.25,3401.2
2020-09-16,3411.23,3428.92,3384.45,3385.49
2020-09-17,3346.86,3375.17,3328.82,3357.01
2020-09-18,3357.38,3362.27,3292.4,3319.47
2020-09-21,3285.57,3285.57,3229.1,3281.06
2020-09-22,3295.75,3320.31,3270.95,3315.57
2020-09-23,3320.11,3323.35,3232.57,3236.92
2020-09-24,3226.14,3278.7,3209.45,3246.59
2020-09-25,3236.66,3306.88,3228.44,3298.46
2020-09-28,3333.9,3360.74,3332.91,3351.6
2020-09-29,3350.92,3357.92,3327.54,3335.47
2020-09-30,3341.21,3393.56,3340.47,3363.0
2020-10-01,3385.87,3397.18,3361.39,3380.8
2020-10-02,3338.94,3369.1,3323.69,3348.42
2020-10-05,3367.27,3409.57,3367.27,3408.6
2020-10-06,3408.74,3431.56,3354.54,3360.97
2020-10-07,3384.56,3426.26,3384.56,3419.44
2020-10-08,3434.28,3447.28,3428.15,3446.83
2020-10-09,3459.67,3482.34,3458.07,3477.14
2020-10-12,3500.02,3549.85,3499.61,3534.22
2020-10-13,3534.01,3534.01,3500.86,3511.93
2020-10-14,3515.47,3527.94,3480.55,3488.67
2020-10-15,3453.72,3489.08,3440.89,3483.34
2020-10-16,3493.5,3515.76,3480.45,3483.81
2020-10-19,3493.66,3502.42,3419.93,3426.92
2020-10-20,3439.38,3476.93,3435.65,3443.12
2020-10-21,3439.91,3464.86,3433.06,3435.56
2020-10-22,3438.5,3460.53,3415.34,3453.49
2020-10-23,3464.9,3466.46,3440.45,3465.39
2020-10-26,3441.42,3441.42,3364.86,3400.97
2020-10-27,3403.15,3409.51,3388.71,3390.68
2020-10-28,3342.48,3342.48,3268.89,3271.03
2020-10-29,3277.17,3341.05,3259.82,3310.11
2020-10-30,3293.59,3304.93,3233.94,3269.96
2020-11-02,3296.2,3330.14,3279.74,3310.24
2020-11-03,3336.25,3389.49,3336.25,3369.16
2020-11-04,3406.46,3486.25,3405.17,3443.44
2020-11-05,3485.74,3529.05,3485.74,3510.45
2020-11-06,3508.34,3521.58,3484.34,3509.44
2020-11-09,3583.04,3645.99,3547.48,3550.5
2020-11-10,3543.26,3557.22,3511.91,3545.53
2020-11-11,3563.22,3581.16,3557.0,3572.66
2020-11-12,3562.67,3569.02,3518.58,3537.01
2020-11-13,3552.57,3593.66,3552.57,3585.15
2020-11-16,3600.16,3628.51,3600.16,3626.91
2020-11-17,3610.31,3623.11,3588.68,3609.53
2020-11-18,3612.09,3619.09,3567.33,3567.79
2020-11-19,3559.41,3585.22,3543.84,3581.87
2020-11-20,3579.31,3581.23,3556.85,3557.54
2020-11-23,3566.82,3589.81,3552.77,3577.59
2020-11-24,3594.52,3642.31,3594.52,3635.41
2020-11-25,3635.5,3635.5,3617.76,3629.65
2020-11-27,3638.55,3644.31,3629.33,3638.35
2020-11-30,3634.18,3634.18,3594.39,3621.63
2020-12-01,3645.87,3678.45,3645.87,3662.45
2020-12-02,3653.78,3670.96,3644.84,3669.01
2020-12-03,3668.28,3682.73,3657.17,3666.72
2020-12-04,3670.94,3699.2,3670.94,3699.12
2020-12-07,3694.73,3697.41,3678.88,3691.96
2020-12-08,3683.05,3708.45,3678.83,3702.25
2020-12-09,3705.98,3712.39,3660.54,3672.82
2020-12-10,3659.13,3678.49,3645.18,3668.1
2020-12-11,3656.08,3665.91,3633.4,3663.46
2020-12-14,3675.27,3697.61,3645.84,3647.49
2020-12-15,3666.41,3695.29,3659.62,3694.62
2020-12-16,3696.25,3711.27,3688.57,3701.17
2020-12-17,3713.65,3725.12,3710.87,3722.48
2020-12-18,3722.39,3726.7,3685.84,3709.41
2020-12-21,3684.28,3702.9,3636.48,3694.92
2020-12-22,3698.08,3698.26,3676.16,3687.26
2020-12-23,3693.42,3711.24,3689.28,3690.01
2020-12-24,3694.03,3703.82,3689.32,3703.06
2020-12-28,3723.03,3740.51,3723.03,3735.36
2020-12-29,3750.01,3756.12,3723.31,3727.04
2020-12-30,3736.19,3744.63,3730.21,3732.04
2020-12-31,3733.27,3760.2,3726.88,3756.07
2021-01-04,3764.61,3769.99,3662.71,3700.65
2021-01-05,3698.02,3737.83,3695.07,3726.86
2021-01-06,3712.2,3783.04,3705.34,3748.14
2021-01-07,3764.71,3811.55,3764.71,3803.79
2021-01-08,3815.05,3826.69,3783.6,3824.68
2021-01-11,3803.14,3817.86,3789.02,3799.61
2021-01-12,3801.62,3810.78,3776.51,3801.19
2021-01-13,3802.23,3820.96,3791.5,3809.84
2021-01-14,3814.98,3823.6,3792.86,3795.54
2021-01-15,3788.73,3788.73,3749.62,3768.25
2021-01-19,3781.88,3804.53,3780.37,3798.91
2021-01-20,3816.22,3859.75,3816.22,3851.85
2021-01-21,3857.46,3861.45,3845.05,3853.07
2021-01-22,3844.24,3852.31,3830.41,3841.47
2021-01-25,3851.68,3859.23,3797.16,3855.36
2021-01-26,3862.96,3870.9,3847.78,3849.62
2021-01-27,3836.83,3836.83,3732.48,3750.77
2021-01-28,3755.75,3830.5,3755.75,3787.38
2021-01-29,3778.05,3778.05,3694.12,3714.24
2021-02-01,3731.17,3784.32,3725.62,3773.86
2021-02-02,3791.84,3843.09,3791.84,3826.31
2021-02-03,3840.27,3847.51,3816.68,3830.17
2021-02-04,3836.66,3872.42,3836.66,3871.74
2021-02-05,3878.3,3894.56,3874.93,3886.83
2021-02-08,3892.59,3915.77,3892.59,3915.59
2021-02-09,3910.49,3918.35,3902.64,3911.23
2021-02-10,3920.78,3931.5,3884.94,3909.88
2021-02-11,3916.4,3925.99,3890.39,3916.38
2021-02-12,3911.65,3937.23,3905.78,3934.83
2021-02-16,3939.61,3950.43,3923.85,3932.59
2021-02-17,3918.5,3933.61,3900.43,3931.33
2021-02-18,3915.86,3921.98,3885.03,3913.97
2021-02-19,3921.16,3930.41,3903.07,3906.71
2021-02-22,3885.55,3902.92,3874.71,3876.5
2021-02-23,3857.07,3895.98,3805.59,3881.37
2021-02-24,3873.71,3928.65,3859.6,3925.43
2021-02-25,3915.8,3925.02,3814.04,3829.34
2021-02-26,3839.66,3861.08,3789.54,3811.15
2021-03-01,3842.51,3914.5,3842.51,3901.82
2021-03-02,3903.64,3906.41,3868.57,3870.29
2021-03-03,3863.99,3874.47,3818.86,3819.72
2021-03-04,3818.53,3843.67,3723.34,3768.47
2021-03-05,3793.58,3851.69,3730.19,3841.94
2021-03-08,3844.39,3881.06,3819.25,3821.35
2021-03-09,3851.93,3903.76,3851.93,3875.44
2021-03-10,3891.99,3917.35,3885.73,3898.81
2021-03-11,3915.54,3960.27,3915.54,3939.34
2021-03-12,3924.52,3944.99,3915.21,3943.34
2021-03-15,3942.96,3970.08,3923.54,3968.94
2021-03-16,3973.59,3981.04,3953.44,3962.71
2021-03-17,3949.57,3983.87,3935.74,3974.12
2021-03-18,3953.5,3969.62,3910.86,3915.46
2021-03-19,3913.14,3930.12,3886.75,3913.1
2021-03-22,3916.48,3955.31,3914.16,3940.59
2021-03-23,3937.6,3949.13,3901.57,3910.52
2021-03-24,3919.93,3942.08,3889.07,3889.14
2021-03-25,3879.34,3919.54,3853.5,3909.52
2021-03-26,3917.12,3978.19,3917.12,3974.54
2021-03-29,3969.31,3981.83,3943.25,3971.09
2021-03-30,3963.34,3968.01,3944.35,3958.55
2021-03-31,3967.25,3994.41,3966.98,3972.89
2021-04-01,3992.78,4020.63,3992.78,4019.87
2021-04-05,4034.44,4083.42,4034.44,4077.91
2021-04-06,4075.57,4086.23,4068.14,4073.94
2021-04-07,4074.29,4083.13,4068.31,4079.95
2021-04-08,4089.95,4098.19,4082.54,4097.17
2021-04-09,4096.11,4129.48,4095.51,4128.8
2021-04-12,4124.71,4131.76,4114.82,4127.99
2021-04-13,4130.1,4148.0,4124.43,4141.59
2021-04-14,4141.58,4151.69,4120.87,4124.66
2021-04-15,4139.76,4173.49,4139.76,4170.42
2021-04-16,4174.14,4191.31,4170.75,4185.47
2021-04-19,4179.8,4180.81,4150.47,4163.26
2021-04-20,4159.18,4159.18,4118.38,4134.94
2021-04-21,4128.42,4175.02,4126.35,4173.42
2021-04-22,4170.46,4179.57,4123.69,4134.98
2021-04-23,4138.78,4194.17,4138.78,4180.17
2021-04-26,4185.03,4194.19,4182.36,4187.62
2021-04-27,4188.25,4193.35,4176.22,4186.72
2021-04-28,4185.14,4201.53,4181.78,4183.18
2021-04-29,4206.14,4218.78,4176.81,4211.47
2021-04-30,4198.1,4198.1,4174.85,4181.17
2021-05-03,4191.98,4209.39,4188.03,4192.66
2021-05-04,4179.04,4179.04,4128.59,4164.66
2021-05-05,4177.06,4187.72,4160.94,4167.59
2021-05-06,4169.14,4202.7,4147.33,4201.62
2021-05-07,4210.34,4238.04,4201.64,4232.6
2021-05-10,4228.29,4236.39,4188.13,4188.43
2021-05-11,4150.34,4162.04,4111.53,4152.1
2021-05-12,4130.55,4134.73,4056.88,4063.04
2021-05-13,4074.99,4131.58,4074.99,4112.5
2021-05-14,4129.58,4183.13,4129.58,4173.85
2021-05-17,4169.92,4171.92,4142.69,4163.29
2021-05-18,4165.94,4169.15,4125.99,4127.83
2021-05-19,4098.45,4116.93,4061.41,4115.68
2021-05-20,4121.97,4172.8,4121.97,4159.12
2021-05-21,4168.61,4188.72,4151.72,4155.86
2021-05-24,4170.16,4209.52,4170.16,4197.05
2021-05-25,4205.94,4213.42,4182.52,4188.13
2021-05-26,4191.59,4202.61,4184.11,4195.99
2021-05-27,4201.94,4213.38,4197.78,4200.88
2021-05-28,4210.77,4218.36,4203.57,4204.11
2021-06-01,4216.52,4234.12,4197.59,4202.04
2021-06-02,4206.82,4217.37,4198.27,4208.12
2021-06-03,4191.43,4204.39,4167.93,4192.85
2021-06-04,4206.05,4233.45,4206.05,4229.89
2021-06-07,4229.34,4232.34,4215.66,4226.52
2021-06-08,4233.81,4236.74,4208.41,4227.26
2021-06-09,4232.99,4237.09,4218.74,4219.55
2021-06-10,4228.56,4249.74,4220.34,4239.18
2021-06-11,4242.9,4248.38,4232.25,4247.44
2021-06-14,4248.31,4255.59,4234.07,4255.15
2021-06-15,4255.28,4257.16,4238.35,4246.59
2021-06-16,4248.87,4251.89,4202.45,4223.7
2021-06-17,4220.37,4232.29,4196.05,4221.86
2021-06-18,4204.78,4204.78,4164.4,4166.45
2021-06-21,4173.4,4226.24,4173.4,4224.79
2021-06-22,4224.61,4255.84,4217.27,4246.44
2021-06-23,4249.27,4256.6,4241.43,4241.84
2021-06-24,4256.97,4271.28,4256.97,4266.49
2021-06-25,4274.45,4286.12,4271.16,4280.7
2021-06-28,4284.9,4292.14,4274.67,4290.61
2021-06-29,4293.21,4300.52,4287.04,4291.8
2021-06-30,4290.65,4302.43,4287.96,4297.5
2021-07-01,4300.73,4320.66,4300.73,4319.94
2021-07-02,4326.6,4355.43,4326.6,4352.34
2021-07-06,4356.46,4356.46,4314.37,4343.54
2021-07-07,4351.01,4361.88,4329.79,4358.13
2021-07-08,4321.07,4330.88,4289.37,4320.82
2021-07-09,4329.38,4371.6,4329.38,4369.55
2021-07-12,4372.41,4386.68,4364.03,4384.63
2021-07-13,4381.07,4392.37,4366.92,4369.21
2021-07-14,4380.11,4393.68,4362.36,4374.3
2021-07-15,4369.02,4369.02,4340.7,4360.03
2021-07-16,4367.43,4375.09,4322.53,4327.16
2021-07-19,4296.4,4296.4,4233.13,4258.49
2021-07-20,4265.11,4336.84,4262.05,4323.06
2021-07-21,4331.13,4359.7,4331.13,4358.69
2021-07-22,4361.27,4369.87,4350.06,4367.48
2021-07-23,4381.2,4415.18,4381.2,4411.79
2021-07-26,4409.58,4422.73,4405.45,4422.3
2021-07-27,4416.38,4416.38,4372.51,4401.46
2021-07-28,4402.95,4415.47,4387.01,4400.64
2021-07-29,4403.59,4429.97,4403.59,4419.15
2021-07-30,4395.12,4412.25,4389.65,4395.26
2021-08-02,4406.86,4422.18,4384.81,4387.16
2021-08-03,4392.74,4423.79,4373.0,4423.15
2021-08-04,4415.95,4416.17,4400.23,4402.66
2021-08-05,4408.86,4429.76,4408.86,4429.1
2021-08-06,4429.07,4440.82,4429.07,4436.52
2021-08-09,4437.77,4439.39,4424.74,4432.35
2021-08-10,4435.79,4445.21,4430.03,4436.75
2021-08-11,4442.18,4449.44,4436.42,4442.41
2021-08-12,4446.08,4461.77,4435.96,4460.83
2021-08-13,4464.84,4468.37,4460.82,4468.0
2021-08-16,4461.65,4480.26,4437.66,4479.71
2021-08-17,4462.12,4462.12,4417.83,4448.08
2021-08-18,4440.94,4454.32,4397.59,4400.27
2021-08-19,4382.44,4418.61,4367.73,4405.8
2021-08-20,4410.56,4444.35,4406.8,4441.67
2021-08-23,4450.29,4489.88,4450.29,4479.53
2021-08-24,4484.4,4492.81,4482.28,4486.23
2021-08-25,4490.45,4501.71,4485.66,4496.19
2021-08-26,4493.75,4495.9,4468.99,4470.0
2021-08-27,4474.1,4513.33,4474.1,4509.37
2021-08-30,4513.76,4537.36,4513.76,4528.79
2021-08-31,4529.75,4531.39,4515.8,4522.68
2021-09-01,4528.8,4537.11,4522.02,4524.09
2021-09-02,4534.48,4545.85,4524.66,4536.95
2021-09-03,4532.42,4541.45,4521.3,4535.43
2021-09-07,4535.38,4535.38,4513.0,4520.03
2021-09-08,4518.09,4521.79,4493.95,4514.07
2021-09-09,4513.02,4529.9,4492.07,4493.28
2021-09-10,4506.92,4520.47,4457.66,4458.58
2021-09-13,4474.81,4492.99,4445.7,4468.73
2021-09-14,4479.33,4485.68,4435.46,4443.05
2021-09-15,4447.49,4486.87,4438.37,4480.7
2021-09-16,4477.09,4485.87,4443.8,4473.75
2021-09-17,4469.74,4471.52,4427.76,4432.99
2021-09-20,4402.95,4402.95,4305.91,4357.73
2021-09-21,4374.45,4394.87,4347.96,4354.19
2021-09-22,4367.43,4416.75,4367.43,4395.64
2021-09-23,4406.75,4465.4,4406.75,4448.98
2021-09-24,4438.04,4463.12,4430.27,4455.48
2021-09-27,4442.12,4457.3,4436.19,4443.11
2021-09-28,4419.54,4419.54,4346.33,4352.63
2021-09-29,4362.41,4385.57,4355.08,4359.46
2021-09-30,4370.67,4382.55,4306.24,4307.54
2021-10-01,4317.16,4375.19,4288.52,4357.04
2021-10-04,4348.84,4355.51,4278.94,4300.46
2021-10-05,4309.87,4369.23,4309.87,4345.72
2021-10-06,4319.57,4365.57,4290.49,4363.55
2021-10-07,4383.73,4429.97,4383.73,4399.76
2021-10-08,4406.51,4412.02,4386.22,4391.34
2021-10-11,4385.44,4415.88,4360.59,4361.19
2021-10-12,4368.31,4374.89,4342.09,4350.65
2021-10-13,4358.01,4372.87,4329.92,4363.8
2021-10-14,4386.75,4439.73,4386.75,4438.26
2021-10-15,4447.69,4475.82,4447.69,4471.37
2021-10-18,4463.72,4488.75,4447.47,4486.46
2021-10-19,4497.34,4520.4,4496.41,4519.63
2021-10-20,4524.42,4540.87,4524.4,4536.19
2021-10-21,4532.24,4551.44,4526.89,4549.78
2021-10-22,4546.12,4559.67,4524.0,4544.9
2021-10-25,4553.69,4572.62,4537.36,4566.48
2021-10-26,4578.69,4598.53,4569.17,4574.79
2021-10-27,4580.22,4584.57,4551.66,4551.68
2021-10-28,4562.84,4597.55,4562.84,4596.42
2021-10-29,4572.87,4608.08,4567.59,4605.38
2021-11-01,4610.62,4620.34,4595.06,4613.67
2021-11-02,4613.34,4635.15,4613.34,4630.65
2021-11-03,4630.65,4663.46,4621.19,4660.57
2021-11-04,4662.93,4683.0,4662.59,4680.06
2021-11-05,4699.26,4718.5,4681.32,4697.53
2021-11-08,4701.48,4714.92,4694.39,4701.7
2021-11-09,4707.25,4708.53,4670.87,4685.25
2021-11-10,4670.26,4684.85,4630.86,4646.71
2021-11-11,4659.39,4664.55,4648.31,4649.27
2021-11-12,4655.24,4688.47,4650.77,4682.85
2021-11-15,4689.3,4697.42,4672.86,4682.8
2021-11-16,4679.42,4714.95,4679.42,4700.9
2021-11-17,4701.5,4701.5,4684.41,4688.67
2021-11-18,4700.72,4708.8,4672.78,4704.54
2021-11-19,4708.44,4717.75,4694.22,4697.96
2021-11-22,4712.0,4743.83,4682.17,4682.94
2021-11-23,4678.48,4699.39,4652.66,4690.7
2021-11-24,4675.78,4702.87,4659.89,4701.46
2021-11-26,4664.63,4664.63,4585.43,4594.62
2021-11-29,4628.75,4672.95,4625.26,4655.27
2021-11-30,4640.25,4646.02,4560.0,4567.0
2021-12-01,4602.82,4652.94,4510.27,4513.04
2021-12-02,4504.73,4595.46,4504.73,4577.1
2021-12-03,4589.49,4608.03,4495.12,4538.43
2021-12-06,4548.37,4612.6,4540.51,4591.67
2021-12-07,4631.97,4694.04,4631.97,4686.75
2021-12-08,4690.86,4705.06,4674.52,4701.21
2021-12-09,4691.0,4695.26,4665.98,4667.45
2021-12-10,4687.64,4713.57,4670.24,4712.02
2021-12-13,4710.3,4710.3,4667.6,4668.97
2021-12-14,4642.99,4660.47,4606.52,4634.09
2021-12-15,4636.46,4712.6,4611.22,4709.85
2021-12-16,4719.13,4731.99,4651.89,4668.67
2021-12-17,4652.5,4666.7,4600.22,4620.64
2021-12-20,4587.9,4587.9,4531.1,4568.02
2021-12-21,4594.96,4651.14,4583.16,4649.23
2021-12-22,4650.36,4697.67,4645.53,4696.56
2021-12-23,4703.96,4740.74,4703.96,4725.79
2021-12-27,4733.99,4791.49,4733.99,4791.19
2021-12-28,4795.49,4807.02,4780.04,4786.35
2021-12-29,4788.64,4804.06,4778.08,4793.06
2021-12-30,4794.23,4808.93,4775.33,4778.73
2021-12-31,4775.21,4786.83,4765.75,4766.18
2022-01-03,4778.14,4796.64,4758.17,4796.56
2022-01-04,4804.51,4818.62,4774.27,4793.54
2022-01-05,4787.99,4797.7,4699.44,4700.58
2022-01-06,4693.39,4725.01,4671.26,4696.05
2022-01-07,4697.66,4707.95,4662.74,4677.03
2022-01-10,4655.34,4673.02,4582.24,4670.29
2022-01-11,4669.14,4714.13,4638.27,4713.07
2022-01-12,4728.59,4748.83,4706.71,4726.35
2022-01-13,4733.56,4744.13,4650.29,4659.03
2022-01-14,4637.99,4665.13,4614.75,4662.85
2022-01-18,4632.24,4632.24,4568.7,4577.11
2022-01-19,4588.03,4611.55,4530.2,4532.76
2022-01-20,4547.35,4602.11,4477.95,4482.73
2022-01-21,4471.38,4494.52,4395.34,4397.94
2022-01-24,4356.32,4417.35,4222.62,4410.13
2022-01-25,4366.64,4411.01,4287.11,4356.45
2022-01-26,4408.43,4453.23,4304.8,4349.93
2022-01-27,4380.58,4428.74,4309.5,4326.51
2022-01-28,4336.19,4432.72,4292.46,4431.85
2022-01-31,4431.79,4516.89,4414.02,4515.55
2022-02-01,4519.57,4550.49,4483.53,4546.54
2022-02-02,4566.39,4595.31,4544.32,4589.38
2022-02-03,4535.41,4542.88,4470.39,4477.44
2022-02-04,4482.79,4539.66,4451.5,4500.53
2022-02-07,4505.75,4521.86,4471.47,4483.87
2022-02-08,4480.02,4531.32,4465.4,4521.54
2022-02-09,4547.0,4590.03,4547.0,4587.18
2022-02-10,4553.24,4588.92,4484.31,4504.08
2022-02-11,4506.27,4526.33,4401.41,4418.64
2022-02-14,4412.61,4426.22,4364.84,4401.67
2022-02-15,4429.28,4472.77,4429.28,4471.07
2022-02-16,4455.75,4489.55,4429.68,4475.01
2022-02-17,4456.06,4456.06,4373.81,4380.26
2022-02-18,4384.57,4394.6,4327.22,4348.87
2022-02-22,4332.74,4362.12,4267.11,4304.76
2022-02-23,4324.93,4341.51,4221.51,4225.5
2022-02-24,4155.77,4294.73,4114.65,4288.7
2022-02-25,4298.38,4385.34,4286.83,4384.65
2022-02-28,4354.17,4388.84,4315.12,4373.94
2022-03-01,4363.14,4378.45,4279.54,4306.26
2022-03-02,4322.56,4401.48,4322.56,4386.54
2022-03-03,4401.31,4416.78,4345.56,4363.49
2022-03-04,4342.12,4342.12,4284.98,4328.87
2022-03-07,4327.01,4327.01,4199.85,4201.09
2022-03-08,4202.66,4276.94,4157.87,4170.7
2022-03-09,4223.1,4299.4,4223.1,4277.88
2022-03-10,4252.55,4268.28,4209.8,4259.52
2022-03-11,4279.5,4291.01,4200.49,4204.31
2022-03-14,4202.75,4247.57,4161.72,4173.11
2022-03-15,4188.82,4271.05,4187.9,4262.45
2022-03-16,4288.14,4358.9,4251.99,4357.86
2022-03-17,4345.11,4412.67,4335.65,4411.67
2022-03-18,4407.34,4465.4,4390.57,4463.12
2022-03-21,4462.4,4481.75,4424.3,4461.18
2022-03-22,4469.1,4522.0,4469.1,4511.61
2022-03-23,4493.1,4501.07,4455.81,4456.24
2022-03-24,4469.98,4520.58,4465.17,4520.16
2022-03-25,4522.91,4546.03,4501.07,4543.06
2022-03-28,4541.09,4575.65,4517.69,4575.52
2022-03-29,4602.86,4637.3,4589.66,4631.6
2022-03-30,4624.2,4627.77,4581.32,4602.45
2022-03-31,4599.02,4603.07,4530.41,4530.41
2022-04-01,4540.32,4548.7,4507.57,4545.86
2022-04-04,4547.97,4583.5,4539.21,4582.64
2022-04-05,4572.45,4593.45,4514.17,4525.12
2022-04-06,4494.17,4503.94,4450.04,4481.15
2022-04-07,4474.65,4521.16,4450.3,4500.21
2022-04-08,4494.15,4520.41,4474.6,4488.28
2022-04-11,4462.64,4464.35,4408.38,4412.53
2022-04-12,4437.59,4471.0,4381.34,4397.45
2022-04-13,4394.3,4453.92,4392.7,4446.59
2022-04-14,4449.12,4460.46,4390.77,4392.59
2022-04-18,4385.63,4410.31,4370.3,4391.69
2022-04-19,4390.63,4471.03,4390.63,4462.21
2022-04-20,4472.26,4488.29,4448.76,4459.45
2022-04-21,4489.17,4512.94,4384.47,4393.66
2022-04-22,4385.83,4385.83,4267.62,4271.78
2022-04-25,4255.34,4299.02,4200.82,4296.12
2022-04-26,4278.14,4278.14,4175.04,4175.2
2022-04-27,4186.52,4240.71,4162.9,4183.96
2022-04-28,4222.58,4308.45,4188.63,4287.5
2022-04-29,4253.75,4269.68,4124.28,4131.93
2022-05-02,4130.61,4169.81,4062.51,4155.38
2022-05-03,4159.78,4200.1,4147.08,4175.48
2022-05-04,4181.18,4307.66,4148.91,4300.17
2022-05-05,4270.43,4270.43,4106.01,4146.87
2022-05-06,4128.17,4157.69,4067.91,4123.34
2022-05-09,4081.27,4081.27,3975.48,3991.24
2022-05-10,4035.18,4068.82,3958.17,4001.05
2022-05-11,3990.08,4049.09,3928.82,3935.18
2022-05-12,3903.95,3964.8,3858.87,3930.08
2022-05-13,3963.9,4038.88,3963.9,4023.89
2022-05-16,4013.02,4046.46,3983.99,4008.01
2022-05-17,4052.0,4090.72,4033.93,4088.85
2022-05-18,4051.98,4051.98,3911.91,3923.68
2022-05-19,3899.0,3945.96,3876.58,3900.79
2022-05-20,3927.76,3943.42,3810.32,3901.36
2022-05-23,3919.42,3981.88,3909.04,3973.75
2022-05-24,3942.94,3955.68,3875.13,3941.48
2022-05-25,3929.59,3999.33,3925.03,3978.73
2022-05-26,3984.6,4075.14,3984.6,4057.84
2022-05-27,4077.43,4158.49,4077.43,4158.24
2022-05-31,4151.09,4168.34,4104.88,4132.15
2022-06-01,4149.78,4166.54,4073.85,4101.23
2022-06-02,4095.41,4177.51,4074.37,4176.82
2022-06-03,4137.57,4142.67,4098.67,4108.54
2022-06-06,4134.72,4168.78,4109.18,4121.43
2022-06-07,4096.47,4164.86,4080.19,4160.68
2022-06-08,4147.12,4160.14,4107.2,4115.77
2022-06-09,4101.65,4119.1,4017.17,4017.82
2022-06-10,3974.39,3974.39,3900.16,3900.86
2022-06-13,3838.15,3838.15,3734.3,3749.63
2022-06-14,3763.52,3778.18,3705.68,3735.48
2022-06-15,3764.05,3837.56,3722.3,3789.99
2022-06-16,3728.18,3728.18,3639.77,3666.77
2022-06-17,3665.9,3707.71,3636.87,3674.84
2022-06-21,3715.31,3779.65,3715.31,3764.79
2022-06-22,3733.89,3801.79,3717.69,3759.89
2022-06-23,3774.71,3802.58,3743.52,3795.73
2022-06-24,3821.75,3913.65,3821.75,3911.74
2022-06-27,3920.76,3927.72,3889.66,3900.11
2022-06-28,3913.0,3945.86,3820.14,3821.55
2022-06-29,3825.09,3836.5,3799.02,3818.83
2022-06-30,3785.99,3818.99,3738.67,3785.38
2022-07-01,3781.0,3829.82,3752.1,3825.33
2022-07-05,3792.61,3832.19,3742.06,3831.39
2022-07-06,3831.98,3870.91,3809.37,3845.08
2022-07-07,3858.85,3910.63,3858.85,3902.62
2022-07-08,3888.26,3918.5,3869.34,3899.38
2022-07-11,3880.94,3880.94,3847.22,3854.43
2022-07-12,3851.95,3873.41,3802.36,3818.8
2022-07-13,3779.67,3829.44,3759.07,3801.78
2022-07-14,3763.99,3796.41,3721.56,3790.38
2022-07-15,3818.0,3863.62,3817.18,3863.16
2022-07-18,3883.79,3902.44,3818.63,3830.85
2022-07-19,3860.73,3939.81,3860.73,3936.69
2022-07-20,3935.32,3974.13,3922.03,3959.9
2022-07-21,3955.47,3999.29,3927.64,3998.95
2022-07-22,3998.43,4012.44,3938.86,3961.63
2022-07-25,3965.72,3975.3,3943.46,3966.84
2022-07-26,3953.22,3953.22,3910.74,3921.05
2022-07-27,3951.43,4039.56,3951.43,4023.61
2022-07-28,4026.13,4078.95,3992.97,4072.43
2022-07-29,4087.33,4140.15,4079.22,4130.29
2022-08-01,4112.38,4144.95,4096.02,4118.63
2022-08-02,4104.21,4140.47,4079.81,4091.19
2022-08-03,4107.96,4167.66,4107.96,4155.17
2022-08-04,4154.85,4161.29,4135.42,4151.94
2022-08-05,4115.87,4151.58,4107.31,4145.19
2022-08-08,4155.93,4186.62,4128.97,4140.06
2022-08-09,4133.11,4137.3,4112.09,4122.47
2022-08-10,4181.02,4211.03,4177.26,4210.24
2022-08-11,4227.4,4257.91,4201.41,4207.27
2022-08-12,4225.02,4280.47,4219.78,4280.15
2022-08-15,4269.37,4301.79,4256.9,4297.14
2022-08-16,4290.46,4325.28,4277.77,4305.2
2022-08-17,4280.4,4302.18,4253.08,4274.04
2022-08-18,4273.13,4292.53,4261.98,4283.74
2022-08-19,4266.31,4266.31,4218.7,4228.48
2022-08-22,4195.08,4195.08,4129.86,4137.99
2022-08-23,4133.09,4159.77,4124.03,4128.73
2022-08-24,4126.55,4156.56,4119.97,4140.77
2022-08-25,4153.26,4200.54,4147.59,4199.12
2022-08-26,4198.74,4203.04,4057.66,4057.66
2022-08-29,4034.58,4062.99,4017.42,4030.61
2022-08-30,4041.25,4044.98,3965.21,3986.16
2022-08-31,4000.67,4015.37,3954.53,3955.0
2022-09-01,3936.73,3970.23,3903.65,3966.85
2022-09-02,3994.66,4018.43,3906.21,3924.26
2022-09-06,3930.89,3942.55,3886.75,3908.19
2022-09-07,3909.43,3987.89,3906.03,3979.87
2022-09-08,3959.94,4010.5,3944.81,4006.18
2022-09-09,4022.94,4076.81,4022.94,4067.36
2022-09-12,4083.67,4119.28,4083.67,4110.41
2022-09-13,4037.12,4037.12,3921.28,3932.69
2022-09-14,3940.73,3961.94,3912.18,3946.01
2022-09-15,3932.41,3959.14,3888.28,3901.35
2022-09-16,3880.95,3880.95,3837.08,3873.33
2022-09-19,3849.91,3900.45,3838.5,3899.89
2022-09-20,3875.23,3876.01,3827.54,3855.93
2022-09-21,3871.4,3907.07,3789.49,3789.93
2022-09-22,3782.36,3790.9,3749.45,3757.99
2022-09-23,3727.14,3727.14,3647.47,3693.23
2022-09-26,3682.72,3715.67,3644.76,3655.04
2022-09-27,3686.44,3717.53,3623.29,3647.29
2022-09-28,3651.94,3736.74,3640.61,3719.04
2022-09-29,3687.01,3687.01,3610.4,3640.47
2022-09-30,3633.48,3671.44,3584.13,3585.62
2022-10-03,3609.78,3698.35,3604.93,3678.43
2022-10-04,3726.46,3791.92,3726.46,3790.93
2022-10-05,3753.25,3806.91,3722.66,3783.28
2022-10-06,3771.97,3797.93,3739.22,3744.52
2022-10-07,3706.74,3706.74,3620.73,3639.66
2022-10-10,3647.51,3652.17,3588.1,3612.39
2022-10-11,3595.86,3640.66,3568.45,3588.84
2022-10-12,3590.83,3608.34,3573.86,3577.03
2022-10-13,3520.37,3685.41,3491.58,3669.91
2022-10-14,3690.41,3712.0,3579.68,3583.07
2022-10-17,3638.65,3689.73,3638.65,3677.95
2022-10-18,3746.26,3762.79,3686.53,3719.98
2022-10-19,3703.11,3728.58,3666.51,3695.16
2022-10-20,3689.05,3736.0,3656.44,3665.78
2022-10-21,3657.1,3757.89,3647.42,3752.75
2022-10-24,3762.01,3810.74,3741.65,3797.34
2022-10-25,3799.44,3862.85,3799.44,3859.11
2022-10-26,3825.97,3886.15,3824.07,3830.6
2022-10-27,3834.69,3859.95,3803.79,3807.3
2022-10-28,3808.26,3905.42,3808.26,3901.06
2022-10-31,3881.85,3893.73,3863.18,3871.98
2022-11-01,3901.79,3911.79,3843.8,3856.1
2022-11-02,3852.9,3894.44,3758.68,3759.69
2022-11-03,3733.25,3750.59,3698.15,3719.89
2022-11-04,3766.98,3796.34,3708.84,3770.55
2022-11-07,3780.71,3813.95,3764.7,3806.8
2022-11-08,3817.02,3859.4,3786.28,3828.11
2022-11-09,3810.94,3818.2,3744.22,3748.57
2022-11-10,3859.89,3958.33,3859.89,3956.37
2022-11-11,3963.72,4001.48,3944.82,3992.93
2022-11-14,3977.97,4008.97,3956.4,3957.25
2022-11-15,4006.41,4028.84,3953.17,3991.73
2022-11-16,3976.82,3983.09,3954.34,3958.79
2022-11-17,3919.26,3954.33,3906.54,3946.56
2022-11-18,3966.39,3979.89,3935.98,3965.34
2022-11-21,3956.23,3962.0,3933.34,3949.94
2022-11-22,3965.51,4005.88,3956.88,4003.58
2022-11-23,4000.3,4033.78,3998.66,4027.26
2022-11-25,4023.34,4034.02,4020.76,4026.12
2022-11-28,4005.36,4012.27,3955.77,3963.94
2022-11-29,3964.19,3976.77,3937.65,3957.63
2022-11-30,3957.18,4080.11,3938.58,4080.11
2022-12-01,4087.14,4100.51,4050.87,4076.57
2022-12-02,4040.17,4080.48,4026.63,4071.7
2022-12-05,4052.02,4052.45,3984.49,3998.84
2022-12-06,3996.63,4001.51,3918.39,3941.26
2022-12-07,3933.28,3957.57,3922.68,3933.92
2022-12-08,3947.79,3974.19,3935.83,3963.51
2022-12-09,3954.17,3977.02,3933.04,3934.38
2022-12-12,3939.29,3990.71,3935.3,3990.56
2022-12-13,4069.38,4100.96,3993.03,4019.65
2022-12-14,4015.54,4053.76,3965.65,3995.32
2022-12-15,3958.37,3958.37,3879.45,3895.75
2022-12-16,3890.91,3890.91,3827.91,3852.36
2022-12-19,3853.79,3854.86,3800.04,3817.66
2022-12-20,3810.47,3838.24,3795.62,3821.62
2022-12-21,3839.49,3889.82,3839.49,3878.44
2022-12-22,3853.26,3853.26,3764.49,3822.39
2022-12-23,3815.11,3845.8,3797.01,3844.82
2022-12-27,3843.34,3846.65,3813.22,3829.25
2022-12-28,3829.56,3848.32,3780.78,3783.22
2022-12-29,3805.45,3858.19,3805.45,3849.28
2022-12-30,3829.06,3839.85,3800.34,3839.5
2023-01-03,3853.29,3878.46,3794.33,3824.14
2023-01-04,3840.36,3873.16,3815.77,3852.97
2023-01-05,3839.74,3839.74,3802.42,3808.1
2023-01-06,3823.37,3906.19,3809.56,3895.08
2023-01-09,3910.82,3950.57,3890.42,3892.09
2023-01-10,3888.57,3919.83,3877.29,3919.25
2023-01-11,3932.35,3970.07,3928.54,3969.61
2023-01-12,3977.57,3997.76,3937.56,3983.17
2023-01-13,3960.6,4003.95,3947.67,3999.09
2023-01-17,3999.28,4015.39,3984.57,3990.97
2023-01-18,4002.25,4014.16,3926.59,3928.86
2023-01-19,3911.84,3922.94,3885.54,3898.85
2023-01-20,3909.04,3972.96,3897.86,3972.61
2023-01-23,3978.14,4039.31,3971.64,4019.81
2023-01-24,4001.74,4023.92,3989.79,4016.95
2023-01-25,3982.71,4019.55,3949.06,4016.22
2023-01-26,4036.08,4061.57,4013.29,4060.43
2023-01-27,4053.72,4094.21,4048.7,4070.56
2023-01-30,4049.27,4063.85,4015.55,4017.77
2023-01-31,4020.85,4077.16,4020.44,4076.6
2023-02-01,4070.07,4148.95,4037.2,4119.21
2023-02-02,4158.68,4195.44,4141.88,4179.76
2023-02-03,4136.69,4182.36,4123.36,4136.48
2023-02-06,4119.57,4124.63,4093.38,4111.08
2023-02-07,4105.35,4176.54,4088.39,4164.0
2023-02-08,4153.47,4156.85,4111.67,4117.86
2023-02-09,4144.25,4156.23,4069.67,4081.5
2023-02-10,4068.92,4094.36,4060.79,4090.46
2023-02-13,4096.62,4138.9,4092.67,4137.29
2023-02-14,4126.7,4159.77,4095.01,4136.13
2023-02-15,4119.5,4148.11,4103.98,4147.6
2023-02-16,4114.75,4136.54,4089.49,4090.41
2023-02-17,4077.39,4081.51,4047.95,4079.09
2023-02-21,4052.35,4052.35,3995.19,3997.34
2023-02-22,4001.83,4017.37,3976.9,3991.05
2023-02-23,4018.6,4028.3,3969.19,4012.32
2023-02-24,3973.24,3978.25,3943.08,3970.04
2023-02-27,3992.36,4018.05,3973.55,3982.24
2023-02-28,3977.19,3997.5,3968.98,3970.15
2023-03-01,3963.34,3971.73,3939.05,3951.39
2023-03-02,3938.68,3990.84,3928.16,3981.35
2023-03-03,3998.02,4048.29,3995.17,4045.64
2023-03-06,4055.15,4078.49,4044.61,4048.42
2023-03-07,4048.26,4050.0,3980.31,3986.37
2023-03-08,3987.55,4000.41,3969.76,3992.01
2023-03-09,3998.66,4017.81,3908.7,3918.32
2023-03-10,3912.77,3934.05,3846.32,3861.59
2023-03-13,3835.12,3905.05,3808.86,3855.76
2023-03-14,3894.01,3937.29,3873.63,3919.29
2023-03-15,3876.74,3894.26,3838.24,3891.93
2023-03-16,3878.93,3964.46,3864.11,3960.28
2023-03-17,3958.69,3958.91,3901.27,3916.64
2023-03-20,3917.47,3956.62,3916.89,3951.57
2023-03-21,3975.89,4009.08,3971.19,4002.87
2023-03-22,4002.04,4039.49,3936.17,3936.97
2023-03-23,3959.21,4007.66,3919.05,3948.72
2023-03-24,3939.21,3972.74,3909.16,3970.99
2023-03-27,3982.93,4003.83,3970.49,3977.53
2023-03-28,3974.13,3979.2,3951.53,3971.27
2023-03-29,3999.53,4030.59,3999.53,4027.81
2023-03-30,4046.74,4057.85,4032.1,4050.83
2023-03-31,4056.18,4110.75,4056.18,4109.31
2023-04-03,4102.2,4127.66,4098.79,4124.51
2023-04-04,4128.03,4133.13,4086.87,4100.6
2023-04-05,4094.5,4099.69,4072.56,4090.38
2023-04-06,4081.15,4107.32,4069.84,4105.02
2023-04-10,4085.2,4109.5,4072.55,4109.11
2023-04-11,4110.29,4124.26,4102.61,4108.94
2023-04-12,4121.72,4134.37,4086.94,4091.95
2023-04-13,4100.04,4150.26,4099.4,4146.22
2023-04-14,4140.11,4163.19,4113.2,4137.64
2023-04-17,4137.17,4151.72,4123.18,4151.32
2023-04-18,4164.26,4169.48,4140.36,4154.87
2023-04-19,4139.33,4162.57,4134.49,4154.52
2023-04-20,4130.48,4148.57,4114.57,4129.79
2023-04-21,4132.14,4138.02,4113.86,4133.52
2023-04-24,4132.07,4142.41,4117.77,4137.04
2023-04-25,4126.43,4126.43,4071.38,4071.63
2023-04-26,4087.78,4089.67,4049.35,4055.99
2023-04-27,4075.29,4138.24,4075.29,4135.35
2023-04-28,4129.63,4170.06,4127.18,4169.48
2023-05-01,4166.79,4186.92,4164.12,4167.87
2023-05-02,4164.1,4164.1,4089.72,4119.58
2023-05-03,4122.25,4148.3,4088.86,4090.75
2023-05-04,4082.55,4082.61,4048.28,4061.22
2023-05-05,4084.73,4147.02,4084.73,4136.25
2023-05-08,4136.98,4142.3,4123.81,4138.12
2023-05-09,4124.25,4130.35,4116.65,4119.17
2023-05-10,4143.74,4154.28,4098.92,4137.64
2023-05-11,4132.24,4132.8,4109.29,4130.62
2023-05-12,4138.54,4143.74,4099.12,4124.08
2023-05-15,4126.65,4141.25,4110.27,4136.28
2023-05-16,4127.95,4135.54,4109.86,4109.9
2023-05-17,4122.85,4164.67,4113.62,4158.77
2023-05-18,4157.68,4202.2,4153.5,4198.05
2023-05-19,4204.15,4212.91,4180.2,4191.98
2023-05-22,4190.78,4209.22,4179.68,4192.63
2023-05-23,4176.8,4185.68,4142.54,4145.58
2023-05-24,4132.96,4132.96,4103.98,4115.24
2023-05-25,4155.71,4165.74,4129.73,4151.28
2023-05-26,4156.16,4212.87,4156.16,4205.45
2023-05-30,4226.71,4231.1,4192.18,4205.52
2023-05-31,4190.74,4195.44,4166.15,4179.83
2023-06-01,4183.03,4232.43,4171.64,4221.02
2023-06-02,4241.01,4290.67,4241.01,4282.37
2023-06-05,4282.99,4299.28,4266.82,4273.79
2023-06-06,4271.34,4288.33,4263.09,4283.85
2023-06-07,4285.47,4299.19,4263.96,4267.52
2023-06-08,4268.69,4298.01,4261.07,4293.93
2023-06-09,4304.88,4322.62,4291.7,4298.86
2023-06-12,4308.32,4340.13,4304.37,4338.93
2023-06-13,4352.61,4375.37,4349.31,4369.01
2023-06-14,4366.29,4391.82,4337.85,4372.59
2023-06-15,4365.33,4439.2,4362.6,4425.84
2023-06-16,4440.95,4448.47,4407.44,4409.59
2023-06-20,4396.11,4400.15,4367.19,4388.71
2023-06-21,4380.01,4386.22,4360.14,4365.69
2023-06-22,4355.4,4382.25,4351.82,4381.89
2023-06-23,4354.17,4366.55,4341.34,4348.33
2023-06-26,4344.84,4362.06,4328.08,4328.82
2023-06-27,4337.36,4384.42,4335.0,4378.41
2023-06-28,4367.48,4390.35,4360.22,4376.86
2023-06-29,4374.94,4398.39,4371.97,4396.44
2023-06-30,4422.44,4458.48,4422.44,4450.38
2023-07-03,4450.48,4456.46,4442.29,4455.59
2023-07-05,4442.04,4454.06,4436.61,4446.82
2023-07-06,4422.62,4422.62,4385.05,4411.59
2023-07-07,4404.54,4440.39,4397.4,4398.95
2023-07-10,4394.23,4412.6,4389.92,4409.53
2023-07-11,4415.55,4443.64,4408.46,4439.26
2023-07-12,4467.69,4488.34,4463.23,4472.16
2023-07-13,4491.5,4517.38,4489.36,4510.04
2023-07-14,4514.61,4527.76,4499.56,4505.42
2023-07-17,4508.86,4532.85,4504.9,4522.79
2023-07-18,4521.78,4562.3,4514.59,4554.98
2023-07-19,4563.87,4578.43,4557.48,4565.72
2023-07-20,4554.38,4564.74,4527.56,4534.87
2023-07-21,4550.16,4555.0,4535.79,4536.34
2023-07-24,4543.39,4563.41,4541.29,4554.64
2023-07-25,4555.19,4580.62,4552.42,4567.46
2023-07-26,4558.96,4582.47,4547.58,4566.75
2023-07-27,4598.26,4607.07,4528.56,4537.41
2023-07-28,4565.75,4590.16,4564.01,4582.23
2023-07-31,4584.82,4594.22,4573.14,4588.96
2023-08-01,4578.83,4584.62,4567.53,4576.73
2023-08-02,4550.93,4550.93,4505.75,4513.39
2023-08-03,4494.27,4519.49,4485.54,4501.89
2023-08-04,4513.96,4540.34,4474.55,4478.03
2023-08-07,4491.58,4519.84,4491.15,4518.44
2023-08-08,4498.03,4503.31,4464.39,4499.38
2023-08-09,4501.57,4502.44,4461.33,4467.71
2023-08-10,4487.16,4527.37,4457.92,4468.83
2023-08-11,4450.69,4476.23,4443.98,4464.05
2023-08-14,4458.13,4490.33,4453.44,4489.72
2023-08-15,4478.87,4478.87,4432.19,4437.86
2023-08-16,4433.79,4449.95,4403.55,4404.33
2023-08-17,4416.32,4421.17,4364.83,4370.36
2023-08-18,4344.88,4381.82,4335.31,4369.71
2023-08-21,4380.28,4407.55,4360.3,4399.77
2023-08-22,4415.33,4418.59,4382.77,4387.55
2023-08-23,4396.44,4443.18,4396.44,4436.01
2023-08-24,4455.16,4458.3,4375.55,4376.31
2023-08-25,4389.38,4418.46,4356.29,4405.71
2023-08-28,4426.03,4439.56,4414.98,4433.31
2023-08-29,4432.75,4500.14,4431.68,4497.63
2023-08-30,4500.34,4521.65,4493.59,4514.87
2023-08-31,4517.01,4532.26,4507.39,4507.66
2023-09-01,4530.6,4541.25,4501.35,4515.77
2023-09-05,4510.06,4514.29,4496.01,4496.83
2023-09-06,4490.35,4490.35,4442.38,4465.48
2023-09-07,4434.55,4457.81,4430.46,4451.14
2023-09-08,4451.3,4473.53,4448.38,4457.49
2023-09-11,4480.98,4490.77,4467.89,4487.46
2023-09-12,4473.27,4487.11,4456.83,4461.9
2023-09-13,4462.65,4479.39,4453.52,4467.44
2023-09-14,4487.78,4511.99,4478.69,4505.1
2023-09-15,4497.98,4497.98,4447.21,4450.32
2023-09-18,4445.13,4466.36,4442.11,4453.53
2023-09-19,4445.41,4449.85,4416.61,4443.95
2023-09-20,4452.81,4461.03,4401.38,4402.2
2023-09-21,4374.36,4375.7,4329.17,4330.0
2023-09-22,4341.74,4357.4,4316.49,4320.06
2023-09-25,4310.62,4338.51,4302.7,4337.44
2023-09-26,4312.88,4313.01,4265.98,4273.53
2023-09-27,4282.63,4292.07,4238.63,4274.51
2023-09-28,4269.65,4317.27,4264.38,4299.7
2023-09-29,4328.18,4333.15,4274.86,4288.05
2023-10-02,4284.52,4300.58,4260.21,4288.39
2023-10-03,4269.75,4281.15,4216.45,4229.45
2023-10-04,4233.83,4268.5,4220.48,4263.75
2023-10-05,4259.31,4267.13,4225.91,4258.19
2023-10-06,4234.79,4324.1,4219.55,4308.5
2023-10-09,4289.02,4341.73,4283.79,4335.66
2023-10-10,4339.75,4385.46,4339.64,4358.24
2023-10-11,4366.59,4378.64,4345.34,4376.95
2023-10-12,4380.94,4385.85,4325.43,4349.61
2023-10-13,4360.49,4377.1,4311.97,4327.78
2023-10-16,4342.37,4383.33,4342.37,4373.63
2023-10-17,4345.23,4393.57,4337.54,4373.2
2023-10-18,4357.35,4364.2,4303.84,4314.6
2023-10-19,4321.36,4339.54,4269.69,4278.0
2023-10-20,4273.85,4276.56,4223.03,4224.16
2023-10-23,4210.4,4255.84,4189.22,4217.04
2023-10-24,4235.79,4259.38,4219.43,4247.68
2023-10-25,4232.42,4232.42,4181.42,4186.77
2023-10-26,4175.99,4183.6,4127.9,4137.23
2023-10-27,4152.93,4156.7,4103.78,4117.37
2023-10-30,4139.39,4177.47,4132.94,4166.82
2023-10-31,4171.33,4195.55,4153.12,4193.8
2023-11-01,4201.27,4245.64,4197.74,4237.86
2023-11-02,4268.26,4319.72,4268.26,4317.78
2023-11-03,4334.23,4373.62,4334.23,4358.34
2023-11-06,4364.27,4372.21,4347.53,4365.98
2023-11-07,4366.21,4386.26,4355.41,4378.38
2023-11-08,4384.37,4391.2,4359.76,4382.78
2023-11-09,4391.41,4393.4,4343.94,4347.35
2023-11-10,4364.15,4418.03,4353.34,4415.24
2023-11-13,4406.66,4421.76,4393.82,4411.55
2023-11-14,4458.97,4508.67,4458.97,4495.7
2023-11-15,4505.3,4521.17,4495.31,4502.88
2023-11-16,4497.08,4511.99,4487.83,4508.24
2023-11-17,4509.55,4520.12,4499.66,4514.02
2023-11-20,4511.7,4557.11,4510.36,4547.38
2023-11-21,4538.77,4542.14,4525.51,4538.19
2023-11-22,4553.04,4568.43,4545.05,4556.62
2023-11-24,4555.84,4560.31,4552.8,4559.34
2023-11-27,4554.86,4560.52,4546.32,4550.43
2023-11-28,4545.55,4568.14,4540.51,4554.89
2023-11-29,4571.84,4587.64,4547.15,4550.58
2023-11-30,4554.87,4569.89,4537.24,4567.8
2023-12-01,4559.43,4599.39,4554.71,4594.63
2023-12-04,4564.37,4572.37,4546.72,4569.78
2023-12-05,4557.25,4578.56,4551.68,4567.18
2023-12-06,4586.23,4590.74,4546.5,4549.34
2023-12-07,4568.84,4590.92,4565.22,4585.59
2023-12-08,4576.2,4609.23,4574.06,4604.37
2023-12-11,4593.39,4623.71,4593.39,4622.44
2023-12-12,4618.3,4643.93,4608.09,4643.7
2023-12-13,4646.2,4709.69,4643.23,4707.09
2023-12-14,4721.04,4738.57,4694.34,4719.55
2023-12-15,4714.23,4725.53,4704.69,4719.19
2023-12-18,4725.58,4749.52,4725.58,4740.56
2023-12-19,4743.72,4768.69,4743.72,4768.37
2023-12-20,4764.73,4778.01,4697.82,4698.35
2023-12-21,4724.29,4748.71,4708.35,4746.75
2023-12-22,4753.92,4772.94,4736.77,4754.63
2023-12-26,4758.86,4784.72,4758.45,4774.75
2023-12-27,4773.45,4785.39,4768.9,4781.58
2023-12-28,4786.44,4793.3,4780.98,4783.35
2023-12-29,4782.88,4788.43,4751.99,4769.83
2024-01-02,4745.2,4754.33,4722.67,4742.83
2024-01-03,4725.07,4729.29,4699.71,4704.81
2024-01-04,4697.42,4726.78,4687.53,4688.68
2024-01-05,4690.57,4721.49,4682.11,4697.24
2024-01-08,4703.7,4764.54,4699.82,4763.54
2024-01-09,4741.93,4765.47,4730.35,4756.5
2024-01-10,4759.94,4790.8,4756.2,4783.45
2024-01-11,4792.13,4798.5,4739.58,4780.24
2024-01-12,4791.18,4802.4,4768.98,4783.83
2024-01-16,4772.35,4782.34,4747.12,4765.98
2024-01-17,4739.13,4744.23,4714.82,4739.21
2024-01-18,4760.1,4785.79,4740.57,4780.94
2024-01-19,4796.28,4842.07,4785.87,4839.81
2024-01-22,4853.42,4868.41,4844.05,4850.43
2024-01-23,4856.8,4866.48,4844.37,4864.6
2024-01-24,4888.56,4903.68,4865.94,4868.55
2024-01-25,4886.66,4898.15,4869.34,4894.16
2024-01-26,4888.91,4906.69,4881.47,4890.97
2024-01-29,4892.95,4929.31,4887.4,4927.93
2024-01-30,4925.89,4931.09,4916.27,4924.97
2024-01-31,4899.19,4906.75,4845.15,4845.65
2024-02-01,4861.11,4906.97,4853.52,4906.19
2024-02-02,4916.06,4975.29,4907.99,4958.61
2024-02-05,4957.19,4957.19,4918.09,4942.81
2024-02-06,4950.16,4957.77,4934.88,4954.23
2024-02-07,4973.05,4999.89,4969.05,4995.06
2024-02-08,4995.16,5000.4,4987.09,4997.91
2024-02-09,5004.17,5030.06,5000.34,5026.61
2024-02-12,5026.83,5048.39,5016.83,5021.84
2024-02-13,4967.94,4971.3,4920.31,4953.17
2024-02-14,4976.44,5002.52,4956.45,5000.62
2024-02-15,5003.14,5032.72,4999.44,5029.73
2024-02-16,5031.13,5038.7,4999.52,5005.57
2024-02-20,4989.32,4993.71,4955.02,4975.51
2024-02-21,4963.03,4983.21,4946.0,4981.8
2024-02-22,5038.83,5094.39,5038.83,5087.03
2024-02-23,5100.92,5111.06,5081.46,5088.8
2024-02-26,5093.0,5097.66,5068.91,5069.53
2024-02-27,5074.6,5080.69,5057.29,5078.18
2024-02-28,5067.2,5077.37,5058.35,5069.76
2024-02-29,5085.36,5104.99,5061.89,5096.27
2024-03-01,5098.51,5140.33,5094.16,5137.08
2024-03-04,5130.99,5149.67,5127.18,5130.95
2024-03-05,5110.52,5114.54,5056.82,5078.65
2024-03-06,5108.03,5127.97,5092.22,5104.76
2024-03-07,5132.38,5165.62,5128.21,5157.36
2024-03-08,5164.46,5189.26,5117.5,5123.69
2024-03-11,5111.96,5124.66,5091.14,5117.94
2024-03-12,5134.3,5179.87,5114.48,5175.27
2024-03-13,5173.49,5179.14,5151.88,5165.31
2024-03-14,5175.14,5176.85,5123.3,5150.48
2024-03-15,5123.31,5136.86,5104.35,5117.09
2024-03-18,5154.77,5175.6,5145.47,5149.42
2024-03-19,5139.09,5180.31,5131.59,5178.51
2024-03-20,5181.69,5226.19,5171.55,5224.62
2024-03-21,5253.43,5261.1,5240.66,5241.53
2024-03-22,5242.48,5246.09,5229.87,5234.18
2024-03-25,5219.52,5229.09,5216.09,5218.19
2024-03-26,5228.85,5235.16,5203.42,5203.58
2024-03-27,5226.31,5249.26,5213.92,5248.49
2024-03-28,5248.03,5264.85,5245.82,5254.35
2024-04-01,5257.97,5263.95,5229.2,5243.77
2024-04-02,5204.29,5208.34,5184.05,5205.81
2024-04-03,5194.37,5228.75,5194.37,5211.49
2024-04-04,5244.05,5256.59,5146.06,5147.21
2024-04-05,5158.95,5222.18,5157.21,5204.34
2024-04-08,5211.37,5219.57,5197.35,5202.39
2024-04-09,5217.03,5224.81,5160.78,5209.91
2024-04-10,5167.88,5178.43,5138.7,5160.64
2024-04-11,5172.95,5211.78,5138.77,5199.06
2024-04-12,5171.51,5175.03,5107.94,5123.41
2024-04-15,5149.67,5168.43,5052.47,5061.82
2024-04-16,5064.59,5079.84,5039.83,5051.41
2024-04-17,5068.97,5077.96,5007.25,5022.21
2024-04-18,5031.52,5056.66,5001.89,5011.12
2024-04-19,5005.44,5019.02,4953.56,4967.23
2024-04-22,4987.33,5038.84,4969.4,5010.6
2024-04-23,5028.85,5076.12,5027.96,5070.55
2024-04-24,5084.86,5089.48,5047.02,5071.63
2024-04-25,5019.88,5057.75,4990.58,5048.42
2024-04-26,5084.65,5114.62,5073.14,5099.96
2024-04-29,5114.13,5123.49,5088.65,5116.17
2024-04-30,5103.78,5110.83,5035.31,5035.69
2024-05-01,5029.03,5096.12,5013.45,5018.39
2024-05-02,5049.32,5073.21,5011.05,5064.2
2024-05-03,5122.78,5139.12,5101.22,5127.79
2024-05-06,5142.42,5181.0,5142.42,5180.74
2024-05-07,5187.2,5200.23,5178.96,5187.7
2024-05-08,5168.98,5191.95,5165.86,5187.67
2024-05-09,5189.03,5215.3,5180.41,5214.08
2024-05-10,5225.49,5239.66,5209.68,5222.68
2024-05-13,5233.08,5237.26,5211.16,5221.42
2024-05-14,5221.1,5250.37,5217.98,5246.68
2024-05-15,5263.26,5311.76,5263.26,5308.15
2024-05-16,5310.07,5325.49,5296.19,5297.1
2024-05-17,5303.1,5305.45,5283.59,5303.27
2024-05-20,5305.35,5325.32,5302.4,5308.13
2024-05-21,5298.69,5324.32,5297.87,5321.41
2024-05-22,5319.28,5323.18,5286.01,5307.01
2024-05-23,5340.26,5341.88,5256.93,5267.84
2024-05-24,5281.45,5311.65,5278.39,5304.72
2024-05-28,5315.91,5315.91,5280.89,5306.04
2024-05-29,5278.73,5282.27,5262.7,5266.95
2024-05-30,5259.77,5260.21,5222.1,5235.48
2024-05-31,5243.21,5280.33,5191.68,5277.51
2024-06-03,5297.15,5302.11,5234.32,5283.4
2024-06-04,5278.24,5298.8,5257.63,5291.34
2024-06-05,5314.48,5354.16,5297.64,5354.03
2024-06-06,5357.8,5362.35,5335.36,5352.96
2024-06-07,5343.81,5375.08,5331.33,5346.99
2024-06-10,5341.22,5365.79,5331.52,5360.79
2024-06-11,5353.0,5375.95,5327.25,5375.32
2024-06-12,5409.13,5447.25,5409.13,5421.03
2024-06-13,5441.93,5441.93,5402.51,5433.74
2024-06-14,5424.08,5432.39,5403.75,5431.6
2024-06-17,5431.11,5488.5,5420.4,5473.23
2024-06-18,5476.15,5490.38,5471.32,5487.03
2024-06-20,5499.99,5505.53,5455.56,5473.17
2024-06-21,5466.77,5478.31,5452.03,5464.62
2024-06-24,5459.58,5490.66,5447.59,5447.87
2024-06-25,5460.73,5472.88,5446.56,5469.3
2024-06-26,5460.71,5483.14,5451.87,5477.9
2024-06-27,5473.59,5490.81,5467.54,5482.87
2024-06-28,5488.48,5523.64,5451.12,5460.48
2024-07-01,5471.08,5479.55,5446.53,5475.09
2024-07-02,5461.84,5509.69,5458.43,5509.01
2024-07-03,5507.44,5539.27,5507.42,5537.02
2024-07-05,5537.91,5570.33,5531.63,5567.19
2024-07-08,5572.75,5583.11,5562.51,5572.85
2024-07-09,5584.24,5590.75,5574.57,5576.98
2024-07-10,5591.26,5635.39,5586.44,5633.91
2024-07-11,5635.21,5642.45,5576.53,5584.54
2024-07-12,5590.76,5655.56,5590.44,5615.35
2024-07-15,5638.16,5666.94,5614.75,5631.22
2024-07-16,5644.09,5669.67,5639.02,5667.2
2024-07-17,5610.07,5622.49,5584.81,5588.27
2024-07-18,5608.56,5614.05,5522.81,5544.59
2024-07-19,5543.37,5557.5,5497.04,5505.0
2024-07-22,5544.54,5570.36,5529.04,5564.41
2024-07-23,5565.3,5585.34,5550.9,5555.74
2024-07-24,5505.84,5508.04,5419.98,5427.13
2024-07-25,5428.7,5491.59,5390.95,5399.22
2024-07-26,5433.67,5488.32,5430.7,5459.1
2024-07-29,5476.55,5487.74,5444.44,5463.54
2024-07-30,5478.73,5489.46,5401.7,5436.44
2024-07-31,5505.59,5551.51,5493.75,5522.3
2024-08-01,5537.84,5566.16,5410.42,5446.68
2024-08-02,5376.63,5383.89,5302.03,5346.56
2024-08-05,5151.14,5250.89,5119.26,5186.33
2024-08-06,5206.42,5312.34,5193.56,5240.03
2024-08-07,5293.13,5330.64,5195.54,5199.5
2024-08-08,5252.57,5328.03,5233.85,5319.31
2024-08-09,5314.66,5358.67,5300.84,5344.16
2024-08-12,5351.88,5371.2,5324.37,5344.39
2024-08-13,5376.98,5436.5,5376.98,5434.43
2024-08-14,5442.36,5463.22,5415.91,5455.21
2024-08-15,5501.13,5546.23,5501.13,5543.22
2024-08-16,5530.5,5561.98,5525.17,5554.25
2024-08-19,5557.23,5608.3,5550.74,5608.25
2024-08-20,5602.88,5620.51,5585.5,5597.12
2024-08-21,5603.09,5632.68,5591.57,5620.85
2024-08-22,5637.77,5643.22,5560.95,5570.64
2024-08-23,5602.49,5641.82,5585.16,5634.61
2024-08-26,5639.66,5651.62,5602.34,5616.84
2024-08-27,5602.89,5631.18,5593.48,5625.8
2024-08-28,5624.51,5627.03,5560.95,5592.18
2024-08-29,5607.3,5646.95,5583.71,5591.96
2024-08-30,5612.74,5651.37,5581.79,5648.4
2024-09-03,5623.89,5623.89,5504.33,5528.93
2024-09-04,5506.68,5552.99,5503.66,5520.07
2024-09-05,5520.08,5546.3,5480.54,5503.41
2024-09-06,5507.33,5522.47,5402.62,5408.42
2024-09-09,5442.07,5484.2,5434.49,5471.05
2024-09-10,5490.51,5497.91,5441.72,5495.52
2024-09-11,5496.42,5560.41,5406.96,5554.13
2024-09-12,5557.48,5600.71,5535.5,5595.76
2024-09-13,5603.34,5636.27,5601.65,5626.02
2024-09-16,5615.21,5636.05,5604.53,5633.09
2024-09-17,5655.51,5670.81,5614.05,5634.58
2024-09-18,5641.68,5689.75,5615.08,5618.26
2024-09-19,5702.63,5733.57,5686.42,5713.64
2024-09-20,5709.64,5715.14,5674.49,5702.55
2024-09-23,5711.9,5725.36,5704.22,5718.57
2024-09-24,5727.66,5735.32,5698.99,5732.93
2024-09-25,5733.65,5741.03,5712.06,5722.26
2024-09-26,5762.22,5767.37,5721.01,5745.37
2024-09-27,5755.36,5763.78,5727.34,5738.17
2024-09-30,5726.52,5765.14,5703.53,5762.48
2024-10-01,5757.73,5757.73,5681.28,5708.75
2024-10-02,5698.14,5719.63,5674.0,5709.54
2024-10-03,5698.19,5718.78,5677.37,5699.94
2024-10-04,5737.48,5753.21,5702.83,5751.07
2024-10-07,5737.8,5739.34,5686.85,5695.94
2024-10-08,5719.14,5757.6,5714.56,5751.13
2024-10-09,5751.8,5796.8,5745.02,5792.04
2024-10-10,5778.36,5795.03,5764.76,5780.05
2024-10-11,5775.09,5822.13,5775.09,5815.03
2024-10-14,5829.81,5871.41,5829.57,5859.85
2024-10-15,5866.74,5870.36,5804.48,5815.26
2024-10-16,5816.58,5846.52,5808.34,5842.47
2024-10-17,5875.62,5878.46,5840.25,5841.47
2024-10-18,5859.43,5872.17,5846.11,5864.67
2024-10-21,5857.82,5866.92,5824.79,5853.98
2024-10-22,5832.7,5863.04,5821.17,5851.2
2024-10-23,5834.5,5834.85,5762.41,5797.42
2024-10-24,5817.8,5817.8,5784.92,5809.86
2024-10-25,5826.75,5862.82,5799.98,5808.12
2024-10-28,5833.93,5842.92,5823.08,5823.52
2024-10-29,5819.68,5847.19,5802.17,5832.92
2024-10-30,5832.65,5850.94,5811.28,5813.67
2024-10-31,5775.34,5775.34,5702.86,5705.45
2024-11-01,5723.22,5772.52,5723.22,5728.8
2024-11-04,5725.15,5741.43,5696.51,5712.69
2024-11-05,5722.43,5783.44,5722.1,5782.76
2024-11-06,5864.89,5936.14,5864.89,5929.04
2024-11-07,5947.21,5983.84,5947.21,5973.1
2024-11-08,5976.76,6012.45,5976.76,5995.54
2024-11-11,6008.86,6017.31,5986.69,6001.35
2024-11-12,6003.6,6009.92,5960.08,5983.99
2024-11-13,5985.75,6008.19,5965.91,5985.38
2024-11-14,5989.68,5993.88,5942.28,5949.17
2024-11-15,5912.79,5915.32,5853.01,5870.62
2024-11-18,5874.17,5908.12,5865.95,5893.62
2024-11-19,5870.05,5923.51,5855.29,5916.98
2024-11-20,5914.34,5920.67,5860.56,5917.11
2024-11-21,5940.58,5963.32,5887.26,5948.71
2024-11-22,5944.36,5972.9,5944.36,5969.34
2024-11-25,5992.28,6020.75,5963.91,5987.37
2024-11-26,6000.03,6025.42,5992.27,6021.63
2024-11-27,6014.11,6020.16,5984.87,5998.74
2024-11-29,6003.98,6044.17,6003.98,6032.38
2024-12-02,6040.11,6053.58,6035.33,6047.15
2024-12-03,6042.97,6052.07,6033.39,6049.88
2024-12-04,6069.39,6089.84,6061.06,6086.49
2024-12-05,6089.03,6094.55,6072.9,6075.11
2024-12-06,6081.38,6099.97,6079.98,6090.27
2024-12-09,6083.01,6088.51,6048.63,6052.85
2024-12-10,6057.59,6065.4,6029.89,6034.91
2024-12-11,6060.15,6092.59,6060.15,6084.19
2024-12-12,6074.29,6079.68,6051.25,6051.25
2024-12-13,6068.17,6078.58,6035.77,6051.09
2024-12-16,6063.79,6085.19,6059.14,6074.08
2024-12-17,6052.55,6057.68,6035.19,6050.61
2024-12-18,6047.65,6070.67,5867.79,5872.16
2024-12-19,5912.71,5935.52,5866.07,5867.08
2024-12-20,5842.0,5982.06,5832.3,5930.85
2024-12-23,5940.25,5978.25,5902.57,5974.07
2024-12-24,5984.63,6040.1,5981.44,6040.04
2024-12-26,6024.97,6049.75,6007.37,6037.59
2024-12-27,6006.17,6006.17,5932.95,5970.84
2024-12-30,5920.67,5940.79,5869.16,5906.94
2024-12-31,5919.74,5929.74,5868.86,5881.63
2025-01-02,5903.26,5935.09,5829.53,5868.55
2025-01-03,5891.07,5949.34,5888.66,5942.47
2025-01-06,5982.81,6021.04,5960.01,5975.38
2025-01-07,5993.26,6000.68,5890.68,5909.03
2025-01-08,5910.66,5927.89,5874.78,5918.25
2025-01-10,5890.35,5890.35,5807.78,5827.04
2025-01-13,5782.02,5838.61,5773.31,5836.22
2025-01-14,5859.27,5871.92,5805.42,5842.91
2025-01-15,5905.21,5960.61,5905.21,5949.91
2025-01-16,5963.61,5964.69,5930.72,5937.34
2025-01-17,5995.4,6014.96,5978.44,5996.66
2025-01-21,6014.12,6051.51,6006.88,6049.24
2025-01-22,6081.39,6100.81,6076.13,6086.37
2025-01-23,6076.32,6118.73,6074.67,6118.71
2025-01-24,6121.43,6128.18,6088.74,6101.24
2025-01-27,5969.04,6017.17,5962.92,6012.28
2025-01-28,6026.97,6074.54,5994.63,6067.7
2025-01-29,6057.7,6062.83,6012.96,6039.31
2025-01-30,6050.75,6086.64,6027.46,6071.17
2025-01-31,6096.79,6120.91,6030.93,6040.53
2025-02-03,5969.65,6022.13,5923.93,5994.57
2025-02-04,5998.14,6042.48,5990.87,6037.88
2025-02-05,6020.45,6062.86,6007.06,6061.48
2025-02-06,6072.22,6084.03,6046.83,6083.57
2025-02-07,6083.13,6101.28,6019.96,6025.99
2025-02-10,6046.4,6073.38,6044.84,6066.44
2025-02-11,6049.32,6076.28,6042.34,6068.5
2025-02-12,6025.08,6063.0,6003.0,6051.97
2025-02-13,6060.59,6116.91,6050.95,6115.07
2025-02-14,6115.52,6127.47,6107.62,6114.63
2025-02-18,6121.6,6129.63,6099.51,6129.58
2025-02-19,6117.76,6147.43,6111.15,6144.15
2025-02-20,6134.5,6134.5,6084.59,6117.52
2025-02-21,6114.1,6114.82,6008.56,6013.13
2025-02-24,6026.69,6043.65,5977.83,5983.25
2025-02-25,5982.73,5992.65,5908.49,5955.25
2025-02-26,5970.87,6009.82,5932.69,5956.06
2025-02-27,5981.88,5993.69,5858.78,5861.57
2025-02-28,5856.74,5959.4,5837.66,5954.5
2025-03-03,5968.33,5986.09,5810.91,5849.72
2025-03-04,5811.98,5865.08,5732.59,5778.15
2025-03-05,5781.36,5860.59,5742.35,5842.63
2025-03-06,5785.87,5812.08,5711.64,5738.52
2025-03-07,5726.01,5783.01,5666.29,5770.2
2025-03-10,5705.37,5705.37,5564.02,5614.56
2025-03-11,5603.65,5636.3,5528.41,5572.07
2025-03-12,5624.84,5642.19,5546.09,5599.3
2025-03-13,5594.45,5597.78,5504.65,5521.52
2025-03-14,5563.85,5645.27,5563.85,5638.94
2025-03-17,5635.6,5703.52,5631.12,5675.12
2025-03-18,5654.53,5654.53,5597.76,5614.66
2025-03-19,5632.37,5715.33,5622.2,5675.29
2025-03-20,5646.92,5711.15,5632.33,5662.89
2025-03-21,5630.73,5670.84,5603.1,5667.56
2025-03-24,5718.08,5775.14,5718.08,5767.57
2025-03-25,5775.96,5786.95,5760.42,5776.65
2025-03-26,5771.66,5783.62,5694.41,5712.2
2025-03-27,5695.64,5732.28,5670.94,5693.31
2025-03-28,5679.2,5685.89,5572.42,5580.94
2025-03-31,5527.91,5627.56,5488.73,5611.85
2025-04-01,5597.53,5650.57,5558.52,5633.07
2025-04-02,5580.76,5695.31,5571.48,5670.97
2025-04-03,5492.74,5499.53,5390.83,5396.52
2025-04-04,5292.14,5292.14,5069.9,5074.08
2025-04-07,4953.79,5246.57,4835.04,5062.25
2025-04-08,5193.57,5267.47,4910.42,4982.77
2025-04-09,4965.28,5481.34,4948.43,5456.9
2025-04-10,5353.15,5353.15,5115.27,5268.05
2025-04-11,5255.56,5381.46,5220.77,5363.36
2025-04-14,5441.96,5459.46,5358.02,5405.97
2025-04-15,5411.99,5450.41,5386.44,5396.63
2025-04-16,5335.75,5367.24,5220.79,5275.7
2025-04-17,5305.45,5328.31,5255.58,5282.7
2025-04-21,5232.94,5232.94,5101.63,5158.2
2025-04-22,5207.67,5309.61,5207.67,5287.76
2025-04-23,5395.92,5469.69,5356.17,5375.86
2025-04-24,5381.38,5489.4,5371.96,5484.77
2025-04-25,5489.73,5528.11,5455.86,5525.21
2025-04-28,5529.22,5553.66,5468.64,5528.75
2025-04-29,5508.87,5571.95,5505.7,5560.83
2025-04-30,5499.44,5581.84,5433.24,5569.06
2025-05-01,5625.14,5658.91,5597.35,5604.14
2025-05-02,5645.88,5700.7,5642.28,5686.67
2025-05-05,5655.32,5683.38,5634.48,5650.38
2025-05-06,5605.87,5649.58,5586.04,5606.91
2025-05-07,5614.18,5654.73,5578.64,5631.28
2025-05-08,5663.6,5720.1,5635.38,5663.94
2025-05-09,5679.65,5691.69,5644.15,5659.91
2025-05-12,5807.2,5845.37,5786.08,5844.19
2025-05-13,5854.15,5906.64,5845.02,5886.55
2025-05-14,5896.74,5906.55,5872.11,5892.58
2025-05-15,5869.82,5924.21,5865.16,5916.93
2025-05-16,5929.09,5958.62,5907.36,5958.38
2025-05-19,5902.88,5968.61,5895.69,5963.6
2025-05-20,5944.66,5953.06,5909.26,5940.46
2025-05-21,5910.18,5938.37,5830.91,5844.61
2025-05-22,5841.26,5878.08,5825.82,5842.01
2025-05-23,5781.89,5829.51,5767.41,5802.82
2025-05-27,5854.07,5924.33,5854.07,5921.54
2025-05-28,5925.54,5939.92,5881.88,5888.55
2025-05-29,5939.96,5943.13,5873.8,5912.17
2025-05-30,5903.67,5922.14,5843.66,5911.69
2025-06-02,5896.68,5937.4,5861.43,5935.94
2025-06-03,5938.56,5981.35,5929.0,5970.37
2025-06-04,5978.94,5990.48,5966.11,5970.81
2025-06-05,5985.67,5999.7,5921.2,5939.3
2025-06-06,5987.06,6016.87,5978.63,6000.36
2025-06-09,6004.63,6021.31,5994.18,6005.88
2025-06-10,6009.91,6043.01,6000.28,6038.81
2025-06-11,6049.38,6059.4,6002.32,6022.24
2025-06-12,6009.9,6045.43,6003.88,6045.26
2025-06-13,6000.56,6026.16,5963.21,5976.97
2025-06-16,6004.0,6050.83,6004.0,6033.11
2025-06-17,6012.15,6023.25,5974.8,5982.72
2025-06-18,5987.93,6018.25,5971.89,5980.87
2025-06-20,5999.67,6018.2,5952.56,5967.84
2025-06-23,5969.67,6028.77,5943.23,6025.17
2025-06-24,6061.21,6101.76,6059.25,6092.18
2025-06-25,6104.23,6108.51,6080.09,6092.16
2025-06-26,6112.09,6146.52,6107.27,6141.02
2025-06-27,6150.7,6187.68,6132.35,6173.07
2025-06-30,6193.36,6215.08,6174.97,6204.95
2025-07-01,6187.25,6210.78,6177.97,6198.01
2025-07-02,6193.88,6227.6,6188.29,6227.42
2025-07-03,6246.46,6284.65,6246.46,6279.35
2025-07-07,6259.04,6262.07,6201.0,6229.98
2025-07-08,6234.03,6242.7,6217.75,6225.52
2025-07-09,6243.33,6269.16,6231.43,6263.26
2025-07-10,6266.8,6290.22,6251.44,6280.46
2025-07-11,6255.68,6269.44,6237.6,6259.75
2025-07-14,6255.15,6273.31,6239.22,6268.56
2025-07-15,6295.29,6302.04,6241.68,6243.76
2025-07-16,6254.5,6268.12,6201.59,6263.7
2025-07-17,6263.4,6304.69,6262.27,6297.36
2025-07-18,6312.95,6315.61,6285.27,6296.79
2025-07-21,6304.74,6336.08,6303.79,6305.6
2025-07-22,6306.6,6316.12,6281.71,6309.62
2025-07-23,6326.9,6360.64,6317.49,6358.91
2025-07-24,6368.6,6381.31,6360.57,6363.35
2025-07-25,6370.01,6395.82,6368.53,6388.64
2025-07-28,6397.69,6401.07,6375.79,6389.77
2025-07-29,6405.62,6409.26,6363.92,6370.86
2025-07-30,6381.23,6396.54,6336.38,6362.9
2025-07-31,6427.02,6427.02,6327.64,6339.39
2025-08-01,6287.28,6287.28,6212.69,6238.01
2025-08-04,6271.71,6330.69,6271.71,6329.94
2025-08-05,6336.63,6346.0,6289.37,6299.19
2025-08-06,6309.3,6352.83,6301.11,6345.06
2025-08-07,6374.32,6389.71,6310.32,6340.0
2025-08-08,6355.22,6395.16,6355.22,6389.45
2025-08-11,6389.67,6407.25,6364.06,6373.45
2025-08-12,6395.17,6446.55,6385.76,6445.76
2025-08-13,6462.67,6480.28,6445.02,6466.58
2025-08-14,6453.46,6473.92,6441.07,6468.54
2025-08-15,6477.38,6481.34,6441.85,6449.8
2025-08-18,6445.02,6455.35,6437.7,6449.15
2025-08-19,6446.24,6456.48,6400.22,6411.37
2025-08-20,6406.62,6408.4,6343.86,6395.78
2025-08-21,6380.83,6393.65,6352.71,6370.17
2025-08-22,6384.59,6478.89,6384.59,6466.91
2025-08-25,6457.67,6466.89,6438.06,6439.32
2025-08-26,6435.49,6468.37,6429.21,6465.94
2025-08-27,6462.26,6487.06,6457.84,6481.4
2025-08-28,6483.84,6508.23,6466.96,6501.86
2025-08-29,6489.28,6491.76,6444.57,6460.26
2025-09-02,6401.51,6416.54,6360.58,6415.54
2025-09-03,6445.82,6453.67,6416.17,6448.26
2025-09-04,6456.6,6502.54,6445.98,6502.08
2025-09-05,6529.08,6532.65,6443.98,6481.5
2025-09-08,6498.09,6508.67,6483.29,6495.15
2025-09-09,6503.33,6518.23,6483.08,6512.61
2025-09-10,6550.29,6555.97,6516.34,6532.04
2025-09-11,6554.41,6592.89,6545.8,6587.47
2025-09-12,6590.66,6600.21,6579.49,6584.29
2025-09-15,6603.49,6619.62,6602.07,6615.28
2025-09-16,6624.13,6626.99,6600.11,6606.76
2025-09-17,6604.87,6624.39,6551.15,6600.35
2025-09-18,6626.85,6656.8,6611.89,6631.96
2025-09-19,6647.11,6671.82,6630.31,6664.36
2025-09-22,6654.28,6698.88,6648.07,6693.75
2025-09-23,6692.44,6699.52,6645.58,6656.92
2025-09-24,6669.79,6672.66,6621.76,6637.97
2025-09-25,6608.19,6619.0,6569.22,6604.72
2025-09-26,6615.38,6648.97,6604.43,6643.7
2025-09-29,6661.58,6677.31,6644.49,6661.21
2025-09-30,6656.19,6691.25,6641.0,6688.46
2025-10-01,6664.92,6718.48,6656.2,6711.2
2025-10-02,6731.31,6731.94,6693.23,6715.35
2025-10-03,6722.14,6750.87,6705.67,6715.79
2025-10-06,6733.86,6749.52,6717.78,6740.28
2025-10-07,6746.14,6754.49,6699.96,6714.59
2025-10-08,6723.87,6755.64,6718.09,6753.72
2025-10-09,6760.5,6764.58,6716.17,6735.11
2025-10-10,6740.49,6762.4,6550.78,6552.51
2025-10-13,6622.53,6668.68,6620.71,6654.72
2025-10-14,6602.49,6680.7,6555.07,6644.31
2025-10-15,6688.27,6724.12,6612.11,6671.06
2025-10-16,6689.02,6709.34,6593.99,6629.07
2025-10-17,6613.27,6678.88,6603.76,6664.01
2025-10-20,6690.05,6744.35,6690.05,6735.13
2025-10-21,6736.75,6752.16,6722.03,6735.35
2025-10-22,6741.34,6741.75,6655.69,6699.4
2025-10-23,6703.65,6749.53,6700.14,6738.44
2025-10-24,6772.07,6807.11,6772.07,6791.69
2025-10-27,6845.46,6877.28,6843.94,6875.16
2025-10-28,6897.74,6911.3,6870.73,6890.89
2025-10-29,6910.95,6920.34,6851.91,6890.59
2025-10-30,6860.5,6880.75,6820.69,6822.34
2025-10-31,6879.17,6879.17,6814.26,6840.2
2025-11-03,6882.32,6882.32,6820.62,6851.97
2025-11-04,6788.52,6820.21,6766.71,6771.55
2025-11-05,6769.77,6829.78,6763.11,6796.29
2025-11-06,6787.59,6796.68,6707.51,6720.32
2025-11-07,6696.18,6730.11,6631.44,6728.8
2025-11-10,6785.36,6841.32,6770.56,6832.43
2025-11-11,6815.64,6855.13,6806.87,6846.61
2025-11-12,6867.77,6869.91,6829.62,6850.92
2025-11-13,6826.47,6828.05,6724.72,6737.49
2025-11-14,6672.14,6774.31,6646.87,6734.11
2025-11-17,6713.61,6754.5,6638.9,6672.41
2025-11-18,6641.19,6666.63,6574.32,6617.32
2025-11-19,6625.84,6689.75,6603.5,6642.16
2025-11-20,6737.93,6770.35,6534.05,6538.76
2025-11-21,6555.77,6660.05,6521.92,6602.99
2025-11-24,6636.54,6715.75,6630.7,6705.12
2025-11-25,6697.03,6776.4,6659.98,6765.88
2025-11-26,6793.55,6831.44,6783.87,6812.61
2025-11-28,6822.52,6850.86,6819.75,6849.09
2025-12-01,6812.3,6843.65,6799.94,6812.63
2025-12-02,6830.96,6851.55,6806.71,6829.37
2025-12-03,6815.29,6862.42,6810.43,6849.72
2025-12-04,6866.47,6866.47,6827.12,6857.12
2025-12-05,6866.32,6895.78,6858.29,6870.4
2025-12-08,6875.2,6878.27,6827.19,6846.51
2025-12-09,6840.61,6864.92,6837.43,6840.51
2025-12-10,6833.49,6900.67,6824.69,6886.68
2025-12-11,6861.3,6903.46,6833.45,6901.0
2025-12-12,6886.85,6899.85,6801.79,6827.41
2025-12-15,6860.19,6861.59,6801.49,6816.51
2025-12-16,6800.12,6819.27,6759.74,6800.26
2025-12-17,6802.88,6812.26,6720.43,6721.43
2025-12-18,6778.06,6816.13,6758.5,6774.76
2025-12-19,6792.62,6840.02,6792.62,6834.5
2025-12-22,6865.21,6882.03,6855.74,6878.49
2025-12-23,6872.41,6910.88,6868.81,6909.79
2025-12-24,6904.91,6937.32,6904.91,6932.05
2025-12-26,6936.02,6945.77,6921.6,6929.94
2025-12-29,6903.6,6920.21,6888.76,6905.74
2025-12-30,6900.44,6913.25,6893.47,6896.24
2025-12-31,6898.82,6901.42,6844.55,6845.5
2026-01-02,6878.11,6894.87,6824.31,6858.47
2026-01-05,6892.19,6920.38,6891.56,6902.05
2026-01-06,6908.03,6948.69,6904.02,6944.82
2026-01-07,6945.07,6965.69,6919.19,6920.93
2026-01-08,6914.11,6931.28,6899.33,6921.46
2026-01-09,6927.83,6978.36,6917.64,6966.28
2026-01-12,6944.12,6986.33,6934.07,6977.27
2026-01-13,6977.41,6985.83,6938.77,6963.74
2026-01-14,6937.41,6941.3,6885.74,6926.6
2026-01-15,6969.46,6979.34,6937.93,6944.47
2026-01-16,6960.54,6967.3,6925.09,6940.01
2026-01-20,6865.24,6871.17,6789.05,6796.86
2026-01-21,6810.71,6910.39,6804.96,6875.62
2026-01-22,6914.44,6934.75,6893.62,6913.35
2026-01-23,6907.85,6932.96,6895.5,6915.61
2026-01-26,6923.23,6964.66,6921.6,6950.23
2026-01-27,6965.96,6988.82,6958.83,6978.6
2026-01-28,7002.0,7002.28,6963.46,6978.03
2026-01-29,6977.74,6992.84,6870.8,6969.01
2026-01-30,6947.27,6964.09,6893.48,6939.03
2026-02-02,6916.64,6991.92,6914.34,6976.44
2026-02-03,6985.45,6993.08,6862.05,6917.81
2026-02-04,6924.5,6936.09,6838.8,6882.72
2026-02-05,6837.39,6857.85,6780.13,6798.4
2026-02-06,6816.74,6944.89,6816.74,6932.3
2026-02-09,6917.26,6980.1,6905.87,6964.82
2026-02-10,6974.49,6986.83,6937.53,6941.81
2026-02-11,6976.48,6993.48,6911.97,6941.47
2026-02-12,6957.54,6973.22,6824.04,6832.76
2026-02-13,6834.27,6881.96,6794.55,6836.17
2026-02-17,6819.86,6866.99,6775.5,6843.22
2026-02-18,6855.48,6909.12,6849.66,6881.31
2026-02-19,6861.34,6879.12,6833.06,6861.89
2026-02-20,6843.26,6915.86,6836.33,6909.51
2026-02-23,6901.25,6916.96,6819.82,6837.75
2026-02-24,6837.37,6899.17,6815.43,6890.07
2026-02-25,6915.15,6952.51,6915.15,6946.13
2026-02-26,6944.74,6947.25,6859.73,6908.86
2026-02-27,6856.54,6882.96,6831.74,6878.88
2026-03-02,6824.36,6901.01,6796.85,6881.62
2026-03-03,6800.26,6840.05,6710.42,6816.63
2026-03-04,6831.69,6885.94,6811.64,6869.5
2026-03-05,6851.08,6870.43,6770.78,6830.71
2026-03-06,6769.03,6773.42,6711.56,6740.02
2026-03-09,6699.8,6810.44,6636.04,6795.99
2026-03-10,6796.56,6845.08,6759.74,6781.48
2026-03-11,6790.09,6811.15,6745.59,6775.8
2026-03-12,6740.88,6740.88,6670.4,6672.62
2026-03-13,6673.49,6733.3,6623.92,6632.19
2026-03-16,6674.37,6729.79,6674.37,6699.38
2026-03-17,6722.35,6754.3,6710.8,6716.09
2026-03-18,6697.16,6705.18,6621.66,6624.7
2026-03-19,6583.12,6636.74,6557.82,6606.49
2026-03-20,6594.66,6594.66,6473.52,6506.48
2026-03-23,6574.96,6651.62,6565.55,6581.0
2026-03-24,6552.09,6595.75,6525.11,6556.37
2026-03-25,6598.35,6633.94,6568.41,6591.9
2026-03-26,6555.86,6573.22,6473.79,6477.16
2026-03-27,6453.89,6453.89,6356.08,6368.85
2026-03-30,6403.37,6427.31,6316.91,6343.72
2026-03-31,6395.88,6539.05,6395.88,6528.52
2026-04-01,6556.56,6609.67,6554.29,6575.32
2026-04-02,6512.61,6601.91,6474.94,6582.69
2026-04-06,6587.66,6618.13,6579.72,6611.83
2026-04-07,6601.93,6618.26,6534.55,6616.85
2026-04-08,6754.36,6793.5,6740.28,6782.81
2026-04-09,6783.69,6835.31,6761.55,6824.66
2026-04-10,6839.24,6845.77,6808.46,6816.89
2026-04-13,6806.47,6887.0,6790.02,6886.24
2026-04-14,6910.2,6969.42,6905.17,6967.38
2026-04-15,6978.17,7026.24,6967.13,7022.95
2026-04-16,7037.78,7051.23,7008.52,7041.28
2026-04-17,7074.55,7147.52,7074.55,7126.06
2026-04-20,7117.05,7122.65,7084.41,7109.14
2026-04-21,7122.64,7137.27,7050.2,7064.01
2026-04-22,7102.91,7138.64,7102.91,7137.9
2026-04-23,7118.8,7147.78,7046.55,7108.4
2026-04-24,7136.48,7168.59,7112.82,7165.08
2026-04-27,7152.72,7178.74,7146.72,7173.91
2026-04-28,7133.74,7152.52,7115.17,7138.8
2026-04-29,7131.61,7145.63,7107.86,7135.95
2026-04-30,7161.75,7219.83,7126.15,7209.01
2026-05-01,7234.54,7272.52,7229.32,7230.12
2026-05-04,7228.38,7244.54,7174.12,7200.75
2026-05-05,7233.62,7273.26,7233.62,7259.22
2026-05-06,7294.14,7369.22,7294.14,7365.12
2026-05-07,7376.78,7385.02,7321.25,7337.11
2026-05-08,7362.97,7401.5,7362.97,7398.93
2026-05-11,7385.31,7428.97,7384.2,7412.84
2026-05-12,7390.63,7409.57,7338.54,7400.96
2026-05-13,7409.12,7460.04,7375.13,7444.25
2026-05-14,7454.4,7517.12,7454.4,7501.24
2026-05-15,7445.11,7454.85,7397.5,7408.5
2026-05-18,7415.07,7434.06,7353.17,7403.05
2026-05-19,7375.75,7395.32,7333.68,7353.61
2026-05-20,7369.19,7435.69,7357.46,7432.97
2026-05-21,7410.78,7465.96,7389.48,7445.72
2026-05-22,7468.82,7506.32,7463.29,7473.47
2026-05-26,7511.79,7539.09,7501.1,7519.12
2026-05-27,7526.01,7530.72,7499.72,7520.36
2026-05-28,7519.82,7568.72,7508.04,7563.63
2026-05-29,7579.33,7599.38,7563.55,7580.06
2026-06-01,7582.29,7617.66,7562.61,7599.96
2026-06-02,7595.4,7620.9,7582.99,7609.78
2026-06-03,7605.31,7605.35,7551.22,7553.68
2026-06-04,7516.54,7598.19,7516.54,7584.31
2026-06-05,7537.36,7541.81,7368.63,7383.74
2026-06-08,7440.57,7466.81,7395.13,7405.73
2026-06-09,7438.66,7483.15,7237.85,7386.65
2026-06-10,7350.54,7396.56,7265.93,7266.99
2026-06-11,7287.67,7412.68,7257.33,7394.3
2026-06-12,7410.85,7456.4,7363.01,7431.46
2026-06-15,7516.75,7577.92,7516.75,7554.29
2026-06-16,7548.78,7564.96,7508.68,7511.35
2026-06-17,7524.5,7532.17,7402.61,7420.1
2026-06-18,7487.36,7511.07,7468.32,7500.58
2026-06-22,7500.44,7530.01,7460.01,7472.79
2026-06-23,7366.51,7424.17,7347.6,7365.46
2026-06-24,7370.88,7428.06,7336.82,7358.22
2026-06-25,7404.91,7419.08,7323.5,7357.49
2026-06-26,7312.74,7392.95,7294.18,7354.02
2026-06-29,7391.88,7444.32,7348.88,7440.43
2026-06-30,7441.27,7508.29,7438.04,7499.36
2026-07-01,7478.84,7521.81,7449.63,7483.23
2026-07-02,7495.14,7540.75,7427.55,7483.24
2026-07-06,7506.96,7551.31,7500.97,7537.43
2026-07-07,7516.63,7536.06,7478.63,7503.85
2026-07-08,7476.54,7488.51,7421.82,7482.71
2026-07-09,7491.6,7546.89,7481.73,7543.64
2026-07-10,7547.64,7579.93,7508.16,7575.39
2026-07-13,7547.53,7565.37,7506.41,7515.34
2026-07-14,7536.7,7557.44,7513.23,7543.59
2026-07-15,7571.72,7581.5,7526.95,7572.4
2026-07-16,7558.8,7570.74,7504.02,7533.77
2026-07-17,7447.52,7498.47,7431.26,7457.69
2026-07-20,7489.18,7513.23,7440.53,7443.28
2026-07-21,7489.95,7515.31,7467.86,7509.2
2026-07-22,7497.47,7525.94,7485.85,7498.96
2026-07-23,7418.29,7450.12,7376.0,7408.3
2026-07-24,7406.3,7460.98,7396.53,7411.98
2026-07-27,7464.2,7480.57,7382.74,7413.18
2026-07-28,7395.55,7452.09,7382.95,7428.78
2026-07-29,7418.16,7450.84,7313.92,7316.15
2026-07-30,7390.45,7448.75,7370.98,7437.63
2026-07-31,7462.13,7512.04,7399.83,7489.72
2026-08-03,7504.78,7610.04,7504.78,7600.5
2026-08-04,7630.62,7758.21,7629.1,7736.52
2026-08-05,7771.62,7793.68,7720.17,7723.55
2026-08-06,7713.79,7742.85,7698.15,7709.96
2026-08-07,7735.18,7763.08,7719.19,7757.64
2026-08-10,7751.74,7773.76,7743.11,7753.11
2026-08-11,7767.51,7767.51,7717.25,7728.2
