date,adj
2012-06-01,100.0061264038086
2012-06-04,99.95932006835938
2012-06-05,100.71624755859375
2012-06-06,102.97918701171875
2012-06-07,103.04158782958984
2012-06-08,103.86094665527344
2012-06-11,102.54219055175781
2012-06-12,103.720458984375
2012-06-13,103.05719757080078
2012-06-14,104.14964294433594
2012-06-15,105.21482849121094
2012-06-18,105.41874694824219
2012-06-19,106.43840789794922
2012-06-20,106.265869140625
2012-06-21,103.88140106201172
2012-06-22,104.68147277832031
2012-06-25,103.0029067993164
2012-06-26,103.52058410644531
2012-06-27,104.4539794921875
2012-06-28,104.15592193603516
2012-06-29,106.75218200683594
2012-07-02,107.07372283935547
2012-07-03,107.77971649169922
2012-07-05,107.29334259033203
2012-07-06,106.2737045288086
2012-07-09,106.140380859375
2012-07-10,105.21482849121094
2012-07-11,105.23052978515625
2012-07-12,104.72065734863281
2012-07-13,106.47765350341797
2012-07-16,106.22663116455078
2012-07-17,106.95610046386719
2012-07-18,107.74832153320312
2012-07-19,108.03069305419922
2012-07-20,107.04236602783203
2012-07-23,105.95995330810547
2012-07-24,105.05008697509766
2012-07-25,105.07365417480469
2012-07-26,106.80706787109375
2012-07-27,108.77584838867188
2012-07-30,108.77584838867188
2012-07-31,108.01496887207031
2012-08-01,107.92089080810547
2012-08-02,107.17570495605469
2012-08-03,109.30137634277344
2012-08-06,109.5131607055664
2012-08-07,110.06219482421875
2012-08-08,110.19550323486328
2012-08-09,110.2896728515625
2012-08-10,110.47005462646484
2012-08-13,110.41516876220703
2012-08-14,110.43086242675781
2012-08-15,110.55636596679688
2012-08-16,111.37208557128906
2012-08-17,111.5210952758789
2012-08-20,111.52899169921875
2012-08-21,111.19171142578125
2012-08-22,111.23875427246094
2012-08-23,110.328857421875
2012-08-24,110.99555206298828
2012-08-27,111.01912689208984
2012-08-28,110.90929412841797
2012-08-29,110.99555206298828
2012-08-30,110.19550323486328
2012-08-31,110.7210922241211
2012-09-04,110.61907958984375
2012-09-05,110.52496337890625
2012-09-06,112.76828002929688
2012-09-07,113.20747375488281
2012-09-10,112.56428527832031
2012-09-11,112.8780288696289
2012-09-12,113.2545394897461
2012-09-13,114.98015594482422
2012-09-14,115.49002075195312
2012-09-17,115.09778594970703
2012-09-18,115.00369262695312
2012-09-19,115.06642150878906
2012-09-20,115.07428741455078
2012-09-21,115.02616882324219
2012-09-24,114.85269927978516
2012-09-25,113.63050842285156
2012-09-26,112.99171447753906
2012-09-27,114.05625915527344
2012-09-28,113.52792358398438
2012-10-01,113.82758331298828
2012-10-02,113.94588470458984
2012-10-03,114.4111099243164
2012-10-04,115.2312240600586
2012-10-05,115.23909759521484
2012-10-08,114.84481811523438
2012-10-09,113.70934295654297
2012-10-10,112.98385620117188
2012-10-11,113.04695129394531
2012-10-12,112.67630767822266
2012-10-15,113.61469268798828
2012-10-16,114.7659683227539
2012-10-17,115.28639221191406
2012-10-18,114.98678588867188
2012-10-19,113.0705337524414
2012-10-22,113.08639526367188
2012-10-23,111.51713562011719
2012-10-24,111.20173645019531
2012-10-25,111.52501678466797
2012-10-26,111.46195220947266
2012-10-31,111.46195220947266
2012-11-01,112.6290054321289
2012-11-02,111.62751007080078
2012-11-05,111.85623931884766
2012-11-06,112.73149871826172
2012-11-07,110.1766128540039
2012-11-08,108.85182189941406
2012-11-09,108.94644165039062
2012-11-12,109.03316497802734
2012-11-13,108.65472412109375
2012-11-14,107.18798828125
2012-11-15,107.00660705566406
2012-11-16,107.53492736816406
2012-11-19,109.71136474609375
2012-11-20,109.75865173339844
2012-11-21,109.96368408203125
2012-11-23,111.46195220947266
2012-11-26,111.2253646850586
2012-11-27,110.65758514404297
2012-11-28,111.54867553710938
2012-11-29,112.06913757324219
2012-11-30,112.0927734375
2012-12-03,111.54083251953125
2012-12-04,111.38307189941406
2012-12-05,111.5802230834961
2012-12-06,111.95868682861328
2012-12-07,112.29780578613281
2012-12-10,112.34512329101562
2012-12-11,113.11002349853516
2012-12-12,113.16519165039062
2012-12-13,112.47129821777344
2012-12-14,112.0533447265625
2012-12-17,113.3702392578125
2012-12-18,114.63191223144531
2012-12-19,113.7802734375
2012-12-20,114.43479919433594
2012-12-21,113.39598846435547
2012-12-24,113.04663848876953
2012-12-26,112.5700912475586
2012-12-27,112.41921997070312
2012-12-28,111.20419311523438
2012-12-31,113.09427642822266
2013-01-02,115.99287414550781
2013-01-03,115.73085021972656
2013-01-04,116.23908996582031
2013-01-07,115.92142486572266
2013-01-08,115.587890625
2013-01-09,115.8817138671875
2013-01-10,116.80290222167969
2013-01-11,116.79500579833984
2013-01-14,116.7155990600586
2013-01-15,116.79500579833984
2013-01-16,116.77909851074219
2013-01-17,117.53350830078125
2013-01-18,117.79559326171875
2013-01-22,118.43091583251953
2013-01-23,118.62149810791016
2013-01-24,118.6532974243164
2013-01-25,119.32037353515625
2013-01-28,119.17741394042969
2013-01-29,119.64598083496094
2013-01-30,119.17741394042969
2013-01-31,118.88359069824219
2013-02-01,120.10653686523438
2013-02-04,118.75658416748047
2013-02-05,119.95571899414062
2013-02-06,120.04305267333984
2013-02-07,119.88420867919922
2013-02-08,120.55126190185547
2013-02-11,120.52748107910156
2013-02-12,120.72599029541016
2013-02-13,120.8292465209961
2013-02-14,120.94038391113281
2013-02-15,120.7974853515625
2013-02-19,121.70281219482422
2013-02-20,120.18595886230469
2013-02-21,119.45540618896484
2013-02-22,120.62275695800781
2013-02-25,118.32766723632812
2013-02-26,119.13768005371094
2013-02-27,120.63863372802734
2013-02-28,120.400390625
2013-03-01,120.7974853515625
2013-03-04,121.44072723388672
2013-03-05,122.52867889404297
2013-03-06,122.69551086425781
2013-03-07,122.9178237915039
2013-03-08,123.44202423095703
2013-03-11,123.91047668457031
2013-03-12,123.6325454711914
2013-03-13,123.80726623535156
2013-03-14,124.4664535522461
2013-03-15,124.3021011352539
2013-03-18,123.61609649658203
2013-03-19,123.32891845703125
2013-03-20,124.19042205810547
2013-03-21,123.12954711914062
2013-03-22,124.11859893798828
2013-03-25,123.60015106201172
2013-03-26,124.5892562866211
2013-03-27,124.5892562866211
2013-03-28,124.97215270996094
2013-04-01,124.47761535644531
2013-04-02,125.09181213378906
2013-04-03,123.82351684570312
2013-04-04,124.3260269165039
2013-04-05,123.76766204833984
2013-04-08,124.6052017211914
2013-04-09,125.03594207763672
2013-04-10,126.56747436523438
2013-04-11,126.98230743408203
2013-04-12,126.67124938964844
2013-04-15,123.7357406616211
2013-04-16,125.56244659423828
2013-04-17,123.72779846191406
2013-04-18,122.9540023803711
2013-04-19,124.02293395996094
2013-04-22,124.5732650756836
2013-04-23,125.8575668334961
2013-04-24,125.93732452392578
2013-04-25,126.44786071777344
2013-04-26,126.22449493408203
2013-04-29,127.07007598876953
2013-04-30,127.3731918334961
2013-05-01,126.25639343261719
2013-05-02,127.42899322509766
2013-05-03,128.7212371826172
2013-05-06,129.0482177734375
2013-05-07,129.70236206054688
2013-05-08,130.29263305664062
2013-05-09,129.92576599121094
2013-05-10,130.34848022460938
2013-05-13,130.45223999023438
2013-05-14,131.80029296875
2013-05-15,132.51019287109375
2013-05-16,131.88807678222656
2013-05-17,133.164306640625
2013-05-20,133.15628051757812
2013-05-21,133.3477325439453
2013-05-22,132.35861206054688
2013-05-23,131.97576904296875
2013-05-24,131.86407470703125
2013-05-28,132.6537628173828
2013-05-29,131.7923126220703
2013-05-30,132.2788543701172
2013-05-31,130.38040161132812
2013-06-03,131.09832763671875
2013-06-04,130.46815490722656
2013-06-05,128.64141845703125
2013-06-06,129.80606079101562
2013-06-07,131.457275390625
2013-06-10,131.457275390625
2013-06-11,130.10122680664062
2013-06-12,129.0243682861328
2013-06-13,130.98667907714844
2013-06-14,130.1650390625
2013-06-17,131.17010498046875
2013-06-18,132.20706176757812
2013-06-19,130.38040161132812
2013-06-20,127.1498031616211
2013-06-21,127.5580062866211
2013-06-24,125.9461898803711
2013-06-25,127.15702056884766
2013-06-26,128.41595458984375
2013-06-27,129.16978454589844
2013-06-28,128.6405487060547
2013-07-01,129.39434814453125
2013-07-02,129.27406311035156
2013-07-03,129.33016967773438
2013-07-05,130.72544860839844
2013-07-08,131.47125244140625
2013-07-09,132.41744995117188
2013-07-10,132.46566772460938
2013-07-11,134.26988220214844
2013-07-12,134.32595825195312
2013-07-15,134.83924865722656
2013-07-16,134.33404541015625
2013-07-17,134.67881774902344
2013-07-18,135.4165496826172
2013-07-19,135.6571502685547
2013-07-22,135.9217987060547
2013-07-23,135.63311767578125
2013-07-24,135.13592529296875
2013-07-25,135.4647216796875
2013-07-26,135.60897827148438
2013-07-29,135.19203186035156
2013-07-30,135.19203186035156
2013-07-31,135.2882843017578
2013-08-01,136.8519744873047
2013-08-02,137.08453369140625
2013-08-05,136.884033203125
2013-08-06,136.10623168945312
2013-08-07,135.6652069091797
2013-08-08,136.162353515625
2013-08-09,135.7694091796875
2013-08-12,135.60897827148438
2013-08-13,136.00994873046875
2013-08-14,135.3123779296875
2013-08-15,133.4198760986328
2013-08-16,132.97879028320312
2013-08-19,132.12876892089844
2013-08-20,132.77833557128906
2013-08-21,131.9603729248047
2013-08-22,133.1632080078125
2013-08-23,133.61228942871094
2013-08-26,133.11512756347656
2013-08-27,130.97406005859375
2013-08-28,131.4391632080078
2013-08-29,131.64767456054688
2013-08-30,131.23069763183594
2013-09-03,131.8240966796875
2013-09-04,132.91470336914062
2013-09-05,133.0831298828125
2013-09-06,133.14720153808594
2013-09-09,134.4221954345703
2013-09-10,135.4165496826172
2013-09-11,135.84161376953125
2013-09-12,135.480712890625
2013-09-13,135.78546142578125
2013-09-16,136.5712890625
2013-09-17,137.18077087402344
2013-09-18,138.76852416992188
2013-09-19,138.5359649658203
2013-09-20,137.56741333007812
2013-09-23,136.93081665039062
2013-09-24,136.60848999023438
2013-09-25,136.213623046875
2013-09-26,136.73741149902344
2013-09-27,136.1089324951172
2013-09-30,135.3837127685547
2013-10-01,136.4553985595703
2013-10-02,136.32647705078125
2013-10-03,135.06939697265625
2013-10-04,136.09275817871094
2013-10-07,134.91624450683594
2013-10-08,133.34494018554688
2013-10-09,133.44166564941406
2013-10-10,136.31842041015625
2013-10-11,137.1967315673828
2013-10-14,137.74465942382812
2013-10-15,136.74546813964844
2013-10-16,138.6551971435547
2013-10-17,139.58187866210938
2013-10-18,140.5247039794922
2013-10-21,140.53274536132812
2013-10-22,141.3466339111328
2013-10-23,140.6697540283203
2013-10-24,141.1371307373047
2013-10-25,141.78179931640625
2013-10-28,142.00741577148438
2013-10-29,142.76483154296875
2013-10-30,142.05572509765625
2013-10-31,141.65281677246094
2013-11-01,141.9912567138672
2013-11-04,142.49085998535156
2013-11-05,142.03970336914062
2013-11-06,142.76483154296875
2013-11-07,140.95986938476562
2013-11-08,142.86148071289062
2013-11-11,142.8856964111328
2013-11-12,142.59564208984375
2013-11-13,143.73985290527344
2013-11-14,144.45704650878906
2013-11-15,145.0856170654297
2013-11-18,144.57791137695312
2013-11-19,144.2636260986328
2013-11-20,143.81239318847656
2013-11-21,144.97280883789062
2013-11-22,145.69802856445312
2013-11-25,145.5529022216797
2013-11-26,145.5932159423828
2013-11-27,145.94776916503906
2013-11-29,145.85105895996094
2013-12-02,145.47239685058594
2013-12-03,144.84378051757812
2013-12-04,144.8277587890625
2013-12-05,144.19113159179688
2013-12-06,145.802734375
2013-12-09,146.17340087890625
2013-12-10,145.64964294433594
2013-12-11,144.0138397216797
2013-12-12,143.53843688964844
2013-12-13,143.52232360839844
2013-12-16,144.41677856445312
2013-12-17,143.9574432373047
2013-12-18,146.41513061523438
2013-12-19,146.2459259033203
2013-12-20,147.09664916992188
2013-12-23,147.8825225830078
2013-12-24,148.20651245117188
2013-12-26,148.96005249023438
2013-12-27,148.9519500732422
2013-12-30,148.92764282226562
2013-12-31,149.6324920654297
2014-01-02,148.1984405517578
2014-01-03,148.17416381835938
2014-01-06,147.7447967529297
2014-01-07,148.6521759033203
2014-01-08,148.68463134765625
2014-01-09,148.7817840576172
2014-01-10,149.18692016601562
2014-01-13,147.20191955566406
2014-01-14,148.80613708496094
2014-01-15,149.60821533203125
2014-01-16,149.41378784179688
2014-01-17,148.7817840576172
2014-01-21,149.2193145751953
2014-01-22,149.3165283203125
2014-01-23,148.09310913085938
2014-01-24,144.93341064453125
2014-01-27,144.22047424316406
2014-01-28,145.07933044433594
2014-01-29,143.68576049804688
2014-01-30,145.20892333984375
2014-01-31,144.35824584960938
2014-02-03,141.1094512939453
2014-02-04,142.09779357910156
2014-02-05,141.9195098876953
2014-02-06,143.79104614257812
2014-02-07,145.57347106933594
2014-02-10,145.84088134765625
2014-02-11,147.4369354248047
2014-02-12,147.50979614257812
2014-02-13,148.2714080810547
2014-02-14,149.0896759033203
2014-02-18,149.2678985595703
2014-02-19,148.27951049804688
2014-02-20,149.15447998046875
2014-02-21,148.9843292236328
2014-02-24,149.81077575683594
2014-02-25,149.75404357910156
2014-02-26,149.7621612548828
2014-02-27,150.5479736328125
2014-02-28,150.9287567138672
2014-03-03,149.86744689941406
2014-03-04,151.9739227294922
2014-03-05,152.11163330078125
2014-03-06,152.46002197265625
2014-03-07,152.52479553222656
2014-03-10,152.44390869140625
2014-03-11,151.69036865234375
2014-03-12,151.73086547851562
2014-03-13,150.0294952392578
2014-03-14,149.60821533203125
2014-03-17,150.961181640625
2014-03-18,152.0387420654297
2014-03-19,151.22854614257812
2014-03-20,152.11163330078125
2014-03-21,151.52163696289062
2014-03-24,150.89511108398438
2014-03-25,151.6112060546875
2014-03-26,150.5207061767578
2014-03-27,150.20343017578125
2014-03-28,150.9438934326172
2014-03-31,152.18081665039062
2014-04-01,153.1898193359375
2014-04-02,153.70252990722656
2014-04-03,153.49913024902344
2014-04-04,151.6844024658203
2014-04-07,150.00807189941406
2014-04-08,150.6265411376953
2014-04-09,152.2459259033203
2014-04-10,149.04783630371094
2014-04-11,147.70516967773438
2014-04-14,148.8688201904297
2014-04-15,149.89413452148438
2014-04-16,151.46469116210938
2014-04-17,151.67628479003906
2014-04-21,152.20521545410156
2014-04-22,152.8969268798828
2014-04-23,152.5388641357422
2014-04-24,152.8480987548828
2014-04-25,151.59487915039062
2014-04-28,152.0750274658203
2014-04-29,152.78298950195312
2014-04-30,153.2387237548828
2014-05-01,153.25502014160156
2014-05-02,153.03524780273438
2014-05-05,153.32821655273438
2014-05-06,151.99365234375
2014-05-07,152.88877868652344
2014-05-08,152.72601318359375
2014-05-09,152.9539337158203
2014-05-12,154.44308471679688
2014-05-13,154.58140563964844
2014-05-14,153.84902954101562
2014-05-15,152.4982147216797
2014-05-16,153.0271453857422
2014-05-19,153.58863830566406
2014-05-20,152.62025451660156
2014-05-21,153.9059600830078
2014-05-22,154.2802734375
2014-05-23,154.89874267578125
2014-05-27,155.85084533691406
2014-05-28,155.73696899414062
2014-05-29,156.5425567626953
2014-05-30,156.7948455810547
2014-06-02,156.97384643554688
2014-06-03,156.89247131347656
2014-06-04,157.2098846435547
2014-06-05,158.2351837158203
2014-06-06,158.99191284179688
2014-06-09,159.15472412109375
2014-06-10,159.17103576660156
2014-06-11,158.6176300048828
2014-06-12,157.49465942382812
2014-06-13,157.9747772216797
2014-06-16,158.10494995117188
2014-06-17,158.54441833496094
2014-06-18,159.70809936523438
2014-06-19,159.8870849609375
2014-06-20,160.21170043945312
2014-06-23,160.16262817382812
2014-06-24,159.1978302001953
2014-06-25,159.91732788085938
2014-06-26,159.80288696289062
2014-06-27,160.1136016845703
2014-06-30,160.03179931640625
2014-07-01,161.10296630859375
2014-07-02,161.26651000976562
2014-07-03,162.05960083007812
2014-07-07,161.49546813964844
2014-07-08,160.45703125
2014-07-09,161.17652893066406
2014-07-10,160.5387420654297
2014-07-11,160.75955200195312
2014-07-14,161.5690155029297
2014-07-15,161.26651000976562
2014-07-16,161.8633575439453
2014-07-17,160.02365112304688
2014-07-18,161.658935546875
2014-07-21,161.3564453125
2014-07-22,162.05960083007812
2014-07-23,162.41937255859375
2014-07-24,162.42752075195312
2014-07-25,161.6671600341797
2014-07-28,161.7325439453125
2014-07-29,161.0375518798828
2014-07-30,161.06211853027344
2014-07-31,157.88137817382812
2014-08-01,157.39892578125
2014-08-04,158.53550720214844
2014-08-05,156.99838256835938
2014-08-06,157.04736328125
2014-08-07,156.197021484375
2014-08-08,158.00405883789062
2014-08-11,158.46194458007812
2014-08-12,158.2411651611328
2014-08-13,159.3123321533203
2014-08-14,160.06448364257812
2014-08-15,160.03179931640625
2014-08-18,161.37274169921875
2014-08-19,162.21498107910156
2014-08-20,162.64833068847656
2014-08-21,163.12255859375
2014-08-22,162.86911010742188
2014-08-25,163.6949462890625
2014-08-26,163.8012237548828
2014-08-27,163.73583984375
2014-08-28,163.6458740234375
2014-08-29,164.11195373535156
2014-09-02,164.03016662597656
2014-09-03,163.94024658203125
2014-09-04,163.70309448242188
2014-09-05,164.43905639648438
2014-09-08,164.01382446289062
2014-09-09,162.975341796875
2014-09-10,163.5885772705078
2014-09-11,163.7766571044922
2014-09-12,162.82003784179688
2014-09-15,162.69735717773438
2014-09-16,163.92385864257812
2014-09-17,164.14463806152344
2014-09-18,165.01956176757812
2014-09-19,164.87081909179688
2014-09-22,163.5975341796875
2014-09-23,162.6610565185547
2014-09-24,163.93435668945312
2014-09-25,161.28919982910156
2014-09-26,162.5707244873047
2014-09-29,162.27496337890625
2014-09-30,161.84788513183594
2014-10-01,159.65447998046875
2014-10-02,159.67910766601562
2014-10-03,161.4370574951172
2014-10-06,161.2481231689453
2014-10-07,158.75904846191406
2014-10-08,161.5355682373047
2014-10-09,158.33189392089844
2014-10-10,156.52459716796875
2014-10-13,153.9534149169922
2014-10-14,154.19163513183594
2014-10-15,153.1482696533203
2014-10-16,153.01690673828125
2014-10-17,154.82418823242188
2014-10-20,156.32749938964844
2014-10-21,159.42445373535156
2014-10-22,158.2908172607422
2014-10-23,160.13095092773438
2014-10-24,161.3631134033203
2014-10-27,161.14132690429688
2014-10-28,162.98965454101562
2014-10-29,162.7432403564453
2014-10-30,163.78648376464844
2014-10-31,165.6594696044922
2014-11-03,165.74984741210938
2014-11-04,165.17477416992188
2014-11-05,166.21803283691406
2014-11-06,166.88352966308594
2014-11-07,167.03952026367188
2014-11-10,167.5653076171875
2014-11-11,167.7295684814453
2014-11-12,167.54884338378906
2014-11-13,167.73780822753906
2014-11-14,167.77891540527344
2014-11-17,167.88565063476562
2014-11-18,168.85504150390625
2014-11-19,168.58392333984375
2014-11-20,168.87969970703125
2014-11-21,169.7833251953125
2014-11-24,170.25975036621094
2014-11-25,170.13658142089844
2014-11-26,170.57186889648438
2014-11-28,170.21043395996094
2014-12-01,169.02752685546875
2014-12-02,170.12014770507812
2014-12-03,170.77728271484375
2014-12-04,170.5883331298828
2014-12-05,170.86764526367188
2014-12-08,169.72581481933594
2014-12-09,169.6107940673828
2014-12-10,166.8916778564453
2014-12-11,167.73780822753906
2014-12-12,165.0269012451172
2014-12-15,163.89328002929688
2014-12-16,162.5789031982422
2014-12-17,165.76626586914062
2014-12-18,169.86550903320312
2014-12-19,170.5882110595703
2014-12-22,171.37290954589844
2014-12-23,171.6042022705078
2014-12-24,171.62074279785156
2014-12-26,172.17417907714844
2014-12-29,172.40541076660156
2014-12-30,171.48028564453125
2014-12-31,169.77870178222656
2015-01-02,169.68785095214844
2015-01-05,166.62330627441406
2015-01-06,165.05393981933594
2015-01-07,167.11068725585938
2015-01-08,170.07601928710938
2015-01-09,168.71316528320312
2015-01-12,167.3915252685547
2015-01-13,166.92071533203125
2015-01-14,165.9129638671875
2015-01-15,164.3931121826172
2015-01-16,166.54901123046875
2015-01-20,166.90419006347656
2015-01-21,167.74671936035156
2015-01-22,170.2412872314453
2015-01-23,169.30792236328125
2015-01-26,169.704345703125
2015-01-27,167.46591186523438
2015-01-28,165.31826782226562
2015-01-29,166.8463592529297
2015-01-30,164.74832153320312
2015-02-02,166.78857421875
2015-02-03,169.2004852294922
2015-02-04,168.5562286376953
2015-02-05,170.2577667236328
2015-02-06,169.7869415283203
2015-02-09,169.0269775390625
2015-02-10,170.82769775390625
2015-02-11,170.92684936523438
2015-02-12,172.5706024169922
2015-02-13,173.2810516357422
2015-02-17,173.55357360839844
2015-02-18,173.57009887695312
2015-02-19,173.4462127685547
2015-02-20,174.48695373535156
2015-02-23,174.46221923828125
2015-02-24,174.95782470703125
2015-02-25,174.8091583251953
2015-02-26,174.60264587402344
2015-02-27,174.0078887939453
2015-03-02,175.10653686523438
2015-03-03,174.38787841796875
2015-03-04,173.6527099609375
2015-03-05,173.8426513671875
2015-03-06,171.39767456054688
2015-03-09,172.10809326171875
2015-03-10,169.31610107421875
2015-03-11,168.919677734375
2015-03-12,171.06729125976562
2015-03-13,170.018310546875
2015-03-16,172.28981018066406
2015-03-17,171.7777099609375
2015-03-18,173.8426513671875
2015-03-19,173.0497283935547
2015-03-20,174.57717895507812
2015-03-23,174.23703002929688
2015-03-24,173.25802612304688
2015-03-25,170.7191162109375
2015-03-26,170.31259155273438
2015-03-27,170.70248413085938
2015-03-30,172.7850799560547
2015-03-31,171.2750244140625
2015-04-01,170.66925048828125
2015-04-02,171.28329467773438
2015-04-06,172.43658447265625
2015-04-07,171.98023986816406
2015-04-08,172.5610809326172
2015-04-09,173.32435607910156
2015-04-10,174.2701873779297
2015-04-13,173.4820098876953
2015-04-14,173.8138885498047
2015-04-15,174.5937957763672
2015-04-16,174.54400634765625
2015-04-17,172.5361328125
2015-04-20,174.11260986328125
2015-04-21,173.9052276611328
2015-04-22,174.759765625
2015-04-23,175.199462890625
2015-04-24,175.60606384277344
2015-04-27,174.8758544921875
2015-04-28,175.43179321289062
2015-04-29,174.70993041992188
2015-04-30,172.9592742919922
2015-05-01,174.8343963623047
2015-05-04,175.33224487304688
2015-05-05,173.32435607910156
2015-05-06,172.61077880859375
2015-05-07,173.2994384765625
2015-05-08,175.5811309814453
2015-05-11,174.74310302734375
2015-05-12,174.22044372558594
2015-05-13,174.25363159179688
2015-05-14,176.07066345214844
2015-05-15,176.2615203857422
2015-05-18,176.80911254882812
2015-05-19,176.75100708007812
2015-05-20,176.6265411376953
2015-05-21,177.14097595214844
2015-05-22,176.7178192138672
2015-05-26,174.81777954101562
2015-05-27,176.47723388671875
2015-05-28,176.2780303955078
2015-05-29,175.182861328125
2015-06-01,175.53965759277344
2015-06-02,175.3654327392578
2015-06-03,175.83006286621094
2015-06-04,174.34487915039062
2015-06-05,174.04620361328125
2015-06-08,172.9759063720703
2015-06-09,172.95098876953125
2015-06-10,175.0252227783203
2015-06-11,175.5894775390625
2015-06-12,174.24537658691406
2015-06-15,173.49862670898438
2015-06-16,174.44439697265625
2015-06-17,174.7266082763672
2015-06-18,176.54354858398438
2015-06-19,175.75985717773438
2015-06-22,176.66030883789062
2015-06-23,176.7853546142578
2015-06-24,175.5014190673828
2015-06-25,174.9678497314453
2015-06-26,174.9344482421875
2015-06-29,171.2660369873047
2015-06-30,171.62451171875
2015-07-01,173.00021362304688
2015-07-02,172.841796875
2015-07-06,172.349853515625
2015-07-07,173.43377685546875
2015-07-08,170.5240478515625
2015-07-09,170.83248901367188
2015-07-10,172.9834747314453
2015-07-13,174.8927764892578
2015-07-14,175.65142822265625
2015-07-15,175.5930938720703
2015-07-16,177.0021514892578
2015-07-17,177.15219116210938
2015-07-20,177.2439422607422
2015-07-21,176.5435791015625
2015-07-22,176.226806640625
2015-07-23,175.23463439941406
2015-07-24,173.4170379638672
2015-07-27,172.4082489013672
2015-07-28,174.5259552001953
2015-07-29,175.7265167236328
2015-07-30,175.76821899414062
2015-07-31,175.5014190673828
2015-08-03,174.9094696044922
2015-08-04,174.56761169433594
2015-08-05,175.1428985595703
2015-08-06,173.7089080810547
2015-08-07,173.37539672851562
2015-08-10,175.55978393554688
2015-08-11,173.97569274902344
2015-08-12,174.18414306640625
2015-08-13,173.96742248535156
2015-08-14,174.6010284423828
2015-08-17,175.5764617919922
2015-08-18,175.06784057617188
2015-08-19,173.6838836669922
2015-08-20,170.05709838867188
2015-08-21,164.93800354003906
2015-08-24,157.9929962158203
2015-08-25,156.13372802734375
2015-08-26,162.12831115722656
2015-08-27,166.13858032226562
2015-08-28,166.1468963623047
2015-08-31,164.80455017089844
2015-09-01,159.8855438232422
2015-09-02,162.9203643798828
2015-09-03,163.03709411621094
2015-09-04,160.5692138671875
2015-09-08,164.60446166992188
2015-09-09,162.40342712402344
2015-09-10,163.2871856689453
2015-09-11,164.02919006347656
2015-09-14,163.4206085205078
2015-09-15,165.46327209472656
2015-09-16,166.89727783203125
2015-09-17,166.5220489501953
2015-09-18,163.80087280273438
2015-09-21,164.64735412597656
2015-09-22,162.51025390625
2015-09-23,162.2504119873047
2015-09-24,161.66378784179688
2015-09-25,161.62188720703125
2015-09-28,157.5655975341797
2015-09-29,157.65785217285156
2015-09-30,160.59942626953125
2015-10-01,161.01846313476562
2015-10-02,163.42376708984375
2015-10-05,166.331787109375
2015-10-06,165.761962890625
2015-10-07,167.11962890625
2015-10-08,168.62814331054688
2015-10-09,168.72872924804688
2015-10-12,168.887939453125
2015-10-13,167.82362365722656
2015-10-14,167.01907348632812
2015-10-15,169.5835418701172
2015-10-16,170.35458374023438
2015-10-19,170.4384002685547
2015-10-20,170.22052001953125
2015-10-21,169.1644744873047
2015-10-22,172.0223388671875
2015-10-23,173.907958984375
2015-10-26,173.48057556152344
2015-10-27,173.14537048339844
2015-10-28,175.11480712890625
2015-10-29,175.0143280029297
2015-10-30,174.2599639892578
2015-11-02,176.32162475585938
2015-11-03,176.8328857421875
2015-11-04,176.29653930664062
2015-11-05,176.1204833984375
2015-11-06,176.02825927734375
2015-11-09,174.38575744628906
2015-11-10,174.78794860839844
2015-11-11,174.10076904296875
2015-11-12,171.67034912109375
2015-11-13,169.7427978515625
2015-11-16,172.32395935058594
2015-11-17,172.19834899902344
2015-11-18,174.930419921875
2015-11-19,174.7795867919922
2015-11-20,175.4165496826172
2015-11-23,175.21542358398438
2015-11-24,175.4500274658203
2015-11-25,175.42489624023438
2015-11-27,175.62608337402344
2015-11-30,174.89695739746094
2015-12-01,176.56466674804688
2015-12-02,174.76283264160156
2015-12-03,172.3156280517578
2015-12-04,175.67633056640625
2015-12-07,174.61199951171875
2015-12-08,173.4386444091797
2015-12-09,172.08941650390625
2015-12-10,172.53355407714844
2015-12-11,169.18963623046875
2015-12-14,170.04446411132812
2015-12-15,171.82962036132812
2015-12-16,174.34378051757812
2015-12-17,171.68707275390625
2015-12-18,168.6284942626953
2015-12-21,170.0195770263672
2015-12-22,171.5623016357422
2015-12-23,173.68678283691406
2015-12-24,173.40020751953125
2015-12-28,173.0039520263672
2015-12-29,174.85025024414062
2015-12-30,173.61097717285156
2015-12-31,171.87423706054688
2016-01-04,169.47152709960938
2016-01-05,169.75816345214844
2016-01-06,167.61683654785156
2016-01-07,163.59539794921875
2016-01-08,161.79971313476562
2016-01-11,161.95994567871094
2016-01-12,163.2666473388672
2016-01-13,159.1947021484375
2016-01-14,161.80813598632812
2016-01-15,158.334716796875
2016-01-19,158.54556274414062
2016-01-20,156.51373291015625
2016-01-21,157.39053344726562
2016-01-22,160.61941528320312
2016-01-25,158.1914520263672
2016-01-26,160.34963989257812
2016-01-27,158.60450744628906
2016-01-28,159.43072509765625
2016-01-29,163.3172149658203
2016-02-01,163.25820922851562
2016-02-02,160.31594848632812
2016-02-03,161.27708435058594
2016-02-04,161.52992248535156
2016-02-05,158.45277404785156
2016-02-08,156.31982421875
2016-02-09,156.3282928466797
2016-02-10,156.19337463378906
2016-02-11,154.16160583496094
2016-02-12,157.3399200439453
2016-02-16,159.99554443359375
2016-02-17,162.60903930664062
2016-02-18,161.94305419921875
2016-02-19,161.8671417236328
2016-02-22,164.2108917236328
2016-02-23,162.13697814941406
2016-02-24,162.87884521484375
2016-02-25,164.85162353515625
2016-02-26,164.47219848632812
2016-02-29,163.18235778808594
2016-03-01,167.01824951171875
2016-03-02,167.7685089111328
2016-03-03,168.42617797851562
2016-03-04,168.97413635253906
2016-03-07,169.10903930664062
2016-03-08,167.2627410888672
2016-03-09,168.0889434814453
2016-03-10,168.2238311767578
2016-03-11,170.9384307861328
2016-03-14,170.7192840576172
2016-03-15,170.44107055664062
2016-03-16,171.42742919921875
2016-03-17,172.51495361328125
2016-03-18,173.19293212890625
2016-03-21,173.4386444091797
2016-03-22,173.34547424316406
2016-03-23,172.2014617919922
2016-03-24,172.1251983642578
2016-03-28,172.22686767578125
2016-03-29,173.8199920654297
2016-03-30,174.58262634277344
2016-03-31,174.158935546875
2016-04-01,175.34530639648438
2016-04-04,174.77760314941406
2016-04-05,173.03192138671875
2016-04-06,174.92160034179688
2016-04-07,172.82852172851562
2016-04-08,173.29461669921875
2016-04-11,172.88784790039062
2016-04-12,174.49790954589844
2016-04-13,176.26051330566406
2016-04-14,176.26902770996094
2016-04-15,176.0740509033203
2016-04-18,177.3113250732422
2016-04-19,177.87059020996094
2016-04-20,178.04006958007812
2016-04-21,177.08250427246094
2016-04-22,177.08250427246094
2016-04-25,176.77740478515625
2016-04-26,177.0401611328125
2016-04-27,177.40451049804688
2016-04-28,175.7944793701172
2016-04-29,174.84535217285156
2016-05-02,176.23513793945312
2016-05-03,174.70130920410156
2016-05-04,173.72677612304688
2016-05-05,173.69290161132812
2016-05-06,174.3284454345703
2016-05-09,174.4724884033203
2016-05-10,176.641845703125
2016-05-11,174.9893798828125
2016-05-12,175.04022216796875
2016-05-13,173.514892578125
2016-05-16,175.2266845703125
2016-05-17,173.5911865234375
2016-05-18,173.6420440673828
2016-05-19,173.04039001464844
2016-05-20,174.13356018066406
2016-05-23,173.89627075195312
2016-05-24,176.150390625
2016-05-25,177.34518432617188
2016-05-26,177.3960723876953
2016-05-27,178.15870666503906
2016-05-31,177.81976318359375
2016-06-01,178.18414306640625
2016-06-02,178.7264862060547
2016-06-03,178.192626953125
2016-06-06,179.09933471679688
2016-06-07,179.37899780273438
2016-06-08,179.96368408203125
2016-06-09,179.7179412841797
2016-06-10,178.01467895507812
2016-06-13,176.641845703125
2016-06-14,176.29440307617188
2016-06-15,176.0487060546875
2016-06-16,176.5740203857422
2016-06-17,175.9164276123047
2016-06-20,177.0493621826172
2016-06-21,177.5519561767578
2016-06-22,177.26235961914062
2016-06-23,179.57073974609375
2016-06-24,173.1225128173828
2016-06-27,170.0218963623047
2016-06-28,173.0884246826172
2016-06-29,176.03570556640625
2016-06-30,178.4378204345703
2016-07-01,178.81260681152344
2016-07-05,177.52638244628906
2016-07-06,178.59117126464844
2016-07-07,178.4803924560547
2016-07-08,181.13807678222656
2016-07-11,181.7769012451172
2016-07-12,183.09730529785156
2016-07-13,183.07168579101562
2016-07-14,184.09385681152344
2016-07-15,183.84683227539062
2016-07-18,184.34088134765625
2016-07-19,184.1535186767578
2016-07-20,184.92013549804688
2016-07-21,184.22166442871094
2016-07-22,185.0478973388672
2016-07-25,184.54531860351562
2016-07-26,184.6305694580078
2016-07-27,184.43455505371094
2016-07-28,184.64756774902344
2016-07-29,184.94569396972656
2016-08-01,184.79234313964844
2016-08-02,183.6083221435547
2016-08-03,184.1449432373047
2016-08-04,184.34088134765625
2016-08-05,185.8485870361328
2016-08-08,185.73788452148438
2016-08-09,185.8485870361328
2016-08-10,185.38865661621094
2016-08-11,186.24893188476562
2016-08-12,186.08709716796875
2016-08-15,186.62374877929688
2016-08-16,185.66116333007812
2016-08-17,186.0104522705078
2016-08-18,186.42787170410156
2016-08-19,186.15524291992188
2016-08-22,186.146728515625
2016-08-23,186.5215301513672
2016-08-24,185.56752014160156
2016-08-25,185.43972778320312
2016-08-26,185.09051513671875
2016-08-29,186.00192260742188
2016-08-30,185.69522094726562
2016-08-31,185.16709899902344
2016-09-01,185.17567443847656
2016-09-02,186.0104522705078
2016-09-06,186.57266235351562
2016-09-07,186.55563354492188
2016-09-08,186.12974548339844
2016-09-09,181.67469787597656
2016-09-12,184.28126525878906
2016-09-13,181.63211059570312
2016-09-14,181.56394958496094
2016-09-15,183.37835693359375
2016-09-16,182.6694793701172
2016-09-19,182.7037353515625
2016-09-20,182.71231079101562
2016-09-21,184.76695251464844
2016-09-22,185.9312744140625
2016-09-23,184.91249084472656
2016-09-26,183.4142608642578
2016-09-27,184.55296325683594
2016-09-28,185.468994140625
2016-09-29,183.79104614257812
2016-09-30,185.17788696289062
2016-10-03,184.73268127441406
2016-10-04,183.79104614257812
2016-10-05,184.6043243408203
2016-10-06,184.73268127441406
2016-10-07,184.0991668701172
2016-10-10,185.05804443359375
2016-10-11,182.72088623046875
2016-10-12,182.96058654785156
2016-10-13,182.3612518310547
2016-10-14,182.45547485351562
2016-10-17,181.8219757080078
2016-10-18,182.96058654785156
2016-10-19,183.44857788085938
2016-10-20,183.10614013671875
2016-10-21,183.19166564941406
2016-10-24,183.9707794189453
2016-10-25,183.3543701171875
2016-10-26,182.98622131347656
2016-10-27,182.498291015625
2016-10-28,181.95892333984375
2016-10-31,181.9674530029297
2016-11-01,180.64906311035156
2016-11-02,179.56175231933594
2016-11-03,178.7399139404297
2016-11-04,178.54307556152344
2016-11-07,182.4811553955078
2016-11-08,183.30299377441406
2016-11-09,185.2464141845703
2016-11-10,185.7086181640625
2016-11-11,185.28062438964844
2016-11-14,185.42616271972656
2016-11-15,186.8730010986328
2016-11-16,186.52203369140625
2016-11-17,187.48086547851562
2016-11-18,187.0613555908203
2016-11-21,188.47393798828125
2016-11-22,188.84210205078125
2016-11-23,188.94482421875
2016-11-25,189.64682006835938
2016-11-28,188.7564697265625
2016-11-29,189.12466430664062
2016-11-30,188.6708221435547
2016-12-01,187.97743225097656
2016-12-02,188.07159423828125
2016-12-05,189.20164489746094
2016-12-06,189.80091857910156
2016-12-07,192.28366088867188
2016-12-08,192.75453186035156
2016-12-09,193.9188690185547
2016-12-12,193.69622802734375
2016-12-13,194.989013671875
2016-12-14,193.37950134277344
2016-12-15,194.17567443847656
2016-12-16,193.79591369628906
2016-12-19,194.21786499023438
2016-12-20,194.96713256835938
2016-12-21,194.42459106445312
2016-12-22,194.0886993408203
2016-12-23,194.37294006347656
2016-12-27,194.8551788330078
2016-12-28,193.24476623535156
2016-12-29,193.2017059326172
2016-12-30,192.4955291748047
2017-01-03,193.96815490722656
2017-01-04,195.12210083007812
2017-01-05,194.96713256835938
2017-01-06,195.6645965576172
2017-01-09,195.01873779296875
2017-01-10,195.01873779296875
2017-01-11,195.5699005126953
2017-01-12,195.07907104492188
2017-01-13,195.52687072753906
2017-01-17,194.837890625
2017-01-18,195.26849365234375
2017-01-19,194.5451202392578
2017-01-20,195.2598876953125
2017-01-23,194.75180053710938
2017-01-24,196.00042724609375
2017-01-25,197.69699096679688
2017-01-26,197.49029541015625
2017-01-27,197.1802978515625
2017-01-30,195.9573974609375
2017-01-31,195.94021606445312
2017-02-01,196.0177001953125
2017-02-02,196.1469268798828
2017-02-03,197.49891662597656
2017-02-06,197.14581298828125
2017-02-07,197.15440368652344
2017-02-08,197.41278076171875
2017-02-09,198.58396911621094
2017-02-10,199.3676300048828
2017-02-13,200.45272827148438
2017-02-14,201.2535858154297
2017-02-15,202.30416870117188
2017-02-16,202.13198852539062
2017-02-17,202.45053100585938
2017-02-21,203.65623474121094
2017-02-22,203.47543334960938
2017-02-23,203.6131591796875
2017-02-24,203.87152099609375
2017-02-27,204.19012451171875
2017-02-28,203.6389617919922
2017-03-01,206.4894561767578
2017-03-02,205.18910217285156
2017-03-03,205.31825256347656
2017-03-06,204.7068634033203
2017-03-07,204.0953826904297
2017-03-08,203.71652221679688
2017-03-09,203.974853515625
2017-03-10,204.68963623046875
2017-03-13,204.79296875
2017-03-14,204.00930786132812
2017-03-15,205.774658203125
2017-03-16,205.3699493408203
2017-03-17,205.0092315673828
2017-03-20,204.78439331054688
2017-03-21,202.1550750732422
2017-03-22,202.6307830810547
2017-03-23,202.41448974609375
2017-03-24,202.2674560546875
2017-03-27,202.05987548828125
2017-03-28,203.5302734375
2017-03-29,203.72056579589844
2017-03-30,204.36923217773438
2017-03-31,203.89352416992188
2017-04-03,203.5388946533203
2017-04-04,203.66864013671875
2017-04-05,203.06321716308594
2017-04-06,203.6340789794922
2017-04-07,203.42645263671875
2017-04-10,203.54757690429688
2017-04-11,203.3053741455078
2017-04-12,202.41448974609375
2017-04-13,201.09988403320312
2017-04-17,202.881591796875
2017-04-18,202.27613830566406
2017-04-19,201.9042510986328
2017-04-20,203.54757690429688
2017-04-21,202.8988494873047
2017-04-24,205.13037109375
2017-04-25,206.3239288330078
2017-04-26,206.19418334960938
2017-04-27,206.36715698242188
2017-04-28,205.9174346923828
2017-05-01,206.43637084960938
2017-05-02,206.51419067382812
2017-05-03,206.26339721679688
2017-05-04,206.5055389404297
2017-05-05,207.31858825683594
2017-05-08,207.28392028808594
2017-05-09,207.0936279296875
2017-05-10,207.46554565429688
2017-05-11,207.04177856445312
2017-05-12,206.6958465576172
2017-05-15,207.83755493164062
2017-05-16,207.64723205566406
2017-05-17,203.96267700195312
2017-05-18,204.78439331054688
2017-05-19,206.1163330078125
2017-05-22,207.16287231445312
2017-05-23,207.62127685546875
2017-05-24,208.1056671142578
2017-05-25,209.10028076171875
2017-05-26,209.0570526123047
2017-05-30,208.87547302246094
2017-05-31,208.82354736328125
2017-06-01,210.48414611816406
2017-06-02,211.18470764160156
2017-06-05,211.02903747558594
2017-06-06,210.35440063476562
2017-06-07,210.74356079101562
2017-06-08,210.847412109375
2017-06-09,210.5273895263672
2017-06-12,210.48414611816406
2017-06-13,211.51336669921875
2017-06-14,211.24526977539062
2017-06-15,210.83876037597656
2017-06-16,210.88482666015625
2017-06-19,212.64044189453125
2017-06-20,211.20639038085938
2017-06-21,211.15420532226562
2017-06-22,211.05862426757812
2017-06-23,211.31068420410156
2017-06-26,211.44973754882812
2017-06-27,209.7462615966797
2017-06-28,211.6235809326172
2017-06-29,209.763671875
2017-06-30,210.15469360351562
2017-07-03,210.51112365722656
2017-07-05,210.997802734375
2017-07-06,209.06829833984375
2017-07-07,210.42417907714844
2017-07-10,210.65011596679688
2017-07-11,210.49371337890625
2017-07-12,212.0754852294922
2017-07-13,212.43182373046875
2017-07-14,213.4226837158203
2017-07-17,213.39659118652344
2017-07-18,213.50958251953125
2017-07-19,214.66551208496094
2017-07-20,214.76116943359375
2017-07-21,214.56991577148438
2017-07-24,214.51779174804688
2017-07-25,215.0392303466797
2017-07-26,215.0479278564453
2017-07-27,214.8480224609375
2017-07-28,214.5959930419922
2017-07-31,214.4743194580078
2017-08-01,214.95236206054688
2017-08-02,215.0565948486328
2017-08-03,214.6394500732422
2017-08-04,215.03057861328125
2017-08-07,215.4302978515625
2017-08-08,214.90013122558594
2017-08-09,214.89151000976562
2017-08-10,211.85824584960938
2017-08-11,212.171142578125
2017-08-14,214.2743682861328
2017-08-15,214.2483673095703
2017-08-16,214.6220245361328
2017-08-17,211.27593994140625
2017-08-18,210.94566345214844
2017-08-21,211.11073303222656
2017-08-22,213.31837463378906
2017-08-23,212.55357360839844
2017-08-24,212.05813598632812
2017-08-25,212.55357360839844
2017-08-28,212.562255859375
2017-08-29,212.80557250976562
2017-08-30,213.8137664794922
2017-08-31,215.10008239746094
2017-09-01,215.40423583984375
2017-09-05,213.85719299316406
2017-09-06,214.58729553222656
2017-09-07,214.56117248535156
2017-09-08,214.30914306640625
2017-09-11,216.59495544433594
2017-09-12,217.3250274658203
2017-09-13,217.42930603027344
2017-09-14,217.3597869873047
2017-09-15,217.65240478515625
2017-09-18,218.11532592773438
2017-09-19,218.33370971679688
2017-09-20,218.4123077392578
2017-09-21,217.82711791992188
2017-09-22,217.87083435058594
2017-09-25,217.42530822753906
2017-09-26,217.5563201904297
2017-09-27,218.40357971191406
2017-09-28,218.6655731201172
2017-09-29,219.43423461914062
2017-10-02,220.38629150390625
2017-10-03,220.85794067382812
2017-10-04,221.11996459960938
2017-10-05,222.4301300048828
2017-10-06,222.1768035888672
2017-10-09,221.8099365234375
2017-10-10,222.3951873779297
2017-10-11,222.74456787109375
2017-10-12,222.41262817382812
2017-10-13,222.6834259033203
2017-10-16,222.98036193847656
2017-10-17,223.13760375976562
2017-10-18,223.3560028076172
2017-10-19,223.41708374023438
2017-10-20,224.57005310058594
2017-10-23,223.69664001464844
2017-10-24,224.0896453857422
2017-10-25,222.98036193847656
2017-10-26,223.2686004638672
2017-10-27,225.09410095214844
2017-10-30,224.255615234375
2017-10-31,224.60499572753906
2017-11-01,224.9019317626953
2017-11-02,224.9893035888672
2017-11-03,225.74044799804688
2017-11-06,226.08982849121094
2017-11-07,225.9325714111328
2017-11-08,226.31692504882812
2017-11-09,225.4959259033203
2017-11-10,225.4260711669922
2017-11-13,225.63565063476562
2017-11-14,225.111572265625
2017-11-15,223.98486328125
2017-11-16,225.888916015625
2017-11-17,225.22509765625
2017-11-20,225.6094970703125
2017-11-21,227.08555603027344
2017-11-22,226.8846893310547
2017-11-24,227.40869140625
2017-11-27,227.29519653320312
2017-11-28,229.6009979248047
2017-11-29,229.4613037109375
2017-11-30,231.47021484375
2017-12-01,230.9898223876953
2017-12-04,230.71034240722656
2017-12-05,229.8805694580078
2017-12-06,229.92422485351562
2017-12-07,230.64923095703125
2017-12-08,231.90696716308594
2017-12-11,232.605712890625
2017-12-12,233.01622009277344
2017-12-13,232.9900360107422
2017-12-14,232.03797912597656
2017-12-15,233.97023010253906
2017-12-18,235.4539337158203
2017-12-19,234.54965209960938
2017-12-20,234.4267578125
2017-12-21,234.9095916748047
2017-12-22,234.84814453125
2017-12-26,234.56723022460938
2017-12-27,234.6813507080078
2017-12-28,235.16421508789062
2017-12-29,234.2774658203125
2018-01-02,235.95423889160156
2018-01-03,237.44671630859375
2018-01-04,238.44754028320312
2018-01-05,240.0365447998047
2018-01-08,240.47549438476562
2018-01-09,241.01980590820312
2018-01-10,240.65106201171875
2018-01-11,242.40695190429688
2018-01-12,243.98712158203125
2018-01-16,243.1531219482422
2018-01-17,245.47068786621094
2018-01-18,245.0581817626953
2018-01-19,246.17320251464844
2018-01-22,248.17465209960938
2018-01-23,248.70150756835938
2018-01-24,248.6049346923828
2018-01-25,248.7102813720703
2018-01-26,251.58975219726562
2018-01-29,249.92172241210938
2018-01-30,247.35829162597656
2018-01-31,247.48118591308594
2018-02-01,247.2002716064453
2018-02-02,241.81866455078125
2018-02-05,231.70526123046875
2018-02-06,236.27027893066406
2018-02-07,234.9886932373047
2018-02-08,226.17449951171875
2018-02-09,229.57196044921875
2018-02-12,232.94300842285156
2018-02-13,233.52249145507812
2018-02-14,236.67413330078125
2018-02-15,239.6941375732422
2018-02-16,239.76434326171875
2018-02-20,238.2631378173828
2018-02-21,237.07794189453125
2018-02-22,237.38528442382812
2018-02-23,241.16912841796875
2018-02-26,243.96949768066406
2018-02-27,240.9231719970703
2018-02-28,238.48265075683594
2018-03-01,235.01495361328125
2018-03-02,236.22645568847656
2018-03-05,238.9567413330078
2018-03-06,239.5624542236328
2018-03-07,239.47474670410156
2018-03-08,240.6334228515625
2018-03-09,244.82115173339844
2018-03-12,244.5138397216797
2018-03-13,242.9336395263672
2018-03-14,241.68695068359375
2018-03-15,241.42367553710938
2018-03-16,241.68544006347656
2018-03-19,238.4153594970703
2018-03-20,238.82083129882812
2018-03-21,238.36244201660156
2018-03-22,232.404052734375
2018-03-23,227.45046997070312
2018-03-26,233.67330932617188
2018-03-27,229.69810485839844
2018-03-28,229.01943969726562
2018-03-29,231.9457244873047
2018-04-02,226.93927001953125
2018-04-03,229.8479461669922
2018-04-04,232.30709838867188
2018-04-05,234.1404571533203
2018-04-06,228.9224853515625
2018-04-09,230.05062866210938
2018-04-10,233.70855712890625
2018-04-11,232.4833984375
2018-04-12,234.39614868164062
2018-04-13,233.70855712890625
2018-04-16,235.6300506591797
2018-04-17,238.1509552001953
2018-04-18,238.3272247314453
2018-04-19,237.0050811767578
2018-04-20,234.9954071044922
2018-04-23,234.96022033691406
2018-04-24,231.79592895507812
2018-04-25,232.3688507080078
2018-04-26,234.73106384277344
2018-04-27,234.95138549804688
2018-04-30,233.14442443847656
2018-05-01,233.55868530273438
2018-05-02,231.98980712890625
2018-05-03,231.47857666015625
2018-05-04,234.47540283203125
2018-05-07,235.26870727539062
2018-05-08,235.26870727539062
2018-05-09,237.54270935058594
2018-05-10,239.76397705078125
2018-05-11,240.4955291748047
2018-05-14,240.61009216308594
2018-05-15,238.9530792236328
2018-05-16,239.95782470703125
2018-05-17,239.755126953125
2018-05-18,239.15574645996094
2018-05-21,240.95382690429688
2018-05-22,240.28402709960938
2018-05-23,240.94505310058594
2018-05-24,240.451416015625
2018-05-25,239.87850952148438
2018-05-29,237.1196746826172
2018-05-30,240.28402709960938
2018-05-31,238.81195068359375
2018-06-01,241.15660095214844
2018-06-04,242.30239868164062
2018-06-05,242.47869873046875
2018-06-06,244.50599670410156
2018-06-07,244.4795684814453
2018-06-08,245.20223999023438
2018-06-11,245.52842712402344
2018-06-12,245.84580993652344
2018-06-13,245.06121826171875
2018-06-14,245.67823791503906
2018-06-15,245.36477661132812
2018-06-18,244.86012268066406
2018-06-19,243.92164611816406
2018-06-20,244.33782958984375
2018-06-21,242.80606079101562
2018-06-22,243.2487335205078
2018-06-25,239.93746948242188
2018-06-26,240.4686737060547
2018-06-27,238.4766082763672
2018-06-28,239.84005737304688
2018-06-29,240.1853485107422
2018-07-02,240.69891357421875
2018-07-03,239.84896850585938
2018-07-05,241.80564880371094
2018-07-06,243.85089111328125
2018-07-09,246.04656982421875
2018-07-10,246.93194580078125
2018-07-11,245.12570190429688
2018-07-12,247.3480987548828
2018-07-13,247.5428466796875
2018-07-16,247.3214874267578
2018-07-17,248.322021484375
2018-07-18,248.8443145751953
2018-07-19,247.90585327148438
2018-07-20,247.62249755859375
2018-07-23,248.08291625976562
2018-07-24,249.3313446044922
2018-07-25,251.45623779296875
2018-07-26,250.8629608154297
2018-07-27,249.1631622314453
2018-07-30,247.8616180419922
2018-07-31,249.08343505859375
2018-08-01,248.66725158691406
2018-08-02,250.02194213867188
2018-08-03,251.0931396484375
2018-08-06,252.01400756835938
2018-08-07,252.84628295898438
2018-08-08,252.73992919921875
2018-08-09,252.39476013183594
2018-08-10,250.70362854003906
2018-08-13,249.7652130126953
2018-08-14,251.35882568359375
2018-08-15,249.48184204101562
2018-08-16,251.50048828125
2018-08-17,252.38592529296875
2018-08-20,252.9259796142578
2018-08-21,253.51919555664062
2018-08-22,253.3687286376953
2018-08-23,253.0322265625
2018-08-24,254.55514526367188
2018-08-27,256.5649108886719
2018-08-28,256.6888427734375
2018-08-29,258.07000732421875
2018-08-30,257.0252380371094
2018-08-31,257.0341796875
2018-09-04,256.5914306640625
2018-09-05,255.90084838867188
2018-09-06,255.1305389404297
2018-09-07,254.6348114013672
2018-09-10,255.07740783691406
2018-09-11,255.91847229003906
2018-09-12,255.9805145263672
2018-09-13,257.4945983886719
2018-09-14,257.5387268066406
2018-09-17,256.17529296875
2018-09-18,257.5653381347656
2018-09-19,257.83990478515625
2018-09-20,259.92926025390625
2018-09-21,259.69183349609375
2018-09-24,258.8291320800781
2018-09-25,258.5889587402344
2018-09-26,257.815185546875
2018-09-27,258.53558349609375
2018-09-28,258.56231689453125
2018-10-01,259.4605712890625
2018-10-02,259.3094177246094
2018-10-03,259.4516906738281
2018-10-04,257.42388916015625
2018-10-05,255.98309326171875
2018-10-08,255.98309326171875
2018-10-09,255.6095428466797
2018-10-10,247.51612854003906
2018-10-11,242.06422424316406
2018-10-12,245.42608642578125
2018-10-15,244.04750061035156
2018-10-16,249.38388061523438
2018-10-17,249.4283447265625
2018-10-18,245.82630920410156
2018-10-19,245.69284057617188
2018-10-22,244.590087890625
2018-10-23,243.34490966796875
2018-10-24,235.97193908691406
2018-10-25,240.20541381835938
2018-10-26,235.98077392578125
2018-10-29,234.6734161376953
2018-10-30,238.1509552001953
2018-10-31,240.69451904296875
2018-11-01,243.25595092773438
2018-11-02,241.81521606445312
2018-11-05,243.14930725097656
2018-11-06,244.6879119873047
2018-11-07,249.92636108398438
2018-11-08,249.47279357910156
2018-11-09,247.03585815429688
2018-11-12,242.42002868652344
2018-11-13,241.9663543701172
2018-11-14,240.31216430664062
2018-11-15,242.82012939453125
2018-11-16,243.45166015625
2018-11-19,239.33377075195312
2018-11-20,234.90463256835938
2018-11-21,235.70510864257812
2018-11-23,234.13088989257812
2018-11-26,237.9107666015625
2018-11-27,238.71124267578125
2018-11-28,244.2076416015625
2018-11-29,243.6740264892578
2018-11-30,245.15919494628906
2018-12-03,248.405517578125
2018-12-04,240.35650634765625
2018-12-06,239.99192810058594
2018-12-07,234.41549682617188
2018-12-10,234.8601837158203
2018-12-11,234.91357421875
2018-12-12,236.09645080566406
2018-12-13,236.01634216308594
2018-12-14,231.65838623046875
2018-12-17,227.11361694335938
2018-12-18,226.86456298828125
2018-12-19,223.4671173095703
2018-12-20,219.82955932617188
2018-12-21,215.32537841796875
2018-12-24,209.63577270507812
2018-12-26,220.22763061523438
2018-12-27,221.9184112548828
2018-12-28,221.63211059570312
2018-12-31,223.5734100341797
2019-01-02,223.80599975585938
2019-01-03,218.46534729003906
2019-01-04,225.7830047607422
2019-01-07,227.56320190429688
2019-01-08,229.7012176513672
2019-01-09,230.77474975585938
2019-01-10,231.58880615234375
2019-01-11,231.67831420898438
2019-01-14,230.26483154296875
2019-01-15,232.90382385253906
2019-01-16,233.4674072265625
2019-01-17,235.2387237548828
2019-01-18,238.3696746826172
2019-01-22,235.14920043945312
2019-01-23,235.64117431640625
2019-01-24,235.76644897460938
2019-01-25,237.76138305664062
2019-01-28,235.95433044433594
2019-01-29,235.64117431640625
2019-01-30,239.37161254882812
2019-01-31,241.47389221191406
2019-02-01,241.59019470214844
2019-02-04,243.2899169921875
2019-02-05,244.30966186523438
2019-02-06,243.9876251220703
2019-02-07,241.6617889404297
2019-02-08,241.95697021484375
2019-02-11,242.09117126464844
2019-02-12,245.20433044433594
2019-02-13,246.00050354003906
2019-02-14,245.4547576904297
2019-02-15,248.1295928955078
2019-02-19,248.55899047851562
2019-02-20,249.05992126464844
2019-02-21,248.17430114746094
2019-02-22,249.7130126953125
2019-02-25,250.052978515625
2019-02-26,249.87399291992188
2019-02-27,249.7667236328125
2019-02-28,249.301513671875
2019-03-01,250.858154296875
2019-03-04,249.94557189941406
2019-03-05,249.6056671142578
2019-03-06,248.09381103515625
2019-03-07,246.0183868408203
2019-03-08,245.5263214111328
2019-03-11,249.0867919921875
2019-03-12,250.0260772705078
2019-03-13,251.6810760498047
2019-03-14,251.5200958251953
2019-03-15,252.76271057128906
2019-03-18,253.67916870117188
2019-03-19,253.7420196533203
2019-03-20,252.97833251953125
2019-03-21,255.8356475830078
2019-03-22,250.9117431640625
2019-03-25,250.7230224609375
2019-03-26,252.5919952392578
2019-03-27,251.27114868164062
2019-03-28,252.22354125976562
2019-03-29,253.81394958496094
2019-04-01,256.82403564453125
2019-04-02,256.94989013671875
2019-04-03,257.3541259765625
2019-04-04,258.0370178222656
2019-04-05,259.285888671875
2019-04-08,259.4836730957031
2019-04-09,258.15380859375
2019-04-10,259.0344543457031
2019-04-11,258.9623718261719
2019-04-12,260.7146911621094
2019-04-15,260.5438537597656
2019-04-16,260.7146911621094
2019-04-17,260.0766906738281
2019-04-18,260.58880615234375
2019-04-22,260.8133850097656
2019-04-23,263.15869140625
2019-04-24,262.5744934082031
2019-04-25,262.4126892089844
2019-04-26,263.63470458984375
2019-04-29,264.0481262207031
2019-04-30,264.1828918457031
2019-05-01,262.1971130371094
2019-05-02,261.6310729980469
2019-05-03,264.19189453125
2019-05-06,263.1046142578125
2019-05-07,258.7107849121094
2019-05-08,258.3514709472656
2019-05-09,257.5697937011719
2019-05-10,258.8636169433594
2019-05-13,252.3583221435547
2019-05-14,254.6405792236328
2019-05-15,256.1321105957031
2019-05-16,258.5042724609375
2019-05-17,256.8330078125
2019-05-20,255.1348114013672
2019-05-21,257.43505859375
2019-05-22,256.6443176269531
2019-05-23,253.50843811035156
2019-05-24,254.08351135253906
2019-05-28,251.7203369140625
2019-05-29,250.03115844726562
2019-05-30,250.71408081054688
2019-05-31,247.33567810058594
2019-06-03,246.7067108154297
2019-06-04,252.0618438720703
2019-06-05,254.24522399902344
2019-06-06,255.8984832763672
2019-06-07,258.4593200683594
2019-06-10,259.6453857421875
2019-06-11,259.5824890136719
2019-06-12,259.12420654296875
2019-06-13,260.1934814453125
2019-06-14,259.9058532714844
2019-06-17,260.0047607421875
2019-06-18,262.727294921875
2019-06-19,263.3204650878906
2019-06-20,265.836181640625
2019-06-21,265.4496765136719
2019-06-24,265.1246643066406
2019-06-25,262.5244140625
2019-06-26,262.2624816894531
2019-06-27,263.1924743652344
2019-06-28,264.54681396484375
2019-07-01,266.9486083984375
2019-07-02,267.6437072753906
2019-07-03,269.78363037109375
2019-07-05,269.4765625
2019-07-08,267.995849609375
2019-07-09,268.3299255371094
2019-07-10,269.6119689941406
2019-07-11,270.24407958984375
2019-07-12,271.45391845703125
2019-07-15,271.5441589355469
2019-07-16,270.6684265136719
2019-07-17,268.82659912109375
2019-07-18,269.8106384277344
2019-07-19,268.31195068359375
2019-07-22,268.9710693359375
2019-07-23,270.8941650390625
2019-07-24,272.1672058105469
2019-07-25,270.86712646484375
2019-07-26,272.68182373046875
2019-07-29,272.1852722167969
2019-07-30,271.51715087890625
2019-07-31,268.5466003417969
2019-08-01,266.20819091796875
2019-08-02,264.2037048339844
2019-08-05,256.2582702636719
2019-08-06,259.85186767578125
2019-08-07,260.0053405761719
2019-08-08,265.1065979003906
2019-08-09,263.30084228515625
2019-08-12,260.0956115722656
2019-08-13,264.1404724121094
2019-08-14,256.33050537109375
2019-08-15,257.0077209472656
2019-08-16,260.7998962402344
2019-08-19,263.94189453125
2019-08-20,261.9194030761719
2019-08-21,264.0502624511719
2019-08-22,263.968994140625
2019-08-23,257.1882629394531
2019-08-26,260.0323486328125
2019-08-27,259.0120544433594
2019-08-28,260.8359069824219
2019-08-29,264.1676330566406
2019-08-30,264.0502624511719
2019-09-03,262.5062255859375
2019-09-04,265.4858703613281
2019-09-05,268.8988952636719
2019-09-06,269.1064147949219
2019-09-09,269.2418212890625
2019-09-10,269.1786804199219
2019-09-11,271.0927734375
2019-09-12,272.0317687988281
2019-09-13,271.85113525390625
2019-09-16,271.0115966796875
2019-09-17,271.6977233886719
2019-09-18,271.8602600097656
2019-09-19,271.8421936035156
2019-09-20,270.55780029296875
2019-09-23,270.4942626953125
2019-09-24,268.371826171875
2019-09-25,269.95916748046875
2019-09-26,269.3967590332031
2019-09-27,267.9453430175781
2019-09-30,269.1882629394531
2019-10-01,265.9862060546875
2019-10-02,261.28759765625
2019-10-03,263.4282531738281
2019-10-04,266.9930419921875
2019-10-07,265.841064453125
2019-10-08,261.7139892578125
2019-10-09,264.1992492675781
2019-10-10,265.9862060546875
2019-10-11,268.74365234375
2019-10-14,268.4443054199219
2019-10-15,271.1019592285156
2019-10-16,270.6666259765625
2019-10-17,271.4648132324219
2019-10-18,270.276611328125
2019-10-21,272.1087951660156
2019-10-22,271.2199401855469
2019-10-23,272.0091247558594
2019-10-24,272.45355224609375
2019-10-25,273.5692138671875
2019-10-28,275.1112365722656
2019-10-29,275.0296325683594
2019-10-30,275.8731689453125
2019-10-31,275.13836669921875
2019-11-01,277.6872863769531
2019-11-04,278.802978515625
2019-11-05,278.4945983886719
2019-11-06,278.5580139160156
2019-11-07,279.5375671386719
2019-11-08,280.22705078125
2019-11-11,279.6918640136719
2019-11-12,280.2814636230469
2019-11-13,280.3722229003906
2019-11-14,280.7803649902344
2019-11-15,282.8121337890625
2019-11-18,283.0207214355469
2019-11-19,282.93914794921875
2019-11-20,281.8869934082031
2019-11-21,281.4334411621094
2019-11-22,282.0592956542969
2019-11-25,284.2452392578125
2019-11-26,284.8893737792969
2019-11-27,286.1593322753906
2019-11-29,285.09796142578125
2019-12-02,282.67620849609375
2019-12-03,280.7803649902344
2019-12-04,282.5128479003906
2019-12-05,283.0207214355469
2019-12-06,285.60589599609375
2019-12-09,284.7079162597656
2019-12-10,284.3904113769531
2019-12-11,285.19775390625
2019-12-12,287.6559143066406
2019-12-13,287.8282165527344
2019-12-16,289.80560302734375
2019-12-17,289.8690490722656
2019-12-18,289.88720703125
2019-12-19,291.07537841796875
2019-12-20,292.3516540527344
2019-12-23,292.7983093261719
2019-12-24,292.8074035644531
2019-12-26,294.3661193847656
2019-12-27,294.29315185546875
2019-12-30,292.6706237792969
2019-12-31,293.3815002441406
2020-01-02,296.12530517578125
2020-01-03,293.8829650878906
2020-01-06,295.00421142578125
2020-01-07,294.1745910644531
2020-01-08,295.742431640625
2020-01-09,297.747802734375
2020-01-10,296.8909606933594
2020-01-13,298.93280029296875
2020-01-14,298.47705078125
2020-01-15,299.151611328125
2020-01-16,301.6399841308594
2020-01-17,302.578857421875
2020-01-21,301.9862976074219
2020-01-22,302.0227966308594
2020-01-23,302.369140625
2020-01-24,299.68017578125
2020-01-27,294.87652587890625
2020-01-28,297.9665832519531
2020-01-29,297.72039794921875
2020-01-30,298.6866149902344
2020-01-31,293.2631530761719
2020-02-03,295.4417419433594
2020-02-04,299.944580078125
2020-02-05,303.40838623046875
2020-02-06,304.42926025390625
2020-02-07,302.8067321777344
2020-02-10,305.0672302246094
2020-02-11,305.595947265625
2020-02-12,307.5648498535156
2020-02-13,307.2366638183594
2020-02-14,307.7289123535156
2020-02-18,306.93597412109375
2020-02-19,308.40350341796875
2020-02-20,307.13641357421875
2020-02-21,303.9734802246094
2020-02-24,293.8921203613281
2020-02-25,284.98651123046875
2020-02-26,283.9383239746094
2020-02-27,271.18609619140625
2020-02-28,270.04669189453125
2020-03-02,281.7415771484375
2020-03-03,273.6745300292969
2020-03-04,285.177978515625
2020-03-05,275.6980285644531
2020-03-06,271.1405029296875
2020-03-09,249.96592712402344
2020-03-10,262.900390625
2020-03-11,250.08447265625
2020-03-12,226.15708923339844
2020-03-13,245.49037170410156
2020-03-16,218.62791442871094
2020-03-17,230.43209838867188
2020-03-18,218.76463317871094
2020-03-19,219.22952270507812
2020-03-20,209.78199768066406
2020-03-23,204.41824340820312
2020-03-24,222.939208984375
2020-03-25,226.2766571044922
2020-03-26,239.48892211914062
2020-03-27,232.35556030273438
2020-03-30,239.90145874023438
2020-03-31,236.3256378173828
2020-04-01,225.68983459472656
2020-04-02,230.89772033691406
2020-04-03,227.56028747558594
2020-04-06,242.84471130371094
2020-04-07,243.09226989746094
2020-04-08,251.25247192382812
2020-04-09,255.0758514404297
2020-04-13,252.74705505371094
2020-04-14,260.20123291015625
2020-04-15,254.67239379882812
2020-04-16,255.90106201171875
2020-04-17,262.8143615722656
2020-04-20,258.18408203125
2020-04-21,250.34471130371094
2020-04-22,255.90106201171875
2020-04-23,255.8826904296875
2020-04-24,259.4493713378906
2020-04-27,263.1902770996094
2020-04-28,261.9799499511719
2020-04-29,268.83819580078125
2020-04-30,266.3351135253906
2020-05-01,259.2843017578125
2020-05-04,259.9994812011719
2020-05-05,262.4017639160156
2020-05-06,260.6230163574219
2020-05-07,263.7677307128906
2020-05-08,268.13226318359375
2020-05-11,268.1872253417969
2020-05-12,262.841796875
2020-05-13,258.19317626953125
2020-05-14,261.28314208984375
2020-05-15,262.4842529296875
2020-05-18,270.47930908203125
2020-05-19,267.7012634277344
2020-05-20,272.2489318847656
2020-05-21,270.3694152832031
2020-05-22,270.8828125
2020-05-26,274.22027587890625
2020-05-27,278.3004150390625
2020-05-28,277.7869567871094
2020-05-29,279.0247802734375
2020-06-01,280.1524353027344
2020-06-02,282.47210693359375
2020-06-03,286.2313537597656
2020-06-04,285.4794921875
2020-06-05,292.7962341308594
2020-06-08,296.3353576660156
2020-06-09,294.125732421875
2020-06-10,292.4844665527344
2020-06-11,275.623046875
2020-06-12,278.923828125
2020-06-15,281.52783203125
2020-06-16,286.94647216796875
2020-06-17,285.7546691894531
2020-06-18,285.8646545410156
2020-06-19,284.2309265136719
2020-06-22,286.0543518066406
2020-06-23,287.3712463378906
2020-06-24,280.04083251953125
2020-06-25,283.0429992675781
2020-06-26,276.3202819824219
2020-06-29,280.3815612792969
2020-06-30,283.9731140136719
2020-07-01,285.9622802734375
2020-07-02,287.5370178222656
2020-07-06,291.9757995605469
2020-07-07,288.9644470214844
2020-07-08,291.1746520996094
2020-07-09,289.51702880859375
2020-07-10,292.4731140136719
2020-07-13,289.9405822753906
2020-07-14,293.69793701171875
2020-07-15,296.39617919921875
2020-07-16,295.420166015625
2020-07-17,296.27655029296875
2020-07-20,298.6708984375
2020-07-21,299.30633544921875
2020-07-22,301.0099182128906
2020-07-23,297.41845703125
2020-07-24,295.5029602050781
2020-07-27,297.6578369140625
2020-07-28,295.7700500488281
2020-07-29,299.4075927734375
2020-07-30,298.33929443359375
2020-07-31,300.6968078613281
2020-08-03,302.7873229980469
2020-08-04,303.9568786621094
2020-08-05,305.84478759765625
2020-08-06,307.88922119140625
2020-08-07,308.1103515625
2020-08-10,309.0312194824219
2020-08-11,306.480224609375
2020-08-12,310.7532958984375
2020-08-13,310.19146728515625
2020-08-14,310.20068359375
2020-08-17,311.1860656738281
2020-08-18,311.8583984375
2020-08-19,310.5598449707031
2020-08-20,311.5268249511719
2020-08-21,312.6319274902344
2020-08-24,315.7998352050781
2020-08-25,316.90496826171875
2020-08-26,320.0821533203125
2020-08-27,320.7820129394531
2020-08-28,322.85400390625
2020-08-31,321.68450927734375
2020-09-01,324.71429443359375
2020-09-02,329.4109802246094
2020-09-03,318.0745849609375
2020-09-04,315.4775695800781
2020-09-08,306.8577880859375
2020-09-09,312.9174499511719
2020-09-10,307.48406982421875
2020-09-11,307.6405944824219
2020-09-14,311.6925964355469
2020-09-15,313.26739501953125
2020-09-16,312.0242004394531
2020-09-17,309.27984619140625
2020-09-18,305.7190856933594
2020-09-21,302.316650390625
2020-09-22,305.39556884765625
2020-09-23,298.31317138671875
2020-09-24,299.1082458496094
2020-09-25,303.9439392089844
2020-09-28,308.99224853515625
2020-09-29,307.3094787597656
2020-09-30,309.6395263671875
2020-10-01,311.6273193359375
2020-10-02,308.66864013671875
2020-10-05,314.1422119140625
2020-10-06,309.67645263671875
2020-10-07,315.0668029785156
2020-10-08,317.859130859375
2020-10-09,320.69769287109375
2020-10-12,325.85693359375
2020-10-13,323.73040771484375
2020-10-14,321.6962585449219
2020-10-15,321.2986755371094
2020-10-16,321.10455322265625
2020-10-19,316.2226257324219
2020-10-20,317.4893798828125
2020-10-21,316.8883361816406
2020-10-22,318.6265869140625
2020-10-23,319.7084045410156
2020-10-26,313.8002014160156
2020-10-27,312.7184143066406
2020-10-28,302.030029296875
2020-10-29,305.0996398925781
2020-10-30,301.91900634765625
2020-11-02,305.3030700683594
2020-11-03,310.69354248046875
2020-11-04,317.63726806640625
2020-11-05,323.83209228515625
2020-11-06,323.7580871582031
2020-11-09,327.8263854980469
2020-11-10,327.3454895019531
2020-11-11,329.7772521972656
2020-11-12,326.5781555175781
2020-11-13,331.09942626953125
2020-11-16,335.23248291015625
2020-11-17,333.4294738769531
2020-11-18,329.41668701171875
2020-11-19,330.80352783203125
2020-11-20,328.5382995605469
2020-11-23,330.5077209472656
2020-11-24,335.8333740234375
2020-11-25,335.3155822753906
2020-11-27,336.24951171875
2020-11-30,334.7608337402344
2020-12-01,338.4223327636719
2020-12-02,339.1343078613281
2020-12-03,339.041748046875
2020-12-04,341.9634704589844
2020-12-07,341.26080322265625
2020-12-08,342.2593994140625
2020-12-09,339.1896667480469
2020-12-10,339.07879638671875
2020-12-11,338.68121337890625
2020-12-14,337.1648864746094
2020-12-15,341.72314453125
2020-12-16,342.2593994140625
2020-12-17,344.1733093261719
2020-12-18,342.799072265625
2020-12-21,341.5733947753906
2020-12-22,340.9976501464844
2020-12-23,341.3041076660156
2020-12-24,342.63189697265625
2020-12-28,345.5754089355469
2020-12-29,344.91607666015625
2020-12-30,345.4083251953125
2020-12-31,347.16326904296875
2021-01-04,342.43695068359375
2021-01-05,344.7953796386719
2021-01-06,346.8568115234375
2021-01-07,352.0102233886719
2021-01-08,354.0158386230469
2021-01-11,351.6295471191406
2021-01-12,351.7038269042969
2021-01-13,352.65087890625
2021-01-14,351.4159240722656
2021-01-15,348.8531494140625
2021-01-19,351.5924377441406
2021-01-20,356.4578857421875
2021-01-21,356.78289794921875
2021-01-22,355.5201110839844
2021-01-25,356.9222106933594
2021-01-26,356.3650817871094
2021-01-27,347.6553649902344
2021-01-28,350.6452331542969
2021-01-29,343.6254577636719
2021-02-01,349.34527587890625
2021-02-02,354.28509521484375
2021-02-03,354.563720703125
2021-02-04,358.593505859375
2021-02-05,360.00494384765625
2021-02-08,362.6048278808594
2021-02-09,362.3634338378906
2021-02-10,362.2055358886719
2021-02-11,362.7905578613281
2021-02-12,364.5827331542969
2021-02-16,364.2669372558594
2021-02-17,364.3504333496094
2021-02-18,362.7999267578125
2021-02-19,362.1590881347656
2021-02-22,359.37353515625
2021-02-23,359.8099670410156
2021-02-24,363.7748107910156
2021-02-25,355.0093994140625
2021-02-26,353.18017578125
2021-03-01,361.7413024902344
2021-03-02,358.9185485839844
2021-03-03,354.1643371582031
2021-03-04,349.78167724609375
2021-03-05,356.21649169921875
2021-03-08,354.44293212890625
2021-03-09,359.50360107421875
2021-03-10,361.7413024902344
2021-03-11,365.4090576171875
2021-03-12,365.901123046875
2021-03-15,368.0832824707031
2021-03-16,367.6189880371094
2021-03-17,368.87255859375
2021-03-18,363.50555419921875
2021-03-19,362.8329162597656
2021-03-22,365.73016357421875
2021-03-23,362.8515625
2021-03-24,361.00701904296875
2021-03-25,363.037841796875
2021-03-26,368.8882751464844
2021-03-29,368.7019348144531
2021-03-30,367.7237548828125
2021-03-31,369.21429443359375
2021-04-01,373.2014465332031
2021-04-05,378.55804443359375
2021-04-06,378.33441162109375
2021-04-07,378.77227783203125
2021-04-08,380.57025146484375
2021-04-09,383.33709716796875
2021-04-12,383.476806640625
2021-04-13,384.6133728027344
2021-04-14,383.29986572265625
2021-04-15,387.41741943359375
2021-04-16,388.7123107910156
2021-04-19,386.80255126953125
2021-04-20,383.9705810546875
2021-04-21,387.6037292480469
2021-04-22,384.0637512207031
2021-04-23,388.2278137207031
2021-04-26,389.03839111328125
2021-04-27,388.95452880859375
2021-04-28,388.8427734375
2021-04-29,391.3207702636719
2021-04-30,388.74957275390625
2021-05-03,389.58807373046875
2021-05-04,387.18450927734375
2021-05-05,387.30560302734375
2021-05-06,390.3985290527344
2021-05-07,393.2398376464844
2021-05-10,389.34576416015625
2021-05-11,385.8709716796875
2021-05-12,377.6730651855469
2021-05-13,382.2098693847656
2021-05-14,388.0788879394531
2021-05-17,387.0914001464844
2021-05-18,383.7563171386719
2021-05-19,382.75018310546875
2021-05-20,386.8677978515625
2021-05-21,386.5511169433594
2021-05-24,390.49163818359375
2021-05-25,389.6252746582031
2021-05-26,390.3985290527344
2021-05-27,390.60345458984375
2021-05-28,391.3021545410156
2021-06-01,390.9574890136719
2021-06-02,391.5722961425781
2021-06-03,390.1190185546875
2021-06-04,393.6869812011719
2021-06-07,393.3050537109375
2021-06-08,393.38885498046875
2021-06-09,392.802001953125
2021-06-10,394.6278076171875
2021-06-11,395.280029296875
2021-06-14,396.16497802734375
2021-06-15,395.4383544921875
2021-06-16,393.2304992675781
2021-06-17,393.1001281738281
2021-06-18,387.7969970703125
2021-06-21,393.34869384765625
2021-06-22,395.4516906738281
2021-06-23,394.9749755859375
2021-06-24,397.3114929199219
2021-06-25,398.72283935546875
2021-06-28,399.5265808105469
2021-06-29,399.7416076660156
2021-06-30,400.07806396484375
2021-07-01,402.2930603027344
2021-07-02,405.3680725097656
2021-07-06,404.62969970703125
2021-07-07,406.0596008300781
2021-07-08,402.7510681152344
2021-07-09,407.0503234863281
2021-07-12,408.5084228515625
2021-07-13,407.11578369140625
2021-07-14,407.7232666015625
2021-07-15,406.3307189941406
2021-07-16,403.14361572265625
2021-07-19,397.1900329589844
2021-07-20,402.8818664550781
2021-07-21,406.1438293457031
2021-07-22,406.9942932128906
2021-07-23,411.18145751953125
2021-07-26,412.19085693359375
2021-07-27,410.31219482421875
2021-07-28,410.14398193359375
2021-07-29,411.8450622558594
2021-07-30,409.84490966796875
2021-08-02,408.985107421875
2021-08-03,412.312255859375
2021-08-04,410.2842102050781
2021-08-05,412.88250732421875
2021-08-06,413.56475830078125
2021-08-09,413.228271484375
2021-08-10,413.7423400878906
2021-08-11,414.7704162597656
2021-08-12,416.01348876953125
2021-08-13,416.7705993652344
2021-08-16,417.7519226074219
2021-08-17,415.013427734375
2021-08-18,410.4710998535156
2021-08-19,411.1066589355469
2021-08-20,414.3778991699219
2021-08-23,418.0229187011719
2021-08-24,418.6864318847656
2021-08-25,419.5650939941406
2021-08-26,417.08831787109375
2021-08-27,420.81744384765625
2021-08-30,422.66815185546875
2021-08-31,422.0418701171875
2021-09-01,422.26611328125
2021-09-02,423.5653381347656
2021-09-03,423.4624328613281
2021-09-07,421.9483642578125
2021-09-08,421.434326171875
2021-09-09,419.63055419921875
2021-09-10,416.3218994140625
2021-09-13,417.3873596191406
2021-09-14,415.1349792480469
2021-09-15,418.6024475097656
2021-09-16,417.93890380859375
2021-09-17,413.8677062988281
2021-09-20,406.96673583984375
2021-09-21,406.5823669433594
2021-09-22,410.5484619140625
2021-09-23,415.5366516113281
2021-09-24,416.22113037109375
2021-09-27,415.0303039550781
2021-09-28,406.6667175292969
2021-09-29,407.35113525390625
2021-09-30,402.3724060058594
2021-10-01,407.1542663574219
2021-10-04,401.9035949707031
2021-10-05,406.0853576660156
2021-10-06,407.77313232421875
2021-10-07,411.29852294921875
2021-10-08,410.5484619140625
2021-10-11,407.5762634277344
2021-10-12,406.57293701171875
2021-10-13,408.03558349609375
2021-10-14,414.89898681640625
2021-10-15,418.0589294433594
2021-10-18,419.2965087890625
2021-10-19,422.5313415527344
2021-10-20,424.19091796875
2021-10-21,425.29730224609375
2021-10-22,424.8566589355469
2021-10-25,427.1350402832031
2021-10-26,427.5195007324219
2021-10-27,425.6255187988281
2021-10-28,429.7322692871094
2021-10-29,430.604248046875
2021-11-01,431.3449401855469
2021-11-02,433.0889892578125
2021-11-03,435.73309326171875
2021-11-04,437.7864685058594
2021-11-05,439.305419921875
2021-11-08,439.68048095703125
2021-11-09,438.2271423339844
2021-11-10,434.7016906738281
2021-11-11,434.8423767089844
2021-11-12,438.1240234375
2021-11-15,438.2740478515625
2021-11-16,440.0086669921875
2021-11-17,438.9397888183594
2021-11-18,440.43060302734375
2021-11-19,439.64300537109375
2021-11-22,438.4053649902344
2021-11-23,438.9866638183594
2021-11-24,440.15869140625
2021-11-26,430.3417663574219
2021-11-29,435.6205139160156
2021-11-30,427.1444396972656
2021-12-01,422.4001159667969
2021-12-02,428.8696594238281
2021-12-03,425.13787841796875
2021-12-06,430.17291259765625
2021-12-07,439.0710144042969
2021-12-08,440.23370361328125
2021-12-09,437.2613830566406
2021-12-10,441.3775939941406
2021-12-13,437.4676818847656
2021-12-14,434.4579162597656
2021-12-15,441.2463684082031
2021-12-16,437.3551940917969
2021-12-17,432.7004699707031
2021-12-20,428.0993957519531
2021-12-21,435.7020263671875
2021-12-22,440.0585021972656
2021-12-23,442.79656982421875
2021-12-27,449.0631408691406
2021-12-28,448.696044921875
2021-12-29,449.2700500488281
2021-12-30,448.02801513671875
2021-12-31,446.89892578125
2022-01-03,449.4864807128906
2022-01-04,449.33587646484375
2022-01-05,440.70770263671875
2022-01-06,440.29364013671875
2022-01-07,438.5529479980469
2022-01-10,438.0072021484375
2022-01-11,441.99676513671875
2022-01-12,443.19171142578125
2022-01-13,437.0851135253906
2022-01-14,437.263916015625
2022-01-18,429.5201721191406
2022-01-19,425.0601806640625
2022-01-20,420.35565185546875
2022-01-21,412.103759765625
2022-01-24,413.8538513183594
2022-01-25,408.8010559082031
2022-01-26,407.7755432128906
2022-01-27,405.7619323730469
2022-01-28,415.8392028808594
2022-01-31,423.32891845703125
2022-02-01,426.1893310546875
2022-02-02,430.3293151855469
2022-02-03,420.2145080566406
2022-02-04,422.1903991699219
2022-02-07,420.8354797363281
2022-02-08,424.2981262207031
2022-02-09,430.508056640625
2022-02-10,422.7738037109375
2022-02-11,414.43719482421875
2022-02-14,413.0822448730469
2022-02-15,419.7440490722656
2022-02-16,420.2145080566406
2022-02-17,411.2380676269531
2022-02-18,408.5752868652344
2022-02-22,404.1906433105469
2022-02-23,397.0208740234375
2022-02-24,402.9956359863281
2022-02-25,411.88726806640625
2022-02-28,410.8335266113281
2022-03-01,404.5763854980469
2022-03-02,412.0190734863281
2022-03-03,409.9678649902344
2022-03-04,406.6369934082031
2022-03-07,394.64971923828125
2022-03-08,391.65753173828125
2022-03-09,402.15826416015625
2022-03-10,400.3422546386719
2022-03-11,395.2518005371094
2022-03-14,392.3633728027344
2022-03-15,400.9914855957031
2022-03-16,409.8832092285156
2022-03-17,415.0112609863281
2022-03-18,419.55670166015625
2022-03-21,419.4340515136719
2022-03-22,424.3419494628906
2022-03-23,418.8771667480469
2022-03-24,425.19146728515625
2022-03-25,427.2679443359375
2022-03-28,430.3070983886719
2022-03-29,435.63031005859375
2022-03-30,432.94036865234375
2022-03-31,426.27691650390625
2022-04-01,427.4850158691406
2022-04-04,431.14715576171875
2022-04-05,425.7011413574219
2022-04-06,421.44439697265625
2022-04-07,423.5679931640625
2022-04-08,422.4354553222656
2022-04-11,415.2151184082031
2022-04-12,413.6766357421875
2022-04-13,418.41461181640625
2022-04-14,413.2046813964844
2022-04-18,413.3745422363281
2022-04-19,420.04754638671875
2022-04-20,419.7359924316406
2022-04-21,413.4595642089844
2022-04-22,402.11456298828125
2022-04-25,404.44580078125
2022-04-26,392.73272705078125
2022-04-27,393.83697509765625
2022-04-28,403.7851257324219
2022-04-29,388.86297607421875
2022-05-02,391.2037048339844
2022-05-03,392.9970397949219
2022-05-04,404.9649658203125
2022-05-05,390.5713195800781
2022-05-06,388.2400817871094
2022-05-09,375.8096618652344
2022-05-10,376.67803955078125
2022-05-11,370.69403076171875
2022-05-12,370.3070373535156
2022-05-13,379.1602478027344
2022-05-16,377.621826171875
2022-05-17,385.3896179199219
2022-05-18,369.8539733886719
2022-05-19,367.5887451171875
2022-05-20,367.7491760253906
2022-05-23,374.62982177734375
2022-05-24,371.77001953125
2022-05-25,375.0545654296875
2022-05-26,382.54864501953125
2022-05-27,391.9399108886719
2022-05-31,389.7407531738281
2022-06-01,386.58831787109375
2022-06-02,393.95025634765625
2022-06-03,387.4849853515625
2022-06-06,388.6647644042969
2022-06-07,392.3929748535156
2022-06-08,388.1268005371094
2022-06-09,378.89599609375
2022-06-10,367.9096374511719
2022-06-13,353.9407653808594
2022-06-14,352.8742980957031
2022-06-15,357.9049377441406
2022-06-16,346.05975341796875
2022-06-17,346.8056640625
2022-06-21,355.5361328125
2022-06-22,354.8914794921875
2022-06-23,358.3703918457031
2022-06-24,369.7643737792969
2022-06-27,368.3519287109375
2022-06-28,360.82550048828125
2022-06-29,360.5315856933594
2022-06-30,357.60260009765625
2022-07-01,361.38470458984375
2022-07-05,362.0672607421875
2022-07-06,363.2900085449219
2022-07-07,368.7311096191406
2022-07-08,368.4278259277344
2022-07-11,364.2190856933594
2022-07-12,360.99609375
2022-07-13,359.1001892089844
2022-07-14,358.2281799316406
2022-07-15,365.0721435546875
2022-07-18,362.05780029296875
2022-07-19,371.8403015136719
2022-07-20,374.2100524902344
2022-07-21,378.0207824707031
2022-07-22,374.513427734375
2022-07-25,374.96844482421875
2022-07-26,370.5322265625
2022-07-27,380.153564453125
2022-07-28,384.9216003417969
2022-07-29,390.533203125
2022-08-01,389.3768310546875
2022-08-02,386.8080139160156
2022-08-03,392.86517333984375
2022-08-04,392.5997619628906
2022-08-05,391.9361572265625
2022-08-08,391.4811706542969
2022-08-09,389.92657470703125
2022-08-10,398.1166687011719
2022-08-11,398.1166687011719
2022-08-12,404.8563232421875
2022-08-15,406.524658203125
2022-08-16,407.3209228515625
2022-08-17,404.42974853515625
2022-08-18,405.605224609375
2022-08-19,400.1546325683594
2022-08-22,391.8224182128906
2022-08-23,390.8744812011719
2022-08-24,392.125732421875
2022-08-25,397.6616516113281
2022-08-26,384.201171875
2022-08-29,381.6607360839844
2022-08-30,377.4709777832031
2022-08-31,374.5987854003906
2022-09-01,375.7742004394531
2022-09-02,371.8118896484375
2022-09-06,370.408935546875
2022-09-07,377.06329345703125
2022-09-08,379.5279235839844
2022-09-09,385.4239501953125
2022-09-12,389.56640625
2022-09-13,372.62701416015625
2022-09-14,374.0489196777344
2022-09-15,369.8022766113281
2022-09-16,366.9811096191406
2022-09-19,369.8270263671875
2022-09-20,365.5819091796875
2022-09-21,359.20477294921875
2022-09-22,356.1875305175781
2022-09-23,350.2197265625
2022-09-26,346.75506591796875
2022-09-27,345.869873046875
2022-09-28,352.6753234863281
2022-09-29,345.3083190917969
2022-09-30,339.9686279296875
2022-10-03,348.9441833496094
2022-10-04,359.7568054199219
2022-10-05,358.9192199707031
2022-10-06,355.2166748046875
2022-10-07,345.3083190917969
2022-10-10,342.6717224121094
2022-10-11,340.50164794921875
2022-10-12,339.37847900390625
2022-10-13,348.3351135253906
2022-10-14,340.3969421386719
2022-10-17,349.1441650390625
2022-10-18,353.24639892578125
2022-10-19,350.7431335449219
2022-10-20,347.80206298828125
2022-10-21,356.2541198730469
2022-10-24,360.6134338378906
2022-10-25,366.3719177246094
2022-10-26,363.6117248535156
2022-10-27,361.66998291015625
2022-10-28,370.2743225097656
2022-10-31,367.5997314453125
2022-11-01,365.9911804199219
2022-11-02,356.8061828613281
2022-11-03,353.1322021484375
2022-11-04,358.2148742675781
2022-11-07,361.64141845703125
2022-11-08,363.5926513671875
2022-11-09,356.1018981933594
2022-11-10,375.671142578125
2022-11-11,379.3070983886719
2022-11-14,376.0804138183594
2022-11-15,379.2880554199219
2022-11-16,376.3945617675781
2022-11-17,375.2428894042969
2022-11-18,376.9465637207031
2022-11-21,375.575927734375
2022-11-22,380.630126953125
2022-11-23,383.0286560058594
2022-11-25,382.94293212890625
2022-11-28,376.8323974609375
2022-11-29,376.1851501464844
2022-11-30,388.0351867675781
2022-12-01,387.7496643066406
2022-12-02,387.3022766113281
2022-12-05,380.3350830078125
2022-12-06,374.8525390625
2022-12-07,374.21484375
2022-12-08,377.146484375
2022-12-09,374.3290710449219
2022-12-12,379.72589111328125
2022-12-13,382.600341796875
2022-12-14,380.1541442871094
2022-12-15,370.8549499511719
2022-12-16,366.4765625
2022-12-19,363.3690185546875
2022-12-20,363.8662414550781
2022-12-21,369.3069152832031
2022-12-22,364.0383605957031
2022-12-23,366.1324462890625
2022-12-27,364.6885986328125
2022-12-28,360.1562194824219
2022-12-29,366.63916015625
2022-12-30,365.6734619140625
2023-01-03,364.13397216796875
2023-01-04,366.9451904296875
2023-01-05,362.7571105957031
2023-01-06,371.07586669921875
2023-01-09,370.8654479980469
2023-01-10,373.46630859375
2023-01-11,378.1898498535156
2023-01-12,379.5667419433594
2023-01-13,381.0393371582031
2023-01-17,380.34124755859375
2023-01-18,374.33642578125
2023-01-19,371.611328125
2023-01-20,378.53411865234375
2023-01-23,383.0759582519531
2023-01-24,382.6648254394531
2023-01-25,382.8082580566406
2023-01-26,387.01544189453125
2023-01-27,387.90472412109375
2023-01-30,383.03778076171875
2023-01-31,388.6696472167969
2023-02-01,392.80029296875
2023-02-02,398.5182800292969
2023-02-03,394.2824401855469
2023-02-06,391.872802734375
2023-02-07,396.9980163574219
2023-02-08,392.65692138671875
2023-02-09,389.2528076171875
2023-02-10,390.1612854003906
2023-02-13,394.74139404296875
2023-02-14,394.55975341796875
2023-02-15,395.8410339355469
2023-02-16,390.3907775878906
2023-02-17,389.41546630859375
2023-02-21,381.60345458984375
2023-02-22,381.0775451660156
2023-02-23,383.1045837402344
2023-02-24,379.0122375488281
2023-02-27,380.302978515625
2023-02-28,378.8974609375
2023-03-01,377.4440002441406
2023-03-02,380.3795166015625
2023-03-03,386.4800109863281
2023-03-06,386.7477111816406
2023-03-07,380.8193664550781
2023-03-08,381.4408874511719
2023-03-09,374.4034118652344
2023-03-10,369.0009460449219
2023-03-13,368.47503662109375
2023-03-14,374.56591796875
2023-03-15,372.2232971191406
2023-03-16,378.7539978027344
2023-03-17,374.3253479003906
2023-03-20,377.92474365234375
2023-03-21,382.8870544433594
2023-03-22,376.3601989746094
2023-03-23,377.3775634765625
2023-03-24,379.85400390625
2023-03-27,380.56427001953125
2023-03-28,379.7099609375
2023-03-29,385.2290344238281
2023-03-30,387.4846496582031
2023-03-31,392.94610595703125
2023-04-03,394.4434814453125
2023-04-04,392.25506591796875
2023-04-05,391.22802734375
2023-04-06,392.754150390625
2023-04-10,393.15728759765625
2023-04-11,393.2628479003906
2023-04-12,391.65997314453125
2023-04-13,396.86224365234375
2023-04-14,395.89276123046875
2023-04-17,397.31341552734375
2023-04-18,397.5725402832031
2023-04-19,397.50531005859375
2023-04-20,395.3360900878906
2023-04-21,395.64324951171875
2023-04-24,396.0559997558594
2023-04-25,389.7690734863281
2023-04-26,388.1181640625
2023-04-27,395.8448181152344
2023-04-28,399.2234191894531
2023-05-01,398.8202819824219
2023-05-02,394.3379211425781
2023-05-03,391.6311340332031
2023-05-04,388.8572082519531
2023-05-05,396.0559997558594
2023-05-08,396.1614990234375
2023-05-09,394.42425537109375
2023-05-10,396.26715087890625
2023-05-11,395.5760498046875
2023-05-12,395.0577087402344
2023-05-15,396.42071533203125
2023-05-16,393.7716369628906
2023-05-17,398.5515441894531
2023-05-18,402.3908996582031
2023-05-19,401.8053283691406
2023-05-22,401.96856689453125
2023-05-23,397.4573974609375
2023-05-24,394.57781982421875
2023-05-25,397.99481201171875
2023-05-26,403.149169921875
2023-05-30,403.302734375
2023-05-31,401.0662841796875
2023-06-01,404.8768615722656
2023-06-02,410.7319030761719
2023-06-05,409.9447937011719
2023-06-06,410.83746337890625
2023-06-07,409.4168701171875
2023-06-08,411.8932800292969
2023-06-09,412.6322937011719
2023-06-12,416.3756408691406
2023-06-13,419.1207580566406
2023-06-14,419.61993408203125
2023-06-15,424.8221740722656
2023-06-16,423.3751525878906
2023-06-20,421.1785888671875
2023-06-21,419.0206604003906
2023-06-22,420.53314208984375
2023-06-23,417.35394287109375
2023-06-26,415.6487121582031
2023-06-27,420.2055969238281
2023-06-28,420.4175720214844
2023-06-29,422.0745544433594
2023-06-30,427.0553283691406
2023-07-03,427.546630859375
2023-07-05,426.91082763671875
2023-07-06,423.5678405761719
2023-07-07,422.49847412109375
2023-07-10,423.5678405761719
2023-07-11,426.26531982421875
2023-07-12,429.6949462890625
2023-07-13,433.1054992675781
2023-07-14,432.8357238769531
2023-07-17,434.338623046875
2023-07-18,437.56597900390625
2023-07-19,438.5390930175781
2023-07-20,435.6295471191406
2023-07-21,435.6295471191406
2023-07-24,437.5756530761719
2023-07-25,438.770263671875
2023-07-26,438.83770751953125
2023-07-27,435.92822265625
2023-07-28,440.19610595703125
2023-07-31,441.03424072265625
2023-08-01,439.772216796875
2023-08-02,433.6546325683594
2023-08-03,432.4118347167969
2023-08-04,430.4561462402344
2023-08-07,434.2133483886719
2023-08-08,432.32513427734375
2023-08-09,429.4349365234375
2023-08-10,429.58905029296875
2023-08-11,429.33856201171875
2023-08-14,431.70855712890625
2023-08-15,426.6795959472656
2023-08-16,423.5485534667969
2023-08-17,420.32122802734375
2023-08-18,420.52349853515625
2023-08-21,423.2594909667969
2023-08-22,422.1130676269531
2023-08-23,426.8144836425781
2023-08-24,420.89923095703125
2023-08-25,423.86651611328125
2023-08-28,426.55438232421875
2023-08-29,432.7200927734375
2023-08-30,434.50244140625
2023-08-31,433.8665466308594
2023-09-01,434.6758117675781
2023-09-05,432.7972106933594
2023-09-06,429.8877258300781
2023-09-07,428.5678405761719
2023-09-08,429.2133483886719
2023-09-11,432.0361633300781
2023-09-12,429.6661071777344
2023-09-13,430.1671447753906
2023-09-14,433.8761901855469
2023-09-15,428.648681640625
2023-09-18,428.90008544921875
2023-09-19,428.01055908203125
2023-09-20,424.0757751464844
2023-09-21,417.0664978027344
2023-09-22,416.1287536621094
2023-09-25,417.87860107421875
2023-09-26,411.73944091796875
2023-09-27,411.9038391113281
2023-09-28,414.29180908203125
2023-09-29,413.28631591796875
2023-10-02,413.1219787597656
2023-10-03,407.59185791015625
2023-10-04,410.55999755859375
2023-10-05,410.4052734375
2023-10-06,415.2778625488281
2023-10-09,417.9366149902344
2023-10-10,420.1119079589844
2023-10-11,421.8327941894531
2023-10-12,419.2611389160156
2023-10-13,417.1728210449219
2023-10-16,421.5621337890625
2023-10-17,421.5427551269531
2023-10-18,415.9256896972656
2023-10-19,412.2711486816406
2023-10-20,407.20513916015625
2023-10-23,406.4993591308594
2023-10-24,409.5641174316406
2023-10-25,403.68603515625
2023-10-26,398.8520202636719
2023-10-27,397.04412841796875
2023-10-30,401.7911071777344
2023-10-31,404.3144226074219
2023-11-01,408.6263732910156
2023-11-02,416.4573974609375
2023-11-03,420.2569274902344
2023-11-06,421.2237243652344
2023-11-07,422.4224853515625
2023-11-08,422.7319030761719
2023-11-09,419.4351501464844
2023-11-10,425.9803466796875
2023-11-13,425.5743103027344
2023-11-14,433.83074951171875
2023-11-15,434.74920654296875
2023-11-16,435.2809143066406
2023-11-17,435.8223571777344
2023-11-20,439.1771240234375
2023-11-21,438.219970703125
2023-11-22,439.91192626953125
2023-11-24,440.18255615234375
2023-11-27,439.3898620605469
2023-11-28,439.8248291015625
2023-11-29,439.5155029296875
2023-11-30,441.24609375
2023-12-01,443.8564453125
2023-12-04,441.5264892578125
2023-12-05,441.439453125
2023-12-06,439.6605529785156
2023-12-07,443.0152893066406
2023-12-08,444.9198913574219
2023-12-11,446.6504821777344
2023-12-12,448.6903991699219
2023-12-13,454.8778991699219
2023-12-14,456.3377990722656
2023-12-15,455.5863952636719
2023-12-18,458.1491394042969
2023-12-19,460.93511962890625
2023-12-20,454.54779052734375
2023-12-21,458.85772705078125
2023-12-22,459.7799072265625
2023-12-26,461.72137451171875
2023-12-27,462.5561828613281
2023-12-28,462.7308654785156
2023-12-29,461.3913269042969
2024-01-02,458.8092041015625
2024-01-03,455.062255859375
2024-01-04,453.596435546875
2024-01-05,454.21771240234375
2024-01-08,460.70208740234375
2024-01-09,460.00323486328125
2024-01-10,462.6047058105469
2024-01-11,462.4008483886719
2024-01-12,462.7211608886719
2024-01-16,461.0224914550781
2024-01-17,458.4597473144531
2024-01-18,462.5367736816406
2024-01-19,468.3028259277344
2024-01-22,469.29296875
2024-01-23,470.66162109375
2024-01-24,471.1761779785156
2024-01-25,473.7388610839844
2024-01-26,473.13702392578125
2024-01-29,476.8839416503906
2024-01-30,476.51507568359375
2024-01-31,468.7396545410156
2024-02-01,474.8746032714844
2024-02-02,479.873779296875
2024-02-05,478.1264343261719
2024-02-06,479.5146179199219
2024-02-07,483.513916015625
2024-02-08,483.7275390625
2024-02-09,486.5231628417969
2024-02-12,486.3096008300781
2024-02-13,479.61163330078125
2024-02-14,483.9701843261719
2024-02-15,487.3094482421875
2024-02-16,484.8826904296875
2024-02-20,482.21319580078125
2024-02-21,482.6500244140625
2024-02-22,492.63873291015625
2024-02-23,492.9784851074219
2024-02-26,491.1728210449219
2024-02-27,492.08538818359375
2024-02-28,491.43499755859375
2024-02-29,493.2016906738281
2024-03-01,497.8320007324219
2024-03-04,497.2981262207031
2024-03-05,492.3280334472656
2024-03-06,494.82281494140625
2024-03-07,499.73455810546875
2024-03-08,496.735107421875
2024-03-11,496.3079528808594
2024-03-12,501.64691162109375
2024-03-13,500.8606872558594
2024-03-14,499.87054443359375
2024-03-15,496.4381408691406
2024-03-18,499.3885498046875
2024-03-19,502.1636657714844
2024-03-20,506.8083190917969
2024-03-21,508.4831237792969
2024-03-22,507.5191650390625
2024-03-25,506.1170959472656
2024-03-26,505.1822814941406
2024-03-27,509.42779541015625
2024-03-28,509.3304138183594
2024-04-01,508.4442138671875
2024-04-02,505.2115173339844
2024-04-03,505.7664794921875
2024-04-04,499.593017578125
2024-04-05,504.812255859375
2024-04-08,505.09454345703125
2024-04-09,505.6788024902344
2024-04-10,500.61541748046875
2024-04-11,504.39349365234375
2024-04-12,497.4313659667969
2024-04-15,491.1994323730469
2024-04-16,490.3036193847656
2024-04-17,487.4018859863281
2024-04-18,486.39898681640625
2024-04-19,482.15350341796875
2024-04-22,486.5937194824219
2024-04-23,492.367919921875
2024-04-24,492.1342468261719
2024-04-25,490.2646484375
2024-04-26,494.9093933105469
2024-04-29,496.6620788574219
2024-04-30,488.7943420410156
2024-05-01,487.2071533203125
2024-05-02,491.76422119140625
2024-05-03,497.8597717285156
2024-05-06,503.0010986328125
2024-05-07,503.5561828613281
2024-05-08,503.60479736328125
2024-05-09,506.50653076171875
2024-05-10,507.1589660644531
2024-05-13,507.22711181640625
2024-05-14,509.5543212890625
2024-05-15,515.8641357421875
2024-05-16,514.8026733398438
2024-05-17,515.5427856445312
2024-05-20,516.13671875
2024-05-21,517.4026489257812
2024-05-22,515.9129028320312
2024-05-23,512.1444702148438
2024-05-24,515.5330200195312
2024-05-28,515.8933715820312
2024-05-29,512.28076171875
2024-05-30,508.8824768066406
2024-05-31,513.517333984375
2024-06-03,513.9361572265625
2024-06-04,514.5106201171875
2024-06-05,520.6256713867188
2024-06-06,520.6159057617188
2024-06-07,519.98291015625
2024-06-10,521.589599609375
2024-06-11,522.8457641601562
2024-06-12,527.139892578125
2024-06-13,528.2012939453125
2024-06-14,528.5226440429688
2024-06-17,532.729248046875
2024-06-18,534.0826416015625
2024-06-20,532.6318359375
2024-06-21,531.917724609375
2024-06-24,530.1885986328125
2024-06-25,532.2302856445312
2024-06-26,532.8945922851562
2024-06-27,533.7346801757812
2024-06-28,531.63427734375
2024-07-01,532.7285766601562
2024-07-02,536.3135986328125
2024-07-03,538.70703125
2024-07-05,541.8134765625
2024-07-08,542.4386596679688
2024-07-09,542.9661254882812
2024-07-10,548.3389282226562
2024-07-11,543.61083984375
2024-07-12,547.0397338867188
2024-07-15,548.5440673828125
2024-07-16,551.7970581054688
2024-07-17,544.0602416992188
2024-07-18,539.8792114257812
2024-07-19,536.2940673828125
2024-07-22,541.8233032226562
2024-07-23,540.973388671875
2024-07-24,528.7134399414062
2024-07-25,525.9586791992188
2024-07-26,531.849365234375
2024-07-29,532.161865234375
2024-07-30,529.4657592773438
2024-07-31,538.0718994140625
2024-08-01,530.4523315429688
2024-08-02,520.576171875
2024-08-05,505.4151611328125
2024-08-06,510.0747375488281
2024-08-07,506.6654357910156
2024-08-08,518.3782348632812
2024-08-09,520.6641235351562
2024-08-12,520.9376220703125
2024-08-13,529.5048217773438
2024-08-14,531.1752319335938
2024-08-15,540.2797241210938
2024-08-16,541.4910278320312
2024-08-19,546.66845703125
2024-08-20,545.779541015625
2024-08-21,547.6550903320312
2024-08-22,543.3567504882812
2024-08-23,549.1301879882812
2024-08-26,547.8211059570312
2024-08-27,548.5734252929688
2024-08-28,545.3887329101562
2024-08-29,545.4376831054688
2024-08-30,550.6444091796875
2024-09-03,539.3126831054688
2024-09-04,538.208740234375
2024-09-05,536.8997802734375
2024-09-06,527.8636474609375
2024-09-09,533.7737426757812
2024-09-10,536.0986938476562
2024-09-11,541.5984497070312
2024-09-12,546.1605224609375
2024-09-13,549.0130004882812
2024-09-16,549.8237915039062
2024-09-17,550.0484619140625
2024-09-18,548.4171142578125
2024-09-19,557.7755737304688
2024-09-20,556.8113403320312
2024-09-23,558.2028198242188
2024-09-24,559.7999267578125
2024-09-25,558.5652465820312
2024-09-26,560.7798461914062
2024-09-27,559.966552734375
2024-09-30,562.2105102539062
2024-10-01,557.1738891601562
2024-10-02,557.4090576171875
2024-10-03,556.3899536132812
2024-10-04,561.4461669921875
2024-10-07,556.370361328125
2024-10-08,561.63232421875
2024-10-09,565.5223999023438
2024-10-10,564.53271484375
2024-10-11,567.913330078125
2024-10-14,572.5579223632812
2024-10-15,568.1093139648438
2024-10-16,570.5785522460938
2024-10-17,570.6275024414062
2024-10-18,572.8224487304688
2024-10-21,571.8817749023438
2024-10-22,571.5780029296875
2024-10-23,566.3552856445312
2024-10-24,567.5801391601562
2024-10-25,567.3840942382812
2024-10-28,569.1381225585938
2024-10-29,570.0591430664062
2024-10-30,568.3346557617188
2024-10-31,557.193603515625
2024-11-01,559.545166015625
2024-11-04,558.3399658203125
2024-11-05,565.0912475585938
2024-11-06,579.1425170898438
2024-11-07,583.62060546875
2024-11-08,586.1487426757812
2024-11-11,586.7072143554688
2024-11-12,584.8846435546875
2024-11-13,585.1688232421875
2024-11-14,581.4060668945312
2024-11-15,573.9591064453125
2024-11-18,576.310791015625
2024-11-19,578.41748046875
2024-11-20,578.613525390625
2024-11-21,581.7196655273438
2024-11-22,583.522705078125
2024-11-25,585.501953125
2024-11-26,588.5591430664062
2024-11-27,586.7757568359375
2024-11-29,590.4208984375
2024-12-02,591.479248046875
2024-12-03,591.7534790039062
2024-12-04,595.4279174804688
2024-12-05,594.4481201171875
2024-12-06,595.5750122070312
2024-12-09,592.508056640625
2024-12-10,590.6659545898438
2024-12-11,595.2320556640625
2024-12-12,592.1651000976562
2024-12-13,592.0475463867188
2024-12-16,594.5755615234375
2024-12-17,592.1257934570312
2024-12-18,574.478515625
2024-12-19,574.3020629882812
2024-12-20,581.199951171875
2024-12-23,584.6803588867188
2024-12-24,591.1790161132812
2024-12-26,591.2184448242188
2024-12-27,584.9949951171875
2024-12-30,578.3192138671875
2024-12-31,576.2153930664062
2025-01-02,574.799560546875
2025-01-03,581.9864501953125
2025-01-06,585.3390502929688
2025-01-07,578.7222900390625
2025-01-08,579.5678100585938
2025-01-10,570.7193603515625
2025-01-13,571.6041870117188
2025-01-14,572.3908081054688
2025-01-15,582.802490234375
2025-01-16,581.6817016601562
2025-01-17,587.521728515625
2025-01-21,592.8995971679688
2025-01-22,596.2327270507812
2025-01-23,599.4868774414062
2025-01-24,597.7368774414062
2025-01-27,589.2815551757812
2025-01-28,594.3449096679688
2025-01-29,591.6805419921875
2025-01-30,594.8561401367188
2025-01-31,591.6902465820312
2025-02-03,587.70849609375
2025-02-04,591.6510009765625
2025-02-05,594.0498657226562
2025-02-06,596.1146240234375
2025-02-07,590.6580200195312
2025-02-10,594.6693115234375
2025-02-11,595.1216430664062
2025-02-12,593.2044067382812
2025-02-13,599.4672241210938
2025-02-14,599.437744140625
2025-02-18,601.1976318359375
2025-02-19,602.6134643554688
2025-02-20,600.1062622070312
2025-02-21,589.8419799804688
2025-02-24,587.1580200195312
2025-02-25,584.2379150390625
2025-02-26,584.5328369140625
2025-02-27,575.2025756835938
2025-02-28,584.1788940429688
2025-03-03,573.9441528320312
2025-03-04,567.1503295898438
2025-03-05,573.24609375
2025-03-06,563.0703735351562
2025-03-07,566.2262573242188
2025-03-10,551.1444702148438
2025-03-11,546.56298828125
2025-03-12,549.4631958007812
2025-03-13,542.1386108398438
2025-03-14,553.3369750976562
2025-03-17,557.6039428710938
2025-03-18,551.5770874023438
2025-03-19,557.5842895507812
2025-03-20,555.971923828125
2025-03-21,556.1552734375
2025-03-24,566.1151733398438
2025-03-25,567.47607421875
2025-03-26,560.7013549804688
2025-03-27,559.2122192382812
2025-03-28,547.95068359375
2025-03-31,551.62890625
2025-04-01,553.1869506835938
2025-04-02,556.6878051757812
2025-04-03,529.2537231445312
2025-04-04,498.2696533203125
2025-04-07,497.38214111328125
2025-04-08,489.591796875
2025-04-09,541.0083618164062
2025-04-10,517.3019409179688
2025-04-11,526.5321044921875
2025-04-14,531.6401977539062
2025-04-15,530.151123046875
2025-04-16,518.3668823242188
2025-04-17,519.1064453125
2025-04-21,506.7503356933594
2025-04-22,519.9348754882812
2025-04-23,527.9915161132812
2025-04-24,539.1051025390625
2025-04-25,543.0004272460938
2025-04-28,543.2074584960938
2025-04-29,546.6292724609375
2025-04-30,546.84619140625
2025-05-01,550.7217407226562
2025-05-02,558.8966674804688
2025-05-05,555.6917724609375
2025-05-06,551.0471801757812
2025-05-07,553.3645629882812
2025-05-08,557.2202758789062
2025-05-09,556.5103149414062
2025-05-12,574.9014892578125
2025-05-13,578.6981201171875
2025-05-14,579.437744140625
2025-05-15,582.2679443359375
2025-05-16,585.9559936523438
2025-05-19,586.5969848632812
2025-05-20,584.6246337890625
2025-05-21,574.7733154296875
2025-05-22,575.0001220703125
2025-05-23,571.0753784179688
2025-05-27,582.9483642578125
2025-05-28,579.5757446289062
2025-05-29,581.8635864257812
2025-05-30,581.2127075195312
2025-06-02,584.4866943359375
2025-06-03,587.8197631835938
2025-06-04,587.6619873046875
2025-06-05,584.8218994140625
2025-06-06,590.827392578125
2025-06-09,591.35986328125
2025-06-10,594.7128295898438
2025-06-11,593.0166625976562
2025-06-12,595.3734130859375
2025-06-13,588.7171630859375
2025-06-16,594.318359375
2025-06-17,589.2398071289062
2025-06-18,589.1510009765625
2025-06-20,587.7673950195312
2025-06-23,593.5730590820312
2025-06-24,600.13037109375
2025-06-25,600.4666748046875
2025-06-26,605.1646118164062
2025-06-27,608.1713256835938
2025-06-30,611.0791015625
2025-07-01,610.8812866210938
2025-07-02,613.6505737304688
2025-07-03,618.4869995117188
2025-07-07,613.8780517578125
2025-07-08,613.5418090820312
2025-07-09,617.2210083007812
2025-07-10,618.9617309570312
2025-07-11,616.7857666015625
2025-07-14,617.9627075195312
2025-07-15,615.322021484375
2025-07-16,617.3792114257812
2025-07-17,621.1573486328125
2025-07-18,620.7024536132812
2025-07-21,621.87939453125
2025-07-22,621.9684448242188
2025-07-23,627.2598266601562
2025-07-24,627.4674682617188
2025-07-25,630.1181030273438
2025-07-28,629.9598388671875
2025-07-29,628.2982788085938
2025-07-30,627.5070190429688
2025-07-31,625.1531372070312
2025-08-01,614.9066162109375
2025-08-04,624.2530517578125
2025-08-05,621.088134765625
2025-08-06,625.845458984375
2025-08-07,625.3212280273438
2025-08-08,630.1972045898438
2025-08-11,628.9510498046875
2025-08-12,635.6469116210938
2025-08-13,637.8228149414062
2025-08-14,637.882080078125
2025-08-15,636.3886108398438
2025-08-18,636.2501220703125
2025-08-19,632.7984008789062
2025-08-20,631.1170043945312
2025-08-21,628.5850830078125
2025-08-22,638.2381591796875
2025-08-25,635.42919921875
2025-08-26,638.0897827148438
2025-08-27,639.543701171875
2025-08-28,641.8085327148438
2025-08-29,637.98095703125
2025-09-02,633.2533569335938
2025-09-03,636.6853637695312
2025-09-04,642.0062866210938
2025-09-05,640.1469116210938
2025-09-08,641.7195434570312
2025-09-09,643.2031860351562
2025-09-10,645.0625
2025-09-11,650.4231567382812
2025-09-12,650.2055053710938
2025-09-15,653.6671752929688
2025-09-16,652.76708984375
2025-09-17,651.9561767578125
2025-09-18,655.0023803710938
2025-09-19,658.2465209960938
2025-09-22,661.3607177734375
2025-09-23,657.7606201171875
2025-09-24,655.6678466796875
2025-09-25,652.6429443359375
2025-09-26,656.3819580078125
2025-09-29,658.2266845703125
2025-09-30,660.7061157226562
2025-10-01,662.95751953125
2025-10-02,663.7210693359375
2025-10-03,663.7113037109375
2025-10-06,666.0914916992188
2025-10-07,663.6219482421875
2025-10-08,667.5791625976562
2025-10-09,665.6452026367188
2025-10-10,647.6542358398438
2025-10-13,657.5919189453125
2025-10-14,656.78857421875
2025-10-15,659.7044067382812
2025-10-16,655.2116088867188
2025-10-17,658.9308471679688
2025-10-20,665.7840576171875
2025-10-21,665.7741088867188
2025-10-22,662.3128051757812
2025-10-23,666.2402954101562
2025-10-24,671.6851806640625
2025-10-27,679.6095581054688
2025-10-28,681.41455078125
2025-10-29,681.7418823242188
2025-10-30,674.2440185546875
2025-10-31,676.4556274414062
2025-11-03,677.72509765625
2025-11-04,669.691650390625
2025-11-05,672.012451171875
2025-11-06,664.8021850585938
2025-11-07,665.4567260742188
2025-11-10,675.8406982421875
2025-11-11,677.387939453125
2025-11-12,677.7648315429688
2025-11-13,666.5180053710938
2025-11-14,666.4088134765625
2025-11-17,660.2003173828125
2025-11-18,654.65625
2025-11-19,657.185302734375
2025-11-20,647.1683349609375
2025-11-21,653.6148681640625
2025-11-24,663.2351684570312
2025-11-25,669.4735717773438
2025-11-26,674.09521484375
2025-11-28,677.7747192382812
2025-12-01,674.6803588867188
2025-12-02,675.9299926757812
2025-12-03,678.2706298828125
2025-12-04,678.7664794921875
2025-12-05,680.0557861328125
2025-12-08,678.0126953125
2025-12-09,677.4276123046875
2025-12-10,681.92041015625
2025-12-11,683.5072021484375
2025-12-12,676.1581420898438
2025-12-15,675.1365966796875
2025-12-16,673.2918701171875
2025-12-17,665.8832397460938
2025-12-18,670.9115600585938
2025-12-19,676.9923095703125
2025-12-22,681.2098999023438
2025-12-23,684.3233032226562
2025-12-24,686.7305297851562
2025-12-26,686.660888671875
2025-12-29,684.2138671875
2025-12-30,683.3783569335938
2025-12-31,678.3152465820312
2026-01-02,679.55859375
2026-01-05,684.0845336914062
2026-01-06,688.1529541015625
2026-01-07,685.9347534179688
2026-01-08,685.8651123046875
2026-01-09,690.4010009765625
2026-01-12,691.4852294921875
2026-01-13,690.1026000976562
2026-01-14,686.7106323242188
2026-01-15,688.5806884765625
2026-01-16,688.0037231445312
2026-01-20,673.9981689453125
2026-01-21,681.77685546875
2026-01-22,685.3379516601562
2026-01-23,685.5865478515625
2026-01-26,689.0680541992188
2026-01-27,691.8134765625
2026-01-28,691.7438354492188
2026-01-29,690.3711547851562
2026-01-30,688.3120727539062
2026-02-02,691.7339477539062
2026-02-03,685.885009765625
2026-02-04,682.5626831054688
2026-02-05,674.0379638671875
2026-02-06,686.96923828125
2026-02-09,690.2816772460938
2026-02-10,688.4613037109375
2026-02-11,688.3021850585938
2026-02-12,677.668701171875
2026-02-13,678.1461181640625
2026-02-17,679.2402954101562
2026-02-18,682.662109375
2026-02-19,680.8616333007812
2026-02-20,685.7855834960938
2026-02-23,678.7827758789062
2026-02-24,683.7164916992188
2026-02-25,689.4859008789062
2026-02-26,685.6561889648438
2026-02-27,682.3637084960938
2026-03-02,682.751708984375
2026-03-03,676.7337036132812
2026-03-04,681.5082397460938
2026-03-05,677.70849609375
2026-03-06,668.82568359375
2026-03-09,674.6845703125
2026-03-10,673.6002807617188
2026-03-11,672.7548217773438
2026-03-12,662.5390625
2026-03-13,658.7890014648438
2026-03-16,665.493408203125
2026-03-17,667.2440185546875
2026-03-18,657.9335327148438
2026-03-19,656.3121948242188
2026-03-20,646.9034423828125
2026-03-23,653.6959228515625
2026-03-24,651.5015869140625
2026-03-25,655.1322021484375
2026-03-26,643.432373046875
2026-03-27,632.4606323242188
2026-03-30,630.3460693359375
2026-03-31,648.6688842773438
2026-04-01,653.5562744140625
2026-04-02,654.144775390625
2026-04-06,657.23681640625
2026-04-07,657.5260009765625
2026-04-08,674.27294921875
2026-04-09,678.162841796875
2026-04-10,677.7140502929688
2026-04-13,684.3369750976562
2026-04-14,692.675537109375
2026-04-15,698.1414184570312
2026-04-16,699.8569946289062
2026-04-17,708.3152465820312
2026-04-20,706.8988037109375
2026-04-21,702.2708129882812
2026-04-22,709.3825073242188
2026-04-23,706.6295776367188
2026-04-24,712.10546875
2026-04-27,713.332275390625
2026-04-28,709.8612060546875
2026-04-29,709.7515258789062
2026-04-30,716.8132934570312
2026-05-01,718.7982177734375
2026-05-04,716.1649780273438
2026-05-05,721.9102172851562
2026-05-06,731.9443359375
2026-05-07,729.7001342773438
2026-05-08,735.724609375
2026-05-11,737.4002685546875
2026-05-12,736.2831420898438
2026-05-13,740.4025268554688
2026-05-14,746.2474975585938
2026-05-15,737.2706298828125
2026-05-18,736.751953125
2026-05-19,731.8446044921875
2026-05-20,739.3452758789062
2026-05-21,740.8114624023438
2026-05-22,743.7239990234375
2026-05-26,748.6613159179688
2026-05-27,748.5316162109375
2026-05-28,752.6609497070312
2026-05-29,754.5361328125
2026-06-01,756.5908203125
2026-06-02,757.6182250976562
2026-06-03,752.3018798828125
2026-06-04,755.1445922851562
2026-06-05,735.65478515625
2026-06-08,737.3204345703125
2026-06-09,735.1560668945312
2026-06-10,723.56591796875
2026-06-11,735.8642578125
2026-06-12,739.843994140625
2026-06-15,752.890380859375
2026-06-16,748.4019775390625
2026-06-17,739.0560302734375
2026-06-18,746.739990234375
2026-06-22,744.3900146484375
2026-06-23,733.5800170898438
2026-06-24,733.239990234375
2026-06-25,734.2999877929688
2026-06-26,728.989990234375
2026-06-29,741.0
2026-06-30,746.77001953125
2026-07-01,745.760009765625
2026-07-02,744.780029296875
2026-07-06,751.280029296875
2026-07-07,747.7100219726562
2026-07-08,745.4000244140625
2026-07-09,751.7100219726562
2026-07-10,754.9500122070312
2026-07-13,749.1699829101562
2026-07-14,751.8300170898438
2026-07-15,754.8099975585938
2026-07-16,750.719970703125
2026-07-17,743.2899780273438
2026-07-20,742.0900268554688
2026-07-21,748.280029296875
2026-07-22,747.4099731445312
2026-07-23,738.1799926757812
2026-07-24,738.9299926757812
2026-07-27,739.0900268554688
2026-07-28,740.8599853515625
2026-07-29,729.4600219726562
2026-07-30,741.6900024414062
2026-07-31,747.030029296875
2026-08-03,757.6699829101562
2026-08-04,771.3300170898438
2026-08-05,769.7899780273438
2026-08-06,768.5599975585938
2026-08-07,773.260009765625
2026-08-10,773.030029296875
2026-08-11,770.5599975585938
2026-08-12,772.489990234375
2026-08-13,777.8800048828125
2026-08-14,776.3400268554688
