week_end,entry,struct,implied,med52,p75,short_k,wing_k,credit,pnl
2012-06-08,2012-06-04,t10,0.11000000000000006,,,705.0,690.0,0.44999999999999996,42.35999999999999
2012-06-22,2012-06-18,t10,0.11999999999999997,,,740.0,715.0,1.5,147.36
2012-06-22,2012-06-18,t1236,0.11999999999999997,,,730.0,710.0,0.65,62.36
2012-06-29,2012-06-25,t10,0.15499999999999997,,,740.0,720.0,1.35,132.36
2012-06-29,2012-06-25,t1236,0.15499999999999997,,,735.0,720.0,0.45000000000000007,42.36000000000001
2012-07-13,2012-07-09,t10,0.06000000000000001,,,775.0,755.0,0.45000000000000007,42.36000000000001
2012-07-27,2012-07-23,t10,0.18499999999999997,,,760.0,740.0,2.0999999999999996,207.35999999999999
2012-07-27,2012-07-23,t1236,0.18499999999999997,,,750.0,730.0,1.0999999999999999,107.35999999999999
2012-08-03,2012-07-30,t10,0.04500000000000002,,,765.0,745.0,0.45,42.36
2012-08-03,2012-07-30,t1236,0.04500000000000002,,,755.0,740.0,0.15000000000000002,12.360000000000001
2012-08-24,2012-08-20,t10,0.039999999999999994,,,790.0,770.0,0.35,32.36
2012-08-31,2012-08-27,t10,0.030000000000000006,,,780.0,760.0,0.09999999999999998,7.359999999999998
2012-09-07,2012-09-04,t10,0.039999999999999994,,,785.0,765.0,0.10000000000000003,7.360000000000003
2012-09-14,2012-09-10,t10,0.045,,,815.0,795.0,0.30000000000000004,27.360000000000003
2012-09-14,2012-09-10,t1236,0.045,,,805.0,790.0,0.04999999999999999,2.359999999999999
2012-09-28,2012-09-24,t10,0.02999999999999998,,,825.0,810.0,0.25,22.36
2012-09-28,2012-09-24,t1236,0.02999999999999998,,,820.0,805.0,0.04999999999999993,2.3599999999999928
2012-10-12,2012-10-08,t10,0.05,,,815.0,800.0,0.25,22.36
2012-10-12,2012-10-08,t1236,0.05,,,810.0,795.0,0.10000000000000003,7.360000000000003
2012-10-26,2012-10-22,t10,0.07500000000000004,,,795.0,780.0,0.6000000000000001,57.36000000000001
2012-10-26,2012-10-22,t1236,0.07500000000000004,,,790.0,770.0,0.44999999999999996,42.35999999999999
2012-11-09,2012-11-05,t10,0.195,,,790.0,775.0,0.19999999999999996,17.359999999999996
2012-11-30,2012-11-26,t10,0.05,,,780.0,765.0,0.35000000000000003,32.36
2012-11-30,2012-11-26,t1236,0.05,,,775.0,760.0,0.25000000000000006,22.360000000000007
2012-12-07,2012-12-03,t10,0.01499999999999999,,,795.0,780.0,0.09999999999999998,7.359999999999998
2012-12-14,2012-12-10,t10,0.03499999999999999,,,795.0,780.0,0.19999999999999996,17.359999999999996
2012-12-14,2012-12-10,t1236,0.03499999999999999,,,790.0,780.0,0.04999999999999999,2.359999999999999
2012-12-28,2012-12-24,t10,0.075,,,820.0,810.0,0.45000000000000007,42.36000000000001
2012-12-28,2012-12-24,t1236,0.075,,,815.0,800.0,0.44999999999999996,42.35999999999999
2013-01-04,2012-12-31,t10,0.13500000000000006,,,805.0,790.0,1.05,102.36
2013-01-04,2012-12-31,t1236,0.13500000000000006,,,800.0,790.0,0.55,52.36000000000001
2013-01-11,2013-01-07,t10,0.020000000000000007,,,850.0,835.0,0.04999999999999999,2.359999999999999
2013-01-25,2013-01-22,t10,0.024999999999999988,,,870.0,850.0,0.04999999999999999,2.359999999999999
2013-02-01,2013-01-28,t10,0.06500000000000002,0.04500000000000001,0.10125000000000005,880.0,865.0,0.10000000000000003,7.360000000000003
2013-02-08,2013-02-04,t10,0.05,0.04500000000000002,0.09250000000000005,885.0,870.0,0.35000000000000003,32.36
2013-02-08,2013-02-04,t1236,0.05,0.04500000000000002,0.09250000000000005,880.0,870.0,0.10000000000000003,7.360000000000003
2013-03-01,2013-02-25,t10,0.08500000000000005,0.04500000000000002,0.07500000000000004,895.0,880.0,0.7500000000000001,72.36000000000001
2013-03-01,2013-02-25,t1236,0.08500000000000005,0.04500000000000002,0.07500000000000004,885.0,870.0,0.25,22.36
2013-03-08,2013-03-04,t10,0.057499999999999975,0.047500000000000014,0.08250000000000005,890.0,880.0,0.3999999999999999,37.35999999999999
2013-03-08,2013-03-04,t1236,0.057499999999999975,0.047500000000000014,0.08250000000000005,890.0,870.0,0.6499999999999999,62.359999999999985
2013-03-22,2013-03-18,t10,0.125,0.05,0.08000000000000004,930.0,915.0,0.9,87.36
2013-03-22,2013-03-18,t1236,0.125,0.05,0.08000000000000004,925.0,910.0,0.3999999999999999,37.35999999999999
2013-03-29,2013-03-25,t10,0.024999999999999988,0.05,0.09125000000000005,925.0,910.0,0.15000000000000002,12.360000000000001
2013-03-29,2013-03-25,t1236,0.024999999999999988,0.05,0.09125000000000005,920.0,905.0,0.10000000000000003,7.360000000000003
2013-04-05,2013-04-01,t10,0.12000000000000004,0.05,0.08500000000000005,930.0,915.0,0.09999999999999998,-664.6370703125
2013-04-12,2013-04-08,t10,0.10500000000000002,0.05,0.10375000000000005,900.0,885.0,0.9000000000000001,87.36000000000001
2013-04-12,2013-04-08,t1236,0.10500000000000002,0.05,0.10375000000000005,895.0,880.0,0.6000000000000001,57.36000000000001
2013-04-26,2013-04-22,t10,0.17,0.05,0.10750000000000004,885.0,870.0,0.75,72.36
2013-04-26,2013-04-22,t1236,0.17,0.05,0.10750000000000004,880.0,865.0,0.7499999999999998,72.35999999999997
2013-05-03,2013-04-29,t10,0.04500000000000002,0.05,0.11250000000000003,910.0,890.0,0.20000000000000007,17.360000000000007
2013-05-03,2013-04-29,t1236,0.04500000000000002,0.05,0.11250000000000003,900.0,890.0,0.04999999999999993,2.3599999999999928
2013-05-10,2013-05-06,t10,0.057499999999999996,0.05,0.11000000000000006,930.0,910.0,0.6499999999999999,62.359999999999985
2013-05-10,2013-05-06,t1236,0.057499999999999996,0.05,0.11000000000000006,920.0,900.0,0.3,27.36
2013-05-24,2013-05-20,t10,0.05250000000000001,0.05,0.10875000000000004,970.0,950.0,0.7000000000000001,67.36
2013-05-24,2013-05-20,t1236,0.05250000000000001,0.05,0.10875000000000004,960.0,950.0,0.19999999999999996,17.359999999999996
2013-06-14,2013-06-10,t10,0.08,0.05,0.11000000000000006,960.0,940.0,1.05,102.36
2013-06-14,2013-06-10,t1236,0.08,0.05,0.11000000000000006,950.0,940.0,0.25,22.36
2013-06-28,2013-06-24,t10,0.2200000000000001,0.051250000000000004,0.10875000000000004,930.0,920.0,1.9000000000000004,187.36000000000004
2013-06-28,2013-06-24,t1236,0.2200000000000001,0.051250000000000004,0.10875000000000004,930.0,910.0,3.4000000000000004,337.36000000000007
2013-07-12,2013-07-08,t10,0.03749999999999999,0.05499999999999999,0.11250000000000003,980.0,960.0,0.45,42.36
2013-07-12,2013-07-08,t1236,0.03749999999999999,0.05499999999999999,0.11250000000000003,970.0,950.0,0.2,17.36
2013-07-26,2013-07-22,t1236,0.08,0.05250000000000001,0.11000000000000006,1010.0,1000.0,0.04999999999999999,2.359999999999999
2013-08-02,2013-07-29,t10,0.0625,0.05499999999999999,0.11000000000000004,1020.0,1000.0,0.6500000000000001,62.360000000000014
2013-08-02,2013-07-29,t1236,0.0625,0.05499999999999999,0.11000000000000004,1010.0,1000.0,0.10000000000000003,7.360000000000003
2013-08-09,2013-08-05,t10,0.024999999999999994,0.057499999999999975,0.11000000000000001,1030.0,1020.0,0.09999999999999998,7.359999999999998
2013-08-09,2013-08-05,t1236,0.024999999999999994,0.057499999999999975,0.11000000000000001,1030.0,1010.0,0.2,17.36
2013-08-23,2013-08-19,t10,0.07999999999999999,0.05499999999999999,0.11,1000.0,980.0,1.15,112.35999999999999
2013-08-23,2013-08-19,t1236,0.07999999999999999,0.05499999999999999,0.11,990.0,980.0,0.30000000000000004,27.360000000000003
2013-08-30,2013-08-26,t10,0.04,0.057499999999999975,0.10999999999999999,1010.0,990.0,0.35000000000000003,32.36
2013-09-13,2013-09-09,t10,0.0425,0.05250000000000001,0.10750000000000001,1000.0,980.0,0.5,47.36
2013-09-13,2013-09-09,t1236,0.0425,0.05250000000000001,0.10750000000000001,1000.0,980.0,0.5,47.36
2013-09-27,2013-09-23,t10,0.11000000000000001,0.051250000000000004,0.10625000000000001,1050.0,1030.0,1.2999999999999998,127.35999999999997
2013-09-27,2013-09-23,t1236,0.11000000000000001,0.051250000000000004,0.10625000000000001,1040.0,1020.0,0.44999999999999996,42.35999999999999
2013-10-04,2013-09-30,t10,0.125,0.051250000000000004,0.10625000000000001,1050.0,1030.0,0.8999999999999995,87.35999999999994
2013-10-11,2013-10-07,t10,0.13500000000000006,0.051250000000000004,0.10625000000000001,1050.0,1030.0,1.7500000000000002,172.36000000000004
2013-10-11,2013-10-07,t1236,0.13500000000000006,0.051250000000000004,0.10625000000000001,1050.0,1030.0,1.7500000000000002,172.36000000000004
2013-10-25,2013-10-21,t10,0.027500000000000004,0.051250000000000004,0.10625000000000001,1090.0,1070.0,0.050000000000000044,2.3600000000000043
2013-11-01,2013-10-28,t10,0.0325,0.051250000000000004,0.10625000000000001,1090.0,1070.0,0.30000000000000004,27.360000000000003
2013-11-01,2013-10-28,t1236,0.0325,0.051250000000000004,0.10625000000000001,1080.0,1070.0,0.050000000000000044,2.3600000000000043
2013-11-08,2013-11-04,t10,0.05249999999999999,0.05,0.10625000000000001,1070.0,1050.0,0.5,47.36
2013-11-08,2013-11-04,t1236,0.05249999999999999,0.05,0.10625000000000001,1060.0,1040.0,0.15000000000000002,12.360000000000001
2013-11-22,2013-11-18,t10,0.07250000000000001,0.05,0.09000000000000004,1090.0,1070.0,0.8,77.36
2013-11-22,2013-11-18,t1236,0.07250000000000001,0.05,0.09000000000000004,1080.0,1070.0,0.24999999999999994,22.359999999999992
2013-11-29,2013-11-25,t10,0.039999999999999994,0.05125,0.09000000000000004,1100.0,1080.0,0.39999999999999997,37.36
2013-11-29,2013-11-25,t1236,0.039999999999999994,0.05125,0.09000000000000004,1090.0,1070.0,0.050000000000000044,2.3600000000000043
2013-12-06,2013-12-02,t10,0.059999999999999984,0.05125,0.09000000000000004,1110.0,1100.0,0.35,32.36
2013-12-06,2013-12-02,t1236,0.059999999999999984,0.05125,0.09000000000000004,1110.0,1090.0,0.65,62.36
2013-12-13,2013-12-09,t1236,0.025,0.052500000000000005,0.09000000000000004,1100.0,1080.0,0.35,32.36
2014-01-03,2013-12-30,t10,0.025000000000000012,0.052500000000000005,0.09000000000000004,1130.0,1110.0,0.15000000000000002,12.360000000000001
2014-01-03,2013-12-30,t1236,0.025000000000000012,0.052500000000000005,0.09000000000000004,1130.0,1110.0,0.15000000000000002,12.360000000000001
2014-01-10,2014-01-06,t10,0.07250000000000001,0.052500000000000005,0.09000000000000004,1130.0,1110.0,0.5,47.36
2014-01-24,2014-01-21,t10,0.0125,0.05499999999999999,0.09000000000000004,1140.0,1120.0,0.09999999999999998,7.359999999999998
2014-01-31,2014-01-27,t10,0.1125,0.052500000000000005,0.08125000000000002,1120.0,1100.0,1.5999999999999999,157.36
2014-01-31,2014-01-27,t1236,0.1125,0.052500000000000005,0.08125000000000002,1110.0,1090.0,0.9000000000000001,87.36000000000001
2014-02-14,2014-02-10,t10,0.135,0.05499999999999999,0.10625000000000001,1090.0,1070.0,1.5500000000000003,152.36000000000004
2014-02-14,2014-02-10,t1236,0.135,0.05499999999999999,0.10625000000000001,1080.0,1060.0,1.0,97.36
2014-02-28,2014-02-24,t10,0.03500000000000001,0.05749999999999998,0.10999999999999999,1130.0,1120.0,0.10000000000000009,7.360000000000008
2014-03-07,2014-03-03,t10,0.1325,0.05499999999999999,0.10625000000000001,1150.0,1130.0,1.5,147.36
2014-03-07,2014-03-03,t1236,0.1325,0.05499999999999999,0.10625000000000001,1150.0,1130.0,1.5,147.36
2014-03-14,2014-03-10,t10,0.08499999999999999,0.05749999999999998,0.10999999999999999,1170.0,1150.0,0.7500000000000001,72.36000000000001
2014-03-28,2014-03-24,t10,0.05249999999999999,0.05874999999999999,0.10999999999999999,1160.0,1140.0,0.25,-796.634140625
2014-03-28,2014-03-24,t1236,0.05249999999999999,0.05874999999999999,0.10999999999999999,1160.0,1140.0,0.25,-796.634140625
2014-04-04,2014-03-31,t10,0.08249999999999998,0.05874999999999999,0.10999999999999999,1120.0,1100.0,0.6499999999999999,62.359999999999985
2014-04-04,2014-03-31,t1236,0.08249999999999998,0.05874999999999999,0.10999999999999999,1110.0,1090.0,0.25,22.36
2014-04-11,2014-04-07,t10,0.13500000000000006,0.06124999999999999,0.10999999999999999,1120.0,1100.0,1.6,-698.645859375
2014-04-11,2014-04-07,t1236,0.13500000000000006,0.06124999999999999,0.10999999999999999,1110.0,1090.0,0.44999999999999973,42.35999999999997
2014-04-25,2014-04-21,t10,0.06000000000000001,0.06124999999999999,0.11062500000000001,1100.0,1080.0,0.5,47.36
2014-04-25,2014-04-21,t1236,0.06000000000000001,0.06124999999999999,0.11062500000000001,1090.0,1070.0,0.35,32.36
2014-05-02,2014-04-28,t10,0.0975,0.06,0.10999999999999999,1090.0,1070.0,1.15,112.35999999999999
2014-05-02,2014-04-28,t1236,0.0975,0.06,0.10999999999999999,1080.0,1060.0,0.55,52.36000000000001
2014-05-09,2014-05-05,t10,0.10250000000000001,0.061250000000000006,0.10999999999999999,1090.0,1070.0,1.1,107.36000000000001
2014-05-09,2014-05-05,t1236,0.10250000000000001,0.061250000000000006,0.10999999999999999,1090.0,1070.0,1.1,107.36000000000001
2014-05-23,2014-05-19,t10,0.05500000000000001,0.06375,0.10999999999999999,1070.0,1040.0,0.8999999999999999,87.35999999999999
2014-05-23,2014-05-19,t1236,0.05500000000000001,0.06375,0.10999999999999999,1060.0,1040.0,0.35000000000000003,32.36
2014-06-06,2014-06-02,t10,0.13000000000000003,0.061250000000000006,0.10999999999999999,1100.0,1075.0,0.55,52.36000000000001
2014-06-06,2014-06-02,t1236,0.13000000000000003,0.061250000000000006,0.10999999999999999,1090.0,1070.0,0.20000000000000007,17.360000000000007
2014-06-13,2014-06-09,t10,0.039999999999999994,0.0675,0.11062500000000001,1130.0,1105.0,0.19999999999999996,17.359999999999996
2014-06-13,2014-06-09,t1236,0.039999999999999994,0.0675,0.11062500000000001,1120.0,1100.0,0.050000000000000044,2.3600000000000043
2014-06-27,2014-06-23,t10,0.07999999999999999,0.061250000000000006,0.11062500000000001,1155.0,1130.0,0.15000000000000002,12.360000000000001
2014-07-04,2014-06-30,t10,0.025,0.0675,0.11062500000000001,1155.0,1135.0,0.35,32.36
2014-07-11,2014-07-07,t10,0.1,0.061250000000000006,0.10999999999999999,1175.0,1155.0,0.7,-1439.63462890625
2014-07-11,2014-07-07,t1236,0.1,0.061250000000000006,0.10999999999999999,1165.0,1145.0,0.20000000000000007,-489.63462890625
2014-07-25,2014-07-21,t10,0.09,0.0675,0.10999999999999999,1115.0,1095.0,1.05,102.36
2014-07-25,2014-07-21,t1236,0.09,0.0675,0.10999999999999999,1105.0,1090.0,0.45000000000000007,42.36000000000001
2014-08-01,2014-07-28,t10,0.10499999999999998,0.0675,0.10625000000000001,1110.0,1090.0,1.05,102.36
2014-08-01,2014-07-28,t1236,0.10499999999999998,0.0675,0.10625000000000001,1100.0,1080.0,0.45,42.36
2014-08-08,2014-08-04,t10,0.06499999999999999,0.0675,0.10624999999999998,1080.0,1060.0,0.85,82.36
2014-08-08,2014-08-04,t1236,0.06499999999999999,0.0675,0.10624999999999998,1070.0,1050.0,0.45000000000000007,42.36000000000001
2014-08-22,2014-08-18,t10,0.030000000000000006,0.06375,0.103125,1110.0,1085.0,0.35,32.36
2014-08-22,2014-08-18,t1236,0.030000000000000006,0.06375,0.103125,1100.0,1080.0,0.15000000000000002,12.360000000000001
2014-09-05,2014-09-02,t10,0.019999999999999983,0.06375,0.103125,1145.0,1120.0,0.14999999999999997,12.359999999999996
2014-09-12,2014-09-08,t10,0.039999999999999994,0.06375,0.103125,1140.0,1120.0,0.15000000000000002,12.360000000000001
2014-09-26,2014-09-22,t10,0.13500000000000006,0.06375,0.103125,1115.0,1100.0,1.0500000000000003,102.36000000000003
2014-09-26,2014-09-22,t1236,0.13500000000000006,0.06375,0.103125,1110.0,1090.0,1.0,97.36
2014-10-03,2014-09-29,t10,0.18500000000000005,0.06375,0.103125,1090.0,1070.0,1.1,107.36000000000001
2014-10-03,2014-09-29,t1236,0.18500000000000005,0.06375,0.103125,1080.0,1060.0,0.6499999999999999,62.359999999999985
2014-10-24,2014-10-20,t10,0.09000000000000004,0.06375,0.103125,1050.0,1030.0,1.2000000000000002,117.36000000000001
2014-10-24,2014-10-20,t1236,0.09000000000000004,0.06375,0.103125,1040.0,1020.0,0.7000000000000002,67.36000000000001
2014-10-31,2014-10-27,t10,0.1500000000000002,0.06375,0.100625,1085.0,1060.0,2.7,267.36
2014-10-31,2014-10-27,t1236,0.1500000000000002,0.06375,0.100625,1070.0,1060.0,0.5,47.36
2014-11-07,2014-11-03,t10,0.029999999999999992,0.06875,0.103125,1140.0,1110.0,0.5,47.36
2014-11-07,2014-11-03,t1236,0.029999999999999992,0.06875,0.103125,1130.0,1110.0,0.15000000000000002,12.360000000000001
2014-11-14,2014-11-10,t10,0.019999999999999997,0.06375,0.103125,1135.0,1110.0,0.04999999999999999,2.359999999999999
2014-11-14,2014-11-10,t1236,0.019999999999999997,0.06375,0.103125,1130.0,1110.0,0.04999999999999999,2.359999999999999
2014-11-28,2014-11-24,t10,0.019999999999999997,0.0625,0.103125,1135.0,1120.0,0.09999999999999998,7.359999999999998
2014-12-05,2014-12-01,t10,0.15,0.0625,0.103125,1140.0,1120.0,1.4999999999999998,147.35999999999999
2014-12-05,2014-12-01,t1236,0.15,0.0625,0.103125,1130.0,1110.0,0.55,52.36000000000001
2014-12-12,2014-12-08,t10,0.06499999999999999,0.0625,0.10624999999999998,1150.0,1130.0,0.6000000000000001,57.36000000000001
2014-12-12,2014-12-08,t1236,0.06499999999999999,0.0625,0.10624999999999998,1140.0,1120.0,0.20000000000000007,17.360000000000007
2015-01-09,2015-01-05,t10,0.17,0.06499999999999999,0.10624999999999998,1165.0,1140.0,2.7499999999999996,272.35999999999996
2015-01-09,2015-01-05,t1236,0.17,0.06499999999999999,0.10624999999999998,1155.0,1135.0,1.5,147.36
2015-01-23,2015-01-20,t10,0.13999999999999996,0.06499999999999999,0.10687499999999998,1140.0,1120.0,1.85,182.36
2015-01-23,2015-01-20,t1236,0.13999999999999996,0.06499999999999999,0.10687499999999998,1130.0,1110.0,0.8499999999999999,82.35999999999999
2015-01-30,2015-01-26,t10,0.10000000000000005,0.06499999999999999,0.10687499999999998,1155.0,1130.0,1.35,132.36
2015-01-30,2015-01-26,t1236,0.10000000000000005,0.06499999999999999,0.10687499999999998,1145.0,1120.0,0.7,67.36
2015-02-06,2015-02-02,t10,0.1700000000000001,0.06499999999999999,0.103125,1130.0,1110.0,1.5500000000000003,152.36000000000004
2015-02-06,2015-02-02,t1236,0.1700000000000001,0.06499999999999999,0.103125,1120.0,1100.0,0.8500000000000001,82.36000000000001
2015-02-13,2015-02-09,t10,0.06499999999999995,0.06875,0.10687499999999998,1165.0,1145.0,0.6499999999999999,62.359999999999985
2015-02-13,2015-02-09,t1236,0.06499999999999995,0.06875,0.10687499999999998,1160.0,1135.0,0.5,47.36
2015-02-27,2015-02-23,t10,0.08000000000000003,0.06875,0.10687499999999998,1195.0,1175.0,0.6000000000000001,57.36000000000001
2015-02-27,2015-02-23,t1236,0.08000000000000003,0.06875,0.10687499999999998,1185.0,1165.0,0.19999999999999996,17.359999999999996
2015-03-06,2015-03-02,t10,0.030000000000000006,0.07250000000000001,0.10687499999999998,1200.0,1175.0,0.14999999999999997,12.359999999999996
2015-03-13,2015-03-09,t10,0.06000000000000001,0.06875,0.10687499999999998,1185.0,1160.0,0.5,47.36
2015-03-13,2015-03-09,t1236,0.06000000000000001,0.06875,0.10687499999999998,1175.0,1155.0,0.09999999999999998,7.359999999999998
2015-03-27,2015-03-23,t10,0.039999999999999994,0.06875,0.10687499999999998,1230.0,1210.0,0.10000000000000003,7.360000000000003
2015-04-10,2015-04-06,t10,0.040000000000000015,0.06875,0.10687499999999998,1220.0,1200.0,0.09999999999999998,7.359999999999998
2015-05-01,2015-04-27,t10,0.019999999999999997,0.06875,0.10687499999999998,1235.0,1215.0,0.050000000000000044,-686.64146484375
2015-05-08,2015-05-04,t10,0.059999999999999984,0.06499999999999999,0.10687499999999998,1195.0,1175.0,0.050000000000000044,2.3600000000000043
2015-05-29,2015-05-26,t10,0.15999999999999998,0.06499999999999997,0.103125,1220.0,1200.0,1.1,107.36000000000001
2015-06-05,2015-06-01,t10,0.13499999999999995,0.06499999999999997,0.103125,1215.0,1195.0,0.75,72.36
2015-06-05,2015-06-01,t1236,0.13499999999999995,0.06499999999999997,0.103125,1210.0,1190.0,0.5499999999999999,52.35999999999999
2015-06-12,2015-06-08,t10,0.12000000000000002,0.06499999999999997,0.103125,1230.0,1210.0,0.8,77.36
2015-06-12,2015-06-08,t1236,0.12000000000000002,0.06499999999999997,0.103125,1225.0,1205.0,0.5,47.36
2015-07-03,2015-06-29,t10,0.19500000000000012,0.06499999999999997,0.103125,1250.0,1230.0,1.1,-66.63902343749999
2015-07-03,2015-06-29,t1236,0.19500000000000012,0.06499999999999997,0.103125,1240.0,1225.0,0.050000000000000044,2.3600000000000043
2015-07-10,2015-07-06,t10,0.16499999999999995,0.06499999999999997,0.10874999999999999,1215.0,1200.0,0.2500000000000002,22.36000000000002
2015-07-24,2015-07-20,t10,0.05,0.06499999999999999,0.12250000000000003,1235.0,1220.0,0.19999999999999996,-883.6409765625001
2015-07-24,2015-07-20,t1236,0.05,0.06499999999999999,0.12250000000000003,1230.0,1215.0,0.09999999999999998,-393.6409765625
2015-07-31,2015-07-27,t10,0.15499999999999997,0.06499999999999997,0.12250000000000003,1195.0,1175.0,1.4500000000000002,142.36000000000004
2015-07-31,2015-07-27,t1236,0.15499999999999997,0.06499999999999997,0.12250000000000003,1185.0,1170.0,0.5,47.36
2015-08-07,2015-08-03,t10,0.04499999999999997,0.06499999999999997,0.12250000000000003,1205.0,1185.0,0.2,17.36
2015-08-07,2015-08-03,t1236,0.04499999999999997,0.06499999999999997,0.12250000000000003,1200.0,1180.0,0.04999999999999999,2.359999999999999
2015-09-04,2015-08-31,t10,0.15999999999999978,0.06249999999999998,0.13125,1125.0,1105.0,1.2999999999999998,127.35999999999997
2015-09-04,2015-08-31,t1236,0.15999999999999978,0.06249999999999998,0.13125,1115.0,1095.0,0.5500000000000003,52.36000000000003
2015-09-11,2015-09-08,t10,0.03500000000000001,0.06499999999999997,0.13499999999999998,1100.0,1075.0,0.14999999999999997,12.359999999999996
2015-09-25,2015-09-21,t10,0.05499999999999998,0.06499999999999997,0.13499999999999998,1125.0,1100.0,0.30000000000000004,-193.63609375
2015-10-02,2015-09-28,t10,0.20999999999999996,0.06249999999999998,0.13499999999999998,1085.0,1060.0,2.6,257.36
2015-10-02,2015-09-28,t1236,0.20999999999999996,0.06249999999999998,0.13499999999999998,1075.0,1055.0,1.0999999999999999,107.35999999999999
2015-10-23,2015-10-19,t10,0.040000000000000015,0.06249999999999998,0.13625000000000004,1120.0,1095.0,0.19999999999999996,17.359999999999996
2015-10-23,2015-10-19,t1236,0.040000000000000015,0.06249999999999998,0.13625000000000004,1115.0,1090.0,0.10000000000000003,7.360000000000003
2015-10-30,2015-10-26,t10,0.059999999999999984,0.06249999999999998,0.13625000000000004,1125.0,1105.0,0.4,37.36
2015-10-30,2015-10-26,t1236,0.059999999999999984,0.06249999999999998,0.13625000000000004,1120.0,1095.0,0.30000000000000004,27.360000000000003
2015-11-06,2015-11-02,t10,0.03499999999999999,0.06,0.13625000000000004,1125.0,1100.0,0.19999999999999996,17.359999999999996
2015-11-13,2015-11-09,t10,0.075,0.059999999999999984,0.13625000000000004,1160.0,1135.0,0.7000000000000001,-1277.6351171875
2015-11-13,2015-11-09,t1236,0.075,0.059999999999999984,0.13625000000000004,1150.0,1130.0,0.25,-322.6351171875
2015-12-04,2015-11-30,t10,0.06000000000000001,0.05749999999999998,0.13625000000000004,1165.0,1140.0,0.4,37.36
2015-12-04,2015-11-30,t1236,0.06000000000000001,0.05749999999999998,0.13625000000000004,1155.0,1130.0,0.14999999999999997,12.359999999999996
2015-12-11,2015-12-07,t10,0.10499999999999998,0.059999999999999984,0.13625000000000004,1145.0,1120.0,1.25,-2016.64146484375
2015-12-11,2015-12-07,t1236,0.10499999999999998,0.059999999999999984,0.13625000000000004,1135.0,1115.0,0.49999999999999994,-1091.64146484375
2015-12-25,2015-12-21,t10,0.015000000000000003,0.06,0.13625000000000004,1080.0,1055.0,0.050000000000000044,2.3600000000000043
2016-01-08,2016-01-04,t10,0.2800000000000001,0.06000000000000001,0.1375,1095.0,1070.0,1.9499999999999997,-2307.64
2016-01-08,2016-01-04,t1236,0.2800000000000001,0.06000000000000001,0.1375,1085.0,1065.0,1.4,-1862.6400000000003
2016-01-22,2016-01-19,t10,0.08000000000000003,0.06000000000000001,0.14499999999999996,960.0,935.0,0.7,67.36
2016-01-22,2016-01-19,t1236,0.08000000000000003,0.06000000000000001,0.14499999999999996,950.0,925.0,0.19999999999999996,17.359999999999996
2016-01-29,2016-01-25,t10,0.12000000000000002,0.06000000000000001,0.13749999999999996,975.0,945.0,1.85,182.36
2016-01-29,2016-01-25,t1236,0.12000000000000002,0.06000000000000001,0.13749999999999996,965.0,935.0,1.0999999999999999,107.35999999999999
2016-02-05,2016-02-01,t10,0.16500000000000004,0.06000000000000001,0.13749999999999996,990.0,960.0,1.6,-280.6404882812386
2016-02-05,2016-02-01,t1236,0.16500000000000004,0.06000000000000001,0.13749999999999996,980.0,955.0,0.55,52.36000000000001
2016-02-12,2016-02-08,t10,0.25,0.06000000000000001,0.14499999999999996,940.0,910.0,4.5,447.36
2016-02-12,2016-02-08,t1236,0.25,0.06000000000000001,0.14499999999999996,930.0,900.0,3.1500000000000004,312.36000000000007
2016-03-04,2016-02-29,t10,0.059999999999999984,0.06000000000000001,0.14499999999999996,990.0,965.0,0.09999999999999998,7.359999999999998
2016-03-11,2016-03-07,t10,0.045,0.06000000000000001,0.14499999999999996,1035.0,1005.0,0.55,52.36000000000001
2016-03-11,2016-03-07,t1236,0.045,0.06000000000000001,0.14499999999999996,1025.0,1000.0,0.25000000000000006,22.360000000000007
2016-03-25,2016-03-21,t10,0.009999999999999998,0.06000000000000001,0.14499999999999996,1055.0,1030.0,0.04999999999999999,2.359999999999999
2016-04-01,2016-03-28,t10,0.040000000000000015,0.059999999999999984,0.13749999999999996,1035.0,1005.0,0.050000000000000044,2.3600000000000043
2016-04-08,2016-04-04,t10,0.010000000000000009,0.059999999999999984,0.13749999999999996,1075.0,1045.0,0.050000000000000044,2.3600000000000043
2016-04-29,2016-04-25,t10,0.05499999999999998,0.059999999999999984,0.13749999999999996,1105.0,1080.0,0.30000000000000004,27.360000000000003
2016-04-29,2016-04-25,t1236,0.05499999999999998,0.059999999999999984,0.13749999999999996,1095.0,1070.0,0.10000000000000003,7.360000000000003
2016-05-06,2016-05-02,t10,0.039999999999999994,0.059999999999999984,0.1275,1090.0,1065.0,0.30000000000000004,27.360000000000003
2016-05-13,2016-05-09,t10,0.030000000000000006,0.05499999999999998,0.12000000000000002,1075.0,1050.0,0.04999999999999999,2.359999999999999
2016-05-27,2016-05-23,t10,0.020000000000000007,0.05499999999999998,0.12000000000000002,1070.0,1050.0,0.10000000000000003,7.360000000000003
2016-05-27,2016-05-23,t1236,0.020000000000000007,0.05499999999999998,0.12000000000000002,1065.0,1040.0,0.04999999999999999,2.359999999999999
2016-06-10,2016-06-06,t10,0.0050000000000000044,0.045,0.1125,1125.0,1100.0,0.09999999999999998,7.359999999999998
2016-06-10,2016-06-06,t1236,0.0050000000000000044,0.045,0.1125,1115.0,1095.0,0.04999999999999999,2.359999999999999
2016-06-24,2016-06-20,t10,0.04499999999999997,0.04499999999999997,0.1125,1105.0,1085.0,0.55,52.36000000000001
2016-06-24,2016-06-20,t1236,0.04499999999999997,0.04499999999999997,0.1125,1100.0,1080.0,0.45000000000000007,42.36000000000001
2016-07-01,2016-06-27,t10,0.3200000000000003,0.04499999999999997,0.1125,1090.0,1065.0,5.3999999999999995,537.36
2016-07-01,2016-06-27,t1236,0.3200000000000003,0.04499999999999997,0.1125,1080.0,1060.0,3.200000000000001,317.3600000000001
2016-07-08,2016-07-05,t10,0.10499999999999998,0.04499999999999997,0.12000000000000002,1115.0,1090.0,1.25,122.36
2016-07-08,2016-07-05,t1236,0.10499999999999998,0.04499999999999997,0.12000000000000002,1105.0,1085.0,0.5,47.36
2016-07-22,2016-07-18,t10,0.030000000000000006,0.045,0.12000000000000002,1165.0,1140.0,0.30000000000000004,27.360000000000003
2016-07-22,2016-07-18,t1236,0.030000000000000006,0.045,0.12000000000000002,1155.0,1130.0,0.10000000000000003,7.360000000000003
2016-07-29,2016-07-25,t10,0.05500000000000003,0.045,0.12000000000000002,1175.0,1150.0,0.6000000000000001,57.36000000000001
2016-07-29,2016-07-25,t1236,0.05500000000000003,0.045,0.12000000000000002,1165.0,1145.0,0.2,17.36
2016-08-05,2016-08-01,t10,0.05,0.05,0.12000000000000002,1180.0,1160.0,0.35,32.36
2016-08-05,2016-08-01,t1236,0.05,0.05,0.12000000000000002,1175.0,1155.0,0.25,22.36
2016-08-12,2016-08-08,t10,0.01499999999999999,0.05,0.12000000000000002,1195.0,1170.0,0.15000000000000002,12.360000000000001
2016-08-12,2016-08-08,t1236,0.01499999999999999,0.05,0.12000000000000002,1185.0,1165.0,0.09999999999999998,7.359999999999998
2016-08-26,2016-08-22,t10,0.05999999999999996,0.05,0.12000000000000002,1200.0,1180.0,0.6000000000000001,57.36000000000001
2016-08-26,2016-08-22,t1236,0.05999999999999996,0.05,0.12000000000000002,1195.0,1175.0,0.4,37.36
2016-09-02,2016-08-29,t10,0.05,0.05,0.12000000000000002,1205.0,1185.0,0.6,57.36
2016-09-02,2016-08-29,t1236,0.05,0.05,0.12000000000000002,1195.0,1180.0,0.19999999999999996,17.359999999999996
2016-09-09,2016-09-06,t10,0.030000000000000006,0.05,0.12000000000000002,1220.0,1200.0,0.14999999999999997,-66.64390625000001
2016-09-30,2016-09-26,t10,0.13499999999999995,0.05,0.10499999999999998,1220.0,1200.0,1.5500000000000003,152.36000000000004
2016-09-30,2016-09-26,t1236,0.13499999999999995,0.05,0.10499999999999998,1215.0,1195.0,1.1999999999999997,117.35999999999997
2016-10-14,2016-10-10,t10,0.01499999999999999,0.05,0.10499999999999998,1205.0,1185.0,0.04999999999999999,2.359999999999999
2016-10-28,2016-10-24,t10,0.030000000000000006,0.05,0.0925,1185.0,1165.0,0.09999999999999998,7.359999999999998
2016-11-04,2016-10-31,t10,0.12000000000000002,0.05,0.07750000000000001,1155.0,1135.0,1.4,137.36
2016-11-04,2016-10-31,t1236,0.12000000000000002,0.05,0.07750000000000001,1145.0,1130.0,0.6000000000000001,57.36000000000001
2016-12-02,2016-11-28,t10,0.085,0.05,0.08750000000000002,1310.0,1285.0,0.9000000000000001,87.36000000000001
2016-12-02,2016-11-28,t1236,0.085,0.05,0.08750000000000002,1300.0,1280.0,0.4,37.36
2016-12-23,2016-12-19,t10,0.045,0.05,0.08250000000000002,1325.0,1300.0,0.35,32.36
2017-01-13,2017-01-09,t10,0.085,0.045,0.07750000000000001,1330.0,1305.0,0.9000000000000001,87.36000000000001
2017-01-13,2017-01-09,t1236,0.085,0.045,0.07750000000000001,1320.0,1300.0,0.35,32.36
2017-01-27,2017-01-23,t10,0.06500000000000003,0.045,0.07750000000000001,1315.0,1290.0,0.20000000000000007,17.360000000000007
2017-02-03,2017-01-30,t10,0.2699999999999999,0.045,0.07750000000000001,1335.0,1310.0,3.6999999999999997,367.36
2017-02-03,2017-01-30,t1236,0.2699999999999999,0.045,0.07750000000000001,1325.0,1305.0,1.85,182.36
2017-02-10,2017-02-06,t10,0.07000000000000002,0.05,0.08250000000000002,1340.0,1315.0,0.9000000000000001,87.36000000000001
2017-02-10,2017-02-06,t1236,0.07000000000000002,0.05,0.08250000000000002,1330.0,1310.0,0.29999999999999993,27.359999999999992
2017-02-24,2017-02-21,t10,0.034999999999999996,0.05,0.08250000000000002,1365.0,1340.0,0.04999999999999999,2.359999999999999
2017-03-03,2017-02-27,t10,0.04499999999999997,0.05,0.08250000000000002,1360.0,1335.0,0.44999999999999996,42.35999999999999
2017-03-03,2017-02-27,t1236,0.04499999999999997,0.05,0.08250000000000002,1350.0,1330.0,0.050000000000000044,2.3600000000000043
2017-03-10,2017-03-06,t10,0.13500000000000006,0.045,0.08250000000000002,1360.0,1335.0,1.5000000000000002,147.36000000000004
2017-03-10,2017-03-06,t1236,0.13500000000000006,0.045,0.08250000000000002,1350.0,1330.0,0.5,47.36
2017-03-24,2017-03-20,t10,0.07999999999999999,0.05,0.085,1355.0,1335.0,0.5,11.36146484375
2017-03-31,2017-03-27,t10,0.21999999999999992,0.05,0.085,1315.0,1295.0,0.2999999999999998,27.35999999999998
2017-04-07,2017-04-03,t10,0.06000000000000001,0.05,0.085,1345.0,1325.0,0.30000000000000004,27.360000000000003
2017-04-07,2017-04-03,t1236,0.06000000000000001,0.05,0.085,1340.0,1315.0,0.25,22.36
2017-05-12,2017-05-08,t10,0.05,0.045,0.08124999999999999,1360.0,1335.0,0.25,22.36
2017-06-02,2017-05-30,t10,0.05,0.045,0.06999999999999999,1345.0,1325.0,0.19999999999999996,17.359999999999996
2017-07-14,2017-07-10,t10,0.11999999999999993,0.04499999999999997,0.06625000000000002,1380.0,1360.0,1.0,97.36
2017-07-14,2017-07-10,t1236,0.11999999999999993,0.04499999999999997,0.06625000000000002,1370.0,1350.0,0.6,57.36
2017-07-28,2017-07-24,t10,0.039999999999999994,0.044999999999999984,0.06999999999999999,1400.0,1380.0,0.050000000000000044,2.3600000000000043
2017-08-04,2017-07-31,t10,0.05499999999999998,0.044999999999999984,0.06999999999999999,1395.0,1375.0,0.30000000000000004,27.360000000000003
2017-08-11,2017-08-07,t10,0.03500000000000001,0.045,0.06999999999999999,1380.0,1355.0,0.2,-559.641953125
2017-08-25,2017-08-21,t10,0.08499999999999992,0.044999999999999984,0.06999999999999999,1320.0,1300.0,0.5999999999999999,57.359999999999985
2017-08-25,2017-08-21,t1236,0.08499999999999992,0.044999999999999984,0.06999999999999999,1315.0,1290.0,0.44999999999999996,42.35999999999999
2017-09-01,2017-08-28,t10,0.03499999999999996,0.045,0.07250000000000001,1340.0,1320.0,0.04999999999999993,2.3599999999999928
2017-10-13,2017-10-09,t10,0.06499999999999999,0.0475,0.08124999999999998,1475.0,1455.0,0.15000000000000002,12.360000000000001
2017-11-03,2017-10-30,t10,0.10499999999999998,0.045,0.06999999999999999,1475.0,1455.0,1.0499999999999998,102.35999999999999
2017-11-03,2017-10-30,t1236,0.10499999999999998,0.045,0.06999999999999999,1470.0,1450.0,0.75,72.36
2017-11-10,2017-11-06,t10,0.06500000000000003,0.0475,0.07250000000000001,1465.0,1445.0,0.4,37.36
2017-12-29,2017-12-26,t10,0.040000000000000015,0.04499999999999999,0.08124999999999998,1510.0,1490.0,0.39999999999999997,37.36
2017-12-29,2017-12-26,t1236,0.040000000000000015,0.04499999999999999,0.08124999999999998,1500.0,1480.0,0.04999999999999999,2.359999999999999
2018-01-05,2018-01-02,t10,0.019999999999999997,0.04499999999999999,0.08124999999999998,1505.0,1480.0,0.25,22.36
2018-01-05,2018-01-02,t1236,0.019999999999999997,0.04499999999999999,0.08124999999999998,1495.0,1475.0,0.050000000000000044,2.3600000000000043
2018-01-12,2018-01-08,t10,0.14000000000000004,0.04499999999999998,0.08124999999999998,1530.0,1510.0,1.4500000000000002,142.36000000000004
2018-01-12,2018-01-08,t1236,0.14000000000000004,0.04499999999999998,0.08124999999999998,1520.0,1500.0,0.7500000000000001,72.36000000000001
2018-01-26,2018-01-22,t10,0.07000000000000002,0.04499999999999998,0.08124999999999998,1565.0,1545.0,0.6499999999999999,62.359999999999985
2018-01-26,2018-01-22,t1236,0.07000000000000002,0.04499999999999998,0.08124999999999998,1555.0,1540.0,0.20000000000000018,17.360000000000017
2018-02-02,2018-01-29,t10,0.08499999999999996,0.04499999999999998,0.08124999999999998,1575.0,1555.0,0.9000000000000001,-1912.6400000000003
2018-02-02,2018-01-29,t1236,0.08499999999999996,0.04499999999999998,0.08124999999999998,1570.0,1550.0,0.6499999999999999,-1937.6400000000003
2018-02-23,2018-02-20,t10,0.08999999999999994,0.045,0.08499999999999998,1500.0,1475.0,1.0999999999999999,107.35999999999999
2018-02-23,2018-02-20,t1236,0.08999999999999994,0.045,0.08499999999999998,1490.0,1465.0,0.6500000000000001,62.360000000000014
2018-03-02,2018-02-26,t10,0.05499999999999998,0.045,0.08499999999999998,1505.0,1480.0,0.55,52.36000000000001
2018-03-02,2018-02-26,t1236,0.05499999999999998,0.045,0.08499999999999998,1495.0,1475.0,0.15000000000000013,12.360000000000014
2018-03-09,2018-03-05,t10,0.1200000000000001,0.045,0.08499999999999994,1490.0,1460.0,1.4499999999999997,142.35999999999999
2018-03-09,2018-03-05,t1236,0.1200000000000001,0.045,0.08499999999999994,1480.0,1455.0,0.5500000000000003,52.36000000000003
2018-03-23,2018-03-19,t10,0.08499999999999996,0.0475,0.08499999999999998,1540.0,1510.0,1.0499999999999998,-2889.64439453125
2018-03-23,2018-03-19,t1236,0.08499999999999996,0.0475,0.08499999999999998,1530.0,1505.0,0.4500000000000002,-1949.64439453125
2018-03-30,2018-03-26,t10,0.040000000000000036,0.0475,0.08499999999999996,1460.0,1435.0,0.3500000000000001,32.36000000000001
2018-03-30,2018-03-26,t1236,0.040000000000000036,0.0475,0.08499999999999996,1450.0,1425.0,0.19999999999999996,17.359999999999996
2018-04-13,2018-04-09,t10,0.06000000000000001,0.05,0.08499999999999998,1465.0,1435.0,0.8499999999999999,82.35999999999999
2018-04-13,2018-04-09,t1236,0.06000000000000001,0.05,0.08499999999999998,1455.0,1425.0,0.5,47.36
2018-04-27,2018-04-23,t10,0.039999999999999994,0.05249999999999999,0.08499999999999998,1515.0,1485.0,0.44999999999999996,42.35999999999999
2018-04-27,2018-04-23,t1236,0.039999999999999994,0.05249999999999999,0.08499999999999998,1505.0,1480.0,0.15000000000000002,12.360000000000001
2018-05-04,2018-04-30,t10,0.040000000000000015,0.05249999999999999,0.08499999999999998,1510.0,1480.0,0.3,27.36
2018-05-04,2018-04-30,t1236,0.040000000000000015,0.05249999999999999,0.08499999999999998,1500.0,1470.0,0.15000000000000002,12.360000000000001
2018-05-11,2018-05-07,t10,0.030000000000000006,0.05,0.08499999999999996,1520.0,1490.0,0.25,22.36
2018-05-25,2018-05-21,t10,0.019999999999999997,0.047499999999999994,0.08499999999999996,1580.0,1550.0,0.09999999999999998,7.359999999999998
2018-06-01,2018-05-29,t10,0.039999999999999994,0.04499999999999998,0.08499999999999994,1580.0,1555.0,0.25,22.36
2018-06-01,2018-05-29,t1236,0.039999999999999994,0.04499999999999998,0.08499999999999994,1570.0,1545.0,0.050000000000000044,2.3600000000000043
2018-06-08,2018-06-04,t10,0.045,0.0425,0.08499999999999994,1605.0,1575.0,0.25,22.36
2018-06-08,2018-06-04,t1236,0.045,0.0425,0.08499999999999994,1595.0,1570.0,0.04999999999999993,2.3599999999999928
2018-06-22,2018-06-18,t10,0.05999999999999996,0.04499999999999998,0.08499999999999994,1640.0,1615.0,0.6499999999999999,62.359999999999985
2018-06-22,2018-06-18,t1236,0.05999999999999996,0.04499999999999998,0.08499999999999994,1630.0,1610.0,0.29999999999999993,27.359999999999992
2018-06-29,2018-06-25,t10,0.23999999999999985,0.04499999999999999,0.08499999999999994,1645.0,1620.0,3.9,194.35462890625
2018-06-29,2018-06-25,t1236,0.23999999999999985,0.04499999999999999,0.08499999999999994,1635.0,1610.0,2.55,252.35999999999999
2018-07-06,2018-07-02,t10,0.1,0.04499999999999999,0.08499999999999994,1600.0,1575.0,1.1500000000000001,112.36000000000001
2018-07-06,2018-07-02,t1236,0.1,0.04499999999999999,0.08499999999999994,1590.0,1565.0,0.6,57.36
2018-07-13,2018-07-09,t10,0.03500000000000005,0.04499999999999999,0.08499999999999996,1650.0,1625.0,0.4,37.36
2018-07-13,2018-07-09,t1236,0.03500000000000005,0.04499999999999999,0.08499999999999996,1640.0,1615.0,0.19999999999999996,17.359999999999996
2018-07-27,2018-07-23,t10,0.05499999999999998,0.04250000000000001,0.08499999999999994,1655.0,1630.0,0.6499999999999999,62.359999999999985
2018-07-27,2018-07-23,t1236,0.05499999999999998,0.04250000000000001,0.08499999999999994,1645.0,1620.0,0.35,32.36
2018-08-03,2018-07-30,t10,0.075,0.04250000000000001,0.08499999999999994,1620.0,1595.0,1.0499999999999998,102.35999999999999
2018-08-03,2018-07-30,t1236,0.075,0.04250000000000001,0.08499999999999994,1610.0,1590.0,0.5,47.36
2018-08-10,2018-08-06,t10,0.039999999999999966,0.04499999999999999,0.08499999999999994,1630.0,1605.0,0.44999999999999996,42.35999999999999
2018-08-10,2018-08-06,t1236,0.039999999999999966,0.04499999999999999,0.08499999999999994,1620.0,1600.0,0.14999999999999997,12.359999999999996
2018-08-24,2018-08-20,t10,0.05,0.04499999999999999,0.08499999999999994,1655.0,1630.0,0.4999999999999999,47.359999999999985
2018-08-24,2018-08-20,t1236,0.05,0.04499999999999999,0.08499999999999994,1645.0,1620.0,0.25,22.36
2018-08-31,2018-08-27,t10,0.01499999999999999,0.0475,0.08499999999999994,1685.0,1660.0,0.15000000000000002,12.360000000000001
2018-08-31,2018-08-27,t1236,0.01499999999999999,0.0475,0.08499999999999994,1675.0,1655.0,0.04999999999999999,2.359999999999999
2018-09-14,2018-09-10,t10,0.05,0.04499999999999999,0.08499999999999994,1675.0,1650.0,0.65,62.36
2018-09-14,2018-09-10,t1236,0.05,0.04499999999999999,0.08499999999999994,1665.0,1645.0,0.2500000000000001,22.36000000000001
2018-09-28,2018-09-24,t10,0.08499999999999996,0.04499999999999999,0.08499999999999994,1675.0,1655.0,0.8999999999999999,87.35999999999999
2018-09-28,2018-09-24,t1236,0.08499999999999996,0.04499999999999999,0.08499999999999994,1670.0,1650.0,0.6499999999999999,62.359999999999985
2018-10-05,2018-10-01,t10,0.05499999999999998,0.0475,0.08499999999999996,1660.0,1640.0,0.40000000000000013,-1962.6400000000003
2018-10-05,2018-10-01,t1236,0.05499999999999998,0.0475,0.08499999999999996,1655.0,1635.0,0.2500000000000001,-1977.64
2018-10-12,2018-10-08,t10,0.13999999999999985,0.05,0.08499999999999996,1595.0,1570.0,2.3000000000000003,-2272.64
2018-10-12,2018-10-08,t1236,0.13999999999999985,0.05,0.08499999999999996,1585.0,1565.0,1.2999999999999998,-1872.64
2018-10-26,2018-10-22,t10,0.14000000000000004,0.05249999999999999,0.08499999999999996,1495.0,1470.0,2.2499999999999996,-895.64537109375
2018-10-26,2018-10-22,t1236,0.14000000000000004,0.05249999999999999,0.08499999999999996,1485.0,1460.0,1.5499999999999998,34.354628906249985
2018-11-02,2018-10-29,t10,0.11000000000000014,0.05499999999999998,0.08624999999999997,1435.0,1405.0,1.8499999999999996,182.35999999999999
2018-11-02,2018-10-29,t1236,0.11000000000000014,0.05499999999999998,0.08624999999999997,1425.0,1400.0,1.2000000000000002,117.36000000000001
2018-11-09,2018-11-05,t10,0.15999999999999998,0.05499999999999998,0.08624999999999997,1495.0,1465.0,3.0500000000000003,302.36
2018-11-09,2018-11-05,t1236,0.15999999999999998,0.05499999999999998,0.08624999999999997,1485.0,1455.0,2.2,217.36000000000004
2018-11-23,2018-11-19,t10,0.09000000000000004,0.05499999999999998,0.09249999999999996,1475.0,1445.0,1.4500000000000002,142.36000000000004
2018-11-23,2018-11-19,t1236,0.09000000000000004,0.05499999999999998,0.09249999999999996,1465.0,1435.0,0.85,82.36
2018-11-30,2018-11-26,t10,0.039999999999999966,0.05499999999999998,0.09250000000000003,1435.0,1405.0,0.6000000000000001,57.36000000000001
2018-11-30,2018-11-26,t1236,0.039999999999999966,0.05499999999999998,0.09250000000000003,1425.0,1395.0,0.25,22.36
2018-12-07,2018-12-03,t10,0.06000000000000001,0.05499999999999998,0.09250000000000003,1480.0,1450.0,0.44999999999999996,-2957.64
2018-12-07,2018-12-03,t1236,0.06000000000000001,0.05499999999999998,0.09250000000000003,1470.0,1440.0,0.35,-2158.64341796875
2018-12-14,2018-12-10,t10,0.15999999999999998,0.05499999999999998,0.09250000000000003,1390.0,1355.0,3.45,342.36
2018-12-14,2018-12-10,t1236,0.15999999999999998,0.05499999999999998,0.09250000000000003,1380.0,1345.0,2.5999999999999996,257.35999999999996
2018-12-28,2018-12-24,t10,0.18000000000000008,0.05749999999999997,0.10124999999999998,1230.0,1190.0,4.4,437.36000000000007
2018-12-28,2018-12-24,t1236,0.18000000000000008,0.05749999999999997,0.10124999999999998,1215.0,1180.0,2.6499999999999995,262.35999999999996
2019-01-04,2018-12-31,t10,0.08500000000000005,0.059999999999999984,0.10499999999999993,1275.0,1235.0,1.8,177.36
2019-01-04,2018-12-31,t1236,0.08500000000000005,0.059999999999999984,0.10499999999999993,1260.0,1225.0,0.95,92.36
2019-01-11,2019-01-07,t10,0.04500000000000002,0.06000000000000001,0.10499999999999993,1315.0,1280.0,0.6499999999999999,62.359999999999985
2019-01-11,2019-01-07,t1236,0.04500000000000002,0.06000000000000001,0.10499999999999993,1300.0,1265.0,0.20000000000000007,17.360000000000007
2019-01-25,2019-01-22,t10,0.06499999999999995,0.06000000000000001,0.10499999999999993,1420.0,1380.0,1.0,97.36
2019-01-25,2019-01-22,t1236,0.06499999999999995,0.06000000000000001,0.10499999999999993,1405.0,1370.0,0.35,32.36
2019-02-01,2019-01-28,t10,0.10999999999999996,0.06000000000000001,0.10124999999999998,1420.0,1385.0,2.0999999999999996,207.35999999999999
2019-02-01,2019-01-28,t1236,0.10999999999999996,0.06000000000000001,0.10124999999999998,1405.0,1375.0,0.9999999999999999,97.35999999999999
2019-02-08,2019-02-04,t10,0.030000000000000006,0.06000000000000001,0.10499999999999993,1440.0,1405.0,0.3,27.36
2019-02-08,2019-02-04,t1236,0.030000000000000006,0.06000000000000001,0.10499999999999993,1430.0,1395.0,0.09999999999999998,7.359999999999998
2019-02-22,2019-02-19,t10,0.01499999999999999,0.06000000000000001,0.10499999999999993,1510.0,1475.0,0.04999999999999999,2.359999999999999
2019-03-01,2019-02-25,t10,0.015000000000000003,0.059999999999999984,0.10124999999999998,1535.0,1500.0,0.050000000000000044,2.3600000000000043
2019-03-08,2019-03-04,t10,0.030000000000000006,0.05749999999999997,0.10124999999999998,1535.0,1500.0,0.4,-1274.63951171875
2019-03-08,2019-03-04,t1236,0.030000000000000006,0.05749999999999997,0.10124999999999998,1520.0,1495.0,0.050000000000000044,2.3600000000000043
2019-03-22,2019-03-18,t10,0.010000000000000009,0.05749999999999997,0.10124999999999998,1500.0,1465.0,0.09999999999999998,7.359999999999998
2019-03-29,2019-03-25,t10,0.14000000000000004,0.05499999999999998,0.09250000000000003,1450.0,1415.0,2.9,287.36
2019-03-29,2019-03-25,t1236,0.14000000000000004,0.05499999999999998,0.09250000000000003,1435.0,1405.0,1.5,147.36
2019-04-05,2019-04-01,t10,0.039999999999999994,0.05749999999999997,0.10124999999999998,1485.0,1450.0,0.44999999999999996,42.35999999999999
2019-04-05,2019-04-01,t1236,0.039999999999999994,0.05749999999999997,0.10124999999999998,1470.0,1440.0,0.10000000000000003,7.360000000000003
2019-04-12,2019-04-08,t10,0.06000000000000005,0.05749999999999997,0.10124999999999998,1530.0,1495.0,0.7000000000000001,67.36
2019-04-12,2019-04-08,t1236,0.06000000000000005,0.05749999999999997,0.10124999999999998,1515.0,1485.0,0.050000000000000044,2.3600000000000043
2019-04-19,2019-04-15,t10,0.020000000000000018,0.059999999999999984,0.10124999999999998,1530.0,1500.0,0.25,22.36
2019-04-19,2019-04-15,t1236,0.020000000000000018,0.059999999999999984,0.10124999999999998,1520.0,1490.0,0.10000000000000003,7.360000000000003
2019-04-26,2019-04-22,t10,0.04500000000000002,0.059999999999999984,0.10124999999999998,1515.0,1480.0,0.65,62.36
2019-04-26,2019-04-22,t1236,0.04500000000000002,0.059999999999999984,0.10124999999999998,1500.0,1475.0,0.15000000000000002,12.360000000000001
2019-05-03,2019-04-29,t10,0.040000000000000036,0.05749999999999997,0.09250000000000003,1540.0,1510.0,0.5000000000000001,47.360000000000014
2019-05-03,2019-04-29,t1236,0.040000000000000036,0.05749999999999997,0.09250000000000003,1525.0,1500.0,0.15000000000000002,12.360000000000001
2019-05-10,2019-05-06,t10,0.13999999999999985,0.05499999999999998,0.09250000000000003,1565.0,1530.0,2.6499999999999995,262.35999999999996
2019-05-10,2019-05-06,t1236,0.13999999999999985,0.05499999999999998,0.09250000000000003,1550.0,1525.0,1.15,112.35999999999999
2019-05-24,2019-05-20,t10,0.13999999999999996,0.05499999999999998,0.10124999999999998,1485.0,1450.0,2.8999999999999995,287.35999999999996
2019-05-24,2019-05-20,t1236,0.13999999999999996,0.05499999999999998,0.10124999999999998,1470.0,1445.0,1.3499999999999999,132.36
2019-05-31,2019-05-28,t10,0.050000000000000024,0.05499999999999998,0.10124999999999998,1460.0,1430.0,0.65,62.36
2019-05-31,2019-05-28,t1236,0.050000000000000024,0.05499999999999998,0.10124999999999998,1450.0,1420.0,0.30000000000000004,27.360000000000003
2019-06-07,2019-06-03,t10,0.11500000000000003,0.05499999999999998,0.10124999999999998,1415.0,1380.0,1.75,172.36
2019-06-07,2019-06-03,t1236,0.11500000000000003,0.05499999999999998,0.10124999999999998,1400.0,1370.0,0.75,72.36
2019-06-14,2019-06-10,t10,0.019999999999999983,0.05499999999999998,0.10624999999999991,1460.0,1430.0,0.2,17.36
2019-06-14,2019-06-10,t1236,0.019999999999999983,0.05499999999999998,0.10624999999999991,1450.0,1420.0,0.04999999999999999,2.359999999999999
2019-06-28,2019-06-24,t10,0.07499999999999996,0.052500000000000005,0.10124999999999998,1500.0,1465.0,1.0499999999999998,102.35999999999999
2019-06-28,2019-06-24,t1236,0.07499999999999996,0.052500000000000005,0.10124999999999998,1485.0,1460.0,0.29999999999999993,27.359999999999992
2019-07-12,2019-07-08,t10,0.05,0.052500000000000005,0.10124999999999998,1525.0,1495.0,0.7,67.36
2019-07-12,2019-07-08,t1236,0.05,0.052500000000000005,0.10124999999999998,1515.0,1485.0,0.35000000000000003,32.36
2019-07-26,2019-07-22,t10,0.03500000000000001,0.05000000000000002,0.09250000000000003,1500.0,1475.0,0.35,32.36
2019-07-26,2019-07-22,t1236,0.03500000000000001,0.05000000000000002,0.09250000000000003,1490.0,1465.0,0.20000000000000007,17.360000000000007
2019-08-02,2019-07-29,t10,0.1299999999999999,0.05,0.09250000000000003,1535.0,1505.0,1.95,58.36341796874999
2019-08-02,2019-07-29,t1236,0.1299999999999999,0.05,0.09250000000000003,1525.0,1495.0,1.15,112.35999999999999
2019-08-09,2019-08-05,t10,0.35000000000000037,0.05000000000000002,0.1025,1485.0,1455.0,7.0,697.36
2019-08-09,2019-08-05,t1236,0.35000000000000037,0.05000000000000002,0.1025,1475.0,1450.0,4.700000000000001,467.3600000000001
2019-08-23,2019-08-19,t10,0.05999999999999996,0.052500000000000005,0.11,1445.0,1415.0,0.8499999999999999,82.35999999999999
2019-08-23,2019-08-19,t1236,0.05999999999999996,0.052500000000000005,0.11,1430.0,1405.0,0.29999999999999993,27.359999999999992
2019-08-30,2019-08-26,t10,0.10999999999999996,0.05499999999999998,0.11,1410.0,1375.0,2.3499999999999996,232.35999999999999
2019-08-30,2019-08-26,t1236,0.10999999999999996,0.05499999999999998,0.11,1395.0,1370.0,1.0,97.36
2019-09-06,2019-09-03,t10,0.15,0.05749999999999997,0.11,1445.0,1410.0,3.0,297.36
2019-09-06,2019-09-03,t1236,0.15,0.05749999999999997,0.11,1430.0,1405.0,1.35,132.36
2019-09-13,2019-09-09,t10,0.06000000000000001,0.05999999999999996,0.11125000000000011,1455.0,1420.0,0.6000000000000001,57.36000000000001
2019-09-13,2019-09-09,t1236,0.06000000000000001,0.05999999999999996,0.11125000000000011,1440.0,1415.0,0.09999999999999998,7.359999999999998
2019-09-27,2019-09-23,t10,0.06000000000000001,0.059999999999999984,0.11125000000000011,1505.0,1475.0,0.8,77.36
2019-09-27,2019-09-23,t1236,0.06000000000000001,0.059999999999999984,0.11125000000000011,1495.0,1465.0,0.4,37.36
2019-10-04,2019-09-30,t10,0.06999999999999998,0.06000000000000001,0.11125000000000011,1470.0,1435.0,1.0999999999999999,107.35999999999999
2019-10-04,2019-09-30,t1236,0.06999999999999998,0.06000000000000001,0.11125000000000011,1455.0,1430.0,0.40000000000000013,37.360000000000014
2019-10-11,2019-10-07,t10,0.1,0.06000000000000001,0.11,1445.0,1415.0,1.75,172.36
2019-10-11,2019-10-07,t1236,0.1,0.06000000000000001,0.11,1435.0,1405.0,1.15,112.35999999999999
2019-10-25,2019-10-21,t10,0.020000000000000007,0.06000000000000001,0.11,1480.0,1450.0,0.19999999999999998,17.36
2019-10-25,2019-10-21,t1236,0.020000000000000007,0.06000000000000001,0.11,1470.0,1440.0,0.1,7.359999999999999
2019-11-01,2019-10-28,t10,0.020000000000000007,0.06000000000000001,0.11,1510.0,1475.0,0.2,17.36
2019-11-08,2019-11-04,t10,0.009999999999999998,0.06000000000000001,0.11,1540.0,1510.0,0.2,17.36
2019-11-08,2019-11-04,t1236,0.009999999999999998,0.06000000000000001,0.11,1525.0,1500.0,0.04999999999999999,2.359999999999999
2019-11-22,2019-11-18,t10,0.05999999999999996,0.059999999999999984,0.11,1550.0,1520.0,0.7999999999999999,77.36
2019-11-22,2019-11-18,t1236,0.05999999999999996,0.059999999999999984,0.11,1540.0,1515.0,0.35,32.36
2019-12-06,2019-12-02,t10,0.07000000000000002,0.059999999999999984,0.11,1580.0,1550.0,1.1,107.36000000000001
2019-12-06,2019-12-02,t1236,0.07000000000000002,0.059999999999999984,0.11,1570.0,1545.0,0.5499999999999999,52.35999999999999
2019-12-13,2019-12-09,t10,0.05499999999999998,0.06000000000000001,0.11,1590.0,1560.0,0.8,77.36
2019-12-13,2019-12-09,t1236,0.05499999999999998,0.06000000000000001,0.11,1580.0,1555.0,0.35000000000000003,32.36
2019-12-27,2019-12-23,t10,0.025,0.06000000000000001,0.11,1630.0,1600.0,0.19999999999999996,17.359999999999996
2019-12-27,2019-12-23,t1236,0.025,0.06000000000000001,0.11,1620.0,1595.0,0.10000000000000003,7.360000000000003
2020-01-03,2019-12-30,t10,0.08500000000000005,0.06000000000000001,0.11,1630.0,1600.0,1.4,137.36
2020-01-03,2019-12-30,t1236,0.08500000000000005,0.06000000000000001,0.11,1620.0,1595.0,0.7,67.36
2020-01-10,2020-01-06,t10,0.16000000000000006,0.06000000000000001,0.11,1620.0,1595.0,2.65,262.36
2020-01-10,2020-01-06,t1236,0.16000000000000006,0.06000000000000001,0.11,1610.0,1590.0,1.45,142.36
2020-01-24,2020-01-21,t10,0.07499999999999996,0.06000000000000001,0.11125000000000011,1660.0,1635.0,0.8999999999999999,87.35999999999999
2020-01-24,2020-01-21,t1236,0.07499999999999996,0.06000000000000001,0.11125000000000011,1650.0,1625.0,0.39999999999999997,37.36
2020-01-31,2020-01-27,t10,0.21000000000000013,0.06000000000000001,0.11,1620.0,1595.0,3.0000000000000004,-296.63414062499993
2020-01-31,2020-01-27,t1236,0.21000000000000013,0.06000000000000001,0.11,1610.0,1590.0,1.6999999999999997,167.35999999999999
2020-02-07,2020-02-03,t10,0.08500000000000005,0.06000000000000001,0.11,1570.0,1545.0,1.1500000000000001,112.36000000000001
2020-02-07,2020-02-03,t1236,0.08500000000000005,0.06000000000000001,0.11,1560.0,1540.0,0.5999999999999999,57.359999999999985
2020-02-14,2020-02-10,t10,0.07000000000000002,0.06000000000000001,0.10999999999999996,1610.0,1585.0,1.0999999999999999,107.35999999999999
2020-02-14,2020-02-10,t1236,0.07000000000000002,0.06000000000000001,0.10999999999999996,1600.0,1575.0,0.75,72.36
2020-02-28,2020-02-24,t10,0.4299999999999997,0.06000000000000001,0.1025,1635.0,1610.0,7.799999999999999,-1722.6400000000003
2020-02-28,2020-02-24,t1236,0.4299999999999997,0.06000000000000001,0.1025,1625.0,1600.0,6.199999999999999,-1882.64
2020-03-06,2020-03-02,t10,0.25,0.06000000000000001,0.10999999999999996,1420.0,1385.0,3.3999999999999986,337.3599999999999
2020-03-06,2020-03-02,t1236,0.25,0.06000000000000001,0.10999999999999996,1405.0,1375.0,1.9000000000000021,187.36000000000024
2020-03-13,2020-03-09,t10,0.5,0.06000000000000003,0.11124999999999997,1390.0,1350.0,8.0,-3202.64
2020-03-13,2020-03-09,t1236,0.5,0.06000000000000003,0.11124999999999997,1375.0,1340.0,4.5,-3052.64
2020-03-27,2020-03-23,t10,0.15999999999999978,0.0625,0.11875,920.0,865.0,3.799999999999999,377.3599999999999
2020-03-27,2020-03-23,t1236,0.15999999999999978,0.0625,0.11875,900.0,850.0,2.6000000000000005,257.36000000000007
2020-04-03,2020-03-30,t10,0.2,0.0625,0.11875,1030.0,970.0,8.2,817.3599999999999
2020-04-03,2020-03-30,t1236,0.2,0.0625,0.11875,1005.0,950.0,5.5,547.36
2020-04-10,2020-04-06,t10,0.020000000000000018,0.0625,0.11875,950.0,885.0,0.25,22.36
2020-04-24,2020-04-20,t10,0.15,0.06000000000000003,0.11875,1120.0,1050.0,6.800000000000001,677.3600000000001
2020-04-24,2020-04-20,t1236,0.15,0.06000000000000003,0.11875,1095.0,1035.0,4.25,422.36
2020-05-01,2020-04-27,t10,0.0050000000000000044,0.0625,0.1324999999999999,1125.0,1060.0,0.25,22.36
2020-05-08,2020-05-04,t10,-0.06499999999999986,0.06000000000000003,0.1324999999999999,1150.0,1085.0,1.1,107.36000000000001
2020-05-22,2020-05-18,t10,0.024999999999999977,0.06000000000000001,0.1324999999999999,1145.0,1080.0,0.09999999999999998,7.359999999999998
2020-06-05,2020-06-01,t10,0.08999999999999994,0.06000000000000001,0.1324999999999999,1285.0,1220.0,0.5,47.36
2020-06-12,2020-06-08,t10,0.03499999999999996,0.06000000000000003,0.1324999999999999,1395.0,1330.0,1.0499999999999998,-629.63462890625
2020-06-12,2020-06-08,t1236,0.03499999999999996,0.06000000000000003,0.1324999999999999,1370.0,1310.0,0.45,42.36
2020-06-26,2020-06-22,t10,0.1,0.06000000000000003,0.1324999999999999,1300.0,1230.0,3.3,327.36
2020-06-26,2020-06-22,t1236,0.1,0.06000000000000003,0.1324999999999999,1275.0,1210.0,1.55,152.36
2020-07-03,2020-06-29,t10,0.05,0.06500000000000002,0.1324999999999999,1265.0,1195.0,1.5,147.36
2020-07-03,2020-06-29,t1236,0.05,0.06500000000000002,0.1324999999999999,1235.0,1175.0,0.55,52.36000000000001
2020-07-10,2020-07-06,t10,0.019999999999999997,0.06000000000000003,0.11875,1320.0,1250.0,0.25,22.36
2020-07-24,2020-07-20,t10,0.04500000000000002,0.06000000000000003,0.11875,1365.0,1300.0,1.35,132.36
2020-07-24,2020-07-20,t1236,0.04500000000000002,0.06000000000000003,0.11875,1340.0,1280.0,0.55,52.36000000000001
2020-07-31,2020-07-27,t10,0.020000000000000007,0.06000000000000001,0.11875,1360.0,1300.0,0.45000000000000007,42.36000000000001
2020-07-31,2020-07-27,t1236,0.020000000000000007,0.06000000000000001,0.11875,1340.0,1280.0,0.15000000000000002,12.360000000000001
2020-08-14,2020-08-10,t10,0.030000000000000027,0.06000000000000001,0.11875,1470.0,1410.0,0.4,37.36
2020-08-28,2020-08-24,t10,0.019999999999999973,0.06000000000000001,0.11875,1460.0,1405.0,0.4,37.36
2020-08-28,2020-08-24,t1236,0.019999999999999973,0.06000000000000001,0.11875,1440.0,1390.0,0.15000000000000002,12.360000000000001
2020-09-04,2020-08-31,t10,0.05999999999999996,0.059999999999999984,0.11124999999999997,1495.0,1440.0,1.25,122.36
2020-09-04,2020-08-31,t1236,0.05999999999999996,0.059999999999999984,0.11124999999999997,1470.0,1425.0,0.3999999999999999,37.35999999999999
2020-09-11,2020-09-08,t10,0.14000000000000004,0.05999999999999996,0.1025,1450.0,1395.0,3.9999999999999996,397.35999999999996
2020-09-11,2020-09-08,t1236,0.14000000000000004,0.05999999999999996,0.1025,1430.0,1380.0,2.3,227.35999999999999
2020-09-25,2020-09-21,t10,0.21000000000000013,0.059999999999999984,0.11124999999999997,1455.0,1400.0,6.450000000000001,642.3600000000001
2020-09-25,2020-09-21,t1236,0.21000000000000013,0.059999999999999984,0.11124999999999997,1435.0,1385.0,3.6500000000000004,362.36000000000007
2020-10-02,2020-09-28,t10,0.040000000000000036,0.059999999999999984,0.11499999999999994,1390.0,1335.0,1.05,102.36
2020-10-02,2020-09-28,t1236,0.040000000000000036,0.059999999999999984,0.11499999999999994,1370.0,1325.0,0.44999999999999996,42.35999999999999
2020-10-09,2020-10-05,t10,0.05,0.059999999999999984,0.11499999999999994,1455.0,1405.0,0.8,77.36
2020-10-09,2020-10-05,t1236,0.05,0.059999999999999984,0.11499999999999994,1435.0,1390.0,0.25,22.36
2020-10-23,2020-10-19,t10,0.04499999999999997,0.05999999999999996,0.11499999999999994,1550.0,1500.0,0.8499999999999999,82.35999999999999
2020-10-23,2020-10-19,t1236,0.04499999999999997,0.05999999999999996,0.11499999999999994,1530.0,1485.0,0.3,27.36
2020-10-30,2020-10-26,t10,0.12999999999999998,0.05999999999999996,0.11499999999999994,1560.0,1510.0,3.9000000000000004,-1764.6419531250003
2020-10-30,2020-10-26,t1236,0.12999999999999998,0.05999999999999996,0.11499999999999994,1540.0,1500.0,1.9500000000000002,40.358046875000014
2020-11-27,2020-11-23,t10,0.030000000000000006,0.059999999999999984,0.13,1700.0,1645.0,0.49999999999999994,47.35999999999999
2020-11-27,2020-11-23,t1236,0.030000000000000006,0.059999999999999984,0.13,1680.0,1635.0,0.04999999999999999,2.359999999999999
2020-12-04,2020-11-30,t10,0.11999999999999993,0.05999999999999996,0.11499999999999996,1770.0,1720.0,3.6999999999999997,367.36
2020-12-04,2020-11-30,t1236,0.11999999999999993,0.05999999999999996,0.11499999999999996,1750.0,1705.0,2.1500000000000004,212.36000000000004
2020-12-11,2020-12-07,t10,0.09000000000000004,0.059999999999999984,0.12249999999999994,1810.0,1755.0,2.7,267.36
2020-12-11,2020-12-07,t1236,0.09000000000000004,0.059999999999999984,0.12249999999999994,1790.0,1740.0,1.4,137.36
2020-12-25,2020-12-21,t10,0.16000000000000014,0.059999999999999984,0.12249999999999994,1890.0,1835.0,5.300000000000001,527.3600000000001
2020-12-25,2020-12-21,t1236,0.16000000000000014,0.059999999999999984,0.12249999999999994,1870.0,1825.0,3.1999999999999997,317.36
2021-01-01,2020-12-28,t10,0.030000000000000027,0.059999999999999984,0.12249999999999994,1920.0,1870.0,0.1499999999999999,12.35999999999999
2021-01-08,2021-01-04,t10,0.13000000000000006,0.05999999999999996,0.12249999999999994,1895.0,1845.0,4.0,397.36
2021-01-08,2021-01-04,t1236,0.13000000000000006,0.05999999999999996,0.12249999999999994,1875.0,1830.0,2.55,252.35999999999999
2021-01-22,2021-01-19,t10,0.09000000000000004,0.05999999999999996,0.13,2035.0,1980.0,2.5,247.36
2021-01-22,2021-01-19,t1236,0.09000000000000004,0.05999999999999996,0.13,2010.0,1965.0,1.1,107.36000000000001
2021-01-29,2021-01-25,t10,0.08000000000000007,0.05999999999999996,0.13,2080.0,2025.0,5.199999999999999,-118.65074218750007
2021-01-29,2021-01-25,t1236,0.08000000000000007,0.05999999999999996,0.13,2060.0,2015.0,3.3,327.36
2021-02-05,2021-02-01,t1236,0.07999999999999971,0.05999999999999996,0.13,1960.0,1910.0,1.8999999999999995,187.35999999999996
2021-02-12,2021-02-08,t10,0.054999999999999896,0.06499999999999999,0.13,2140.0,2080.0,1.5000000000000002,147.36000000000004
2021-02-12,2021-02-08,t1236,0.054999999999999896,0.06499999999999999,0.13,2115.0,2065.0,0.6500000000000001,62.360000000000014
2021-02-26,2021-02-22,t10,0.10999999999999996,0.06499999999999999,0.13,2170.0,2110.0,4.6,457.35999999999996
2021-02-26,2021-02-22,t1236,0.10999999999999996,0.06499999999999999,0.13,2150.0,2100.0,3.1,307.36
2021-03-12,2021-03-08,t10,0.12999999999999973,0.07249999999999998,0.13,2090.0,2025.0,5.6,557.36
2021-03-12,2021-03-08,t1236,0.12999999999999973,0.07249999999999998,0.13,2065.0,2005.0,3.8000000000000003,377.36
2021-03-26,2021-03-22,t10,0.1299999999999999,0.07749999999999983,0.13,2180.0,2110.0,4.6,457.35999999999996
2021-03-26,2021-03-22,t1236,0.1299999999999999,0.07749999999999983,0.13,2155.0,2095.0,2.5,247.36
2021-04-02,2021-03-29,t10,0.10999999999999996,0.07999999999999989,0.13,2105.0,2035.0,4.1,407.35999999999996
2021-04-02,2021-03-29,t1236,0.10999999999999996,0.07999999999999989,0.13,2080.0,2015.0,2.3000000000000003,227.36000000000004
2021-04-09,2021-04-05,t10,0.009999999999999964,0.08000000000000007,0.13,2140.0,2070.0,0.1499999999999999,12.35999999999999
2021-04-23,2021-04-19,t10,0.05999999999999996,0.08000000000000007,0.13,2155.0,2090.0,1.6,157.36
2021-04-23,2021-04-19,t1236,0.05999999999999996,0.08000000000000007,0.13,2130.0,2070.0,0.6,57.36
2021-04-30,2021-04-26,t10,0.04500000000000002,0.07999999999999989,0.13,2165.0,2100.0,1.2,117.36
2021-04-30,2021-04-26,t1236,0.04500000000000002,0.07999999999999989,0.13,2140.0,2080.0,0.5000000000000001,47.360000000000014
2021-05-14,2021-05-10,t10,0.1,0.07499999999999987,0.12999999999999992,2170.0,2105.0,3.1500000000000004,312.36000000000007
2021-05-14,2021-05-10,t1236,0.1,0.07499999999999987,0.12999999999999992,2145.0,2090.0,1.4999999999999998,147.35999999999999
2021-05-28,2021-05-24,t10,0.03750000000000002,0.07499999999999987,0.12999999999999978,2110.0,2050.0,1.0499999999999998,102.35999999999999
2021-05-28,2021-05-24,t1236,0.03750000000000002,0.07499999999999987,0.12999999999999978,2090.0,2030.0,0.5999999999999999,57.359999999999985
2021-06-11,2021-06-07,t10,0.019999999999999973,0.05999999999999996,0.12999999999999978,2190.0,2130.0,0.44999999999999996,42.35999999999999
2021-06-11,2021-06-07,t1236,0.019999999999999973,0.05999999999999996,0.12999999999999978,2165.0,2110.0,0.15000000000000002,12.360000000000001
2021-06-25,2021-06-21,t10,0.05,0.05749999999999998,0.12249999999999987,2140.0,2080.0,1.4,137.36
2021-06-25,2021-06-21,t1236,0.05,0.05749999999999998,0.12249999999999987,2115.0,2065.0,0.7,67.36
2021-07-02,2021-06-28,t10,0.040000000000000036,0.05499999999999995,0.11249999999999995,2235.0,2175.0,0.95,92.36
2021-07-02,2021-06-28,t1236,0.040000000000000036,0.05499999999999995,0.11249999999999995,2215.0,2160.0,0.45000000000000007,42.36000000000001
2021-07-09,2021-07-06,t10,0.039999999999999945,0.05249999999999995,0.10999999999999996,2210.0,2155.0,0.85,82.36
2021-07-09,2021-07-06,t1236,0.039999999999999945,0.05249999999999995,0.10999999999999996,2190.0,2135.0,0.30000000000000004,27.360000000000003
2021-07-23,2021-07-19,t10,0.2600000000000001,0.05,0.1025,2065.0,2005.0,9.6,957.36
2021-07-23,2021-07-19,t1236,0.2600000000000001,0.05,0.1025,2040.0,1990.0,5.3,527.36
2021-07-30,2021-07-26,t10,0.05,0.05,0.1025,2110.0,2045.0,1.4000000000000001,137.36
2021-07-30,2021-07-26,t1236,0.05,0.05,0.1025,2085.0,2030.0,0.6,57.36
2021-08-06,2021-08-02,t10,0.03500000000000001,0.05,0.1025,2125.0,2065.0,0.44999999999999996,42.35999999999999
2021-08-13,2021-08-09,t10,0.06500000000000003,0.05,0.1,2150.0,2090.0,1.6,157.36
2021-08-13,2021-08-09,t1236,0.06500000000000003,0.05,0.1,2130.0,2075.0,0.7499999999999999,72.35999999999999
2021-08-27,2021-08-23,t10,0.024999999999999956,0.05,0.1,2075.0,2015.0,0.6499999999999999,62.359999999999985
2021-08-27,2021-08-23,t1236,0.024999999999999956,0.05,0.1,2055.0,2000.0,0.3500000000000001,32.36000000000001
2021-09-03,2021-08-30,t10,0.05,0.05,0.1,2185.0,2125.0,1.3000000000000003,127.36000000000003
2021-09-03,2021-08-30,t1236,0.05,0.05,0.1,2160.0,2110.0,0.5,47.36
2021-09-10,2021-09-07,t10,0.02999999999999998,0.05,0.1,2200.0,2145.0,0.75,72.36
2021-09-10,2021-09-07,t1236,0.02999999999999998,0.05,0.1,2180.0,2130.0,0.4,37.36
2021-09-24,2021-09-20,t10,0.25,0.05,0.1,2150.0,2095.0,9.1,907.36
2021-09-24,2021-09-20,t1236,0.25,0.05,0.1,2130.0,2080.0,5.8999999999999995,587.36
2021-10-01,2021-09-27,t10,0.040000000000000036,0.05,0.1025,2160.0,2105.0,1.25,122.36
2021-10-01,2021-09-27,t1236,0.040000000000000036,0.05,0.1025,2140.0,2090.0,0.7,67.36
2021-10-08,2021-10-04,t10,0.13000000000000006,0.05,0.1025,2155.0,2100.0,4.0,397.36
2021-10-08,2021-10-04,t1236,0.13000000000000006,0.05,0.1025,2130.0,2085.0,1.9000000000000001,187.36
2021-10-22,2021-10-18,t10,0.07000000000000002,0.05,0.10999999999999996,2180.0,2125.0,1.4999999999999998,147.35999999999999
2021-10-22,2021-10-18,t1236,0.07000000000000002,0.05,0.10999999999999996,2155.0,2110.0,0.55,52.36000000000001
2021-10-29,2021-10-25,t10,0.025,0.05,0.10999999999999996,2210.0,2150.0,0.5,47.36
2021-10-29,2021-10-25,t1236,0.025,0.05,0.10999999999999996,2190.0,2140.0,0.20000000000000007,17.360000000000007
2021-11-05,2021-11-01,t10,0.030000000000000027,0.05,0.10999999999999996,2215.0,2160.0,0.65,62.36
2021-11-05,2021-11-01,t1236,0.030000000000000027,0.05,0.10999999999999996,2195.0,2145.0,0.3500000000000001,32.36000000000001
2021-11-12,2021-11-08,t10,0.05,0.05,0.10999999999999996,2350.0,2295.0,1.4,137.36
2021-11-12,2021-11-08,t1236,0.05,0.05,0.10999999999999996,2325.0,2280.0,0.5,47.36
2021-11-26,2021-11-22,t10,0.02999999999999998,0.05,0.10999999999999996,2255.0,2200.0,0.75,-833.645859375
2021-11-26,2021-11-22,t1236,0.02999999999999998,0.05,0.10999999999999996,2235.0,2185.0,0.35,32.36
2021-12-03,2021-11-29,t10,0.11999999999999993,0.05,0.10999999999999996,2155.0,2095.0,4.8,477.36
2021-12-03,2021-11-29,t1236,0.11999999999999993,0.05,0.10999999999999996,2130.0,2080.0,3.0,297.36
2021-12-10,2021-12-06,t10,0.13000000000000006,0.05249999999999995,0.11249999999999995,2065.0,2005.0,5.1,507.35999999999996
2021-12-10,2021-12-06,t1236,0.13000000000000006,0.05249999999999995,0.11249999999999995,2040.0,1990.0,3.1999999999999993,317.35999999999996
2021-12-24,2021-12-20,t10,0.23999999999999985,0.057499999999999926,0.11999999999999993,2075.0,2015.0,8.899999999999999,887.3599999999999
2021-12-24,2021-12-20,t1236,0.23999999999999985,0.057499999999999926,0.11999999999999993,2055.0,2000.0,5.8,577.36
2021-12-31,2021-12-27,t10,0.09000000000000004,0.057499999999999926,0.12249999999999987,2140.0,2080.0,2.7,267.36
2021-12-31,2021-12-27,t1236,0.09000000000000004,0.057499999999999926,0.12249999999999987,2120.0,2060.0,1.75,172.36
2022-01-07,2022-01-03,t10,0.025,0.057499999999999926,0.11999999999999993,2150.0,2090.0,0.3999999999999999,37.35999999999999
2022-01-07,2022-01-03,t1236,0.025,0.057499999999999926,0.11999999999999993,2125.0,2075.0,0.1499999999999999,12.35999999999999
2022-01-14,2022-01-10,t10,0.2,0.05249999999999995,0.11249999999999995,2085.0,2025.0,7.9,787.36
2022-01-14,2022-01-10,t1236,0.2,0.05249999999999995,0.11249999999999995,2060.0,2005.0,4.75,472.36
2022-01-28,2022-01-24,t10,0.25999999999999945,0.057499999999999926,0.11999999999999993,1885.0,1825.0,12.2,1217.36
2022-01-28,2022-01-24,t1236,0.25999999999999945,0.057499999999999926,0.11999999999999993,1860.0,1805.0,8.600000000000001,857.3600000000001
2022-02-04,2022-01-31,t10,0.1200000000000001,0.0625,0.12249999999999987,1865.0,1800.0,4.3,427.36
2022-02-04,2022-01-31,t1236,0.1200000000000001,0.0625,0.12249999999999987,1840.0,1780.0,2.4499999999999997,242.35999999999999
2022-02-11,2022-02-07,t10,0.05999999999999996,0.06750000000000003,0.12250000000000001,1900.0,1835.0,2.15,212.36
2022-02-11,2022-02-07,t1236,0.05999999999999996,0.06750000000000003,0.12250000000000001,1875.0,1815.0,1.1,107.36000000000001
2022-02-25,2022-02-22,t10,0.08999999999999986,0.0625,0.11999999999999997,1905.0,1845.0,2.5000000000000004,247.36000000000007
2022-02-25,2022-02-22,t1236,0.08999999999999986,0.0625,0.11999999999999997,1885.0,1825.0,1.4,137.36
2022-03-04,2022-02-28,t10,0.11999999999999993,0.0625,0.11999999999999993,1935.0,1870.0,4.699999999999999,467.35999999999996
2022-03-04,2022-02-28,t1236,0.11999999999999993,0.0625,0.11999999999999993,1910.0,1850.0,2.85,282.36
2022-03-11,2022-03-07,t10,0.13999999999999985,0.06750000000000003,0.11999999999999993,1895.0,1835.0,5.1,507.35999999999996
2022-03-11,2022-03-07,t1236,0.13999999999999985,0.06750000000000003,0.11999999999999993,1870.0,1815.0,3.05,302.36
2022-03-25,2022-03-21,t10,0.09000000000000004,0.07499999999999987,0.11999999999999997,1980.0,1915.0,3.3500000000000005,332.36000000000007
2022-03-25,2022-03-21,t1236,0.09000000000000004,0.07499999999999987,0.11999999999999997,1955.0,1895.0,1.9,187.36
2022-04-01,2022-03-28,t10,0.060000000000000143,0.07499999999999987,0.11999999999999997,1975.0,1915.0,1.7500000000000002,172.36000000000004
2022-04-01,2022-03-28,t1236,0.060000000000000143,0.07499999999999987,0.11999999999999997,1950.0,1895.0,0.8,77.36
2022-04-08,2022-04-04,t10,0.04500000000000002,0.06750000000000003,0.11999999999999997,1990.0,1930.0,1.05,102.36
2022-04-08,2022-04-04,t1236,0.04500000000000002,0.06750000000000003,0.11999999999999997,1965.0,1910.0,0.3999999999999999,37.35999999999999
2022-04-15,2022-04-11,t10,0.020000000000000018,0.06250000000000008,0.11999999999999993,1890.0,1830.0,0.3999999999999999,37.35999999999999
2022-04-15,2022-04-11,t1236,0.020000000000000018,0.06250000000000008,0.11999999999999993,1870.0,1810.0,0.19999999999999996,17.359999999999996
2022-04-22,2022-04-18,t10,0.09000000000000004,0.06250000000000008,0.11999999999999993,1905.0,1845.0,2.45,242.36000000000004
2022-04-22,2022-04-18,t1236,0.09000000000000004,0.06250000000000008,0.11999999999999993,1885.0,1830.0,1.3,127.36
2022-04-29,2022-04-25,t10,0.15099999999999997,0.06250000000000008,0.11249999999999995,1850.0,1800.0,7.1,707.36
2022-04-29,2022-04-25,t1236,0.15099999999999997,0.06250000000000008,0.11249999999999995,1800.0,1750.0,2.6,257.36
2022-05-06,2022-05-02,t10,0.11999999999999993,0.06250000000000008,0.11999999999999993,1765.0,1700.0,2.3999999999999995,237.35999999999996
2022-05-06,2022-05-02,t1236,0.11999999999999993,0.06250000000000008,0.11999999999999993,1740.0,1685.0,0.3999999999999999,37.35999999999999
2022-05-13,2022-05-09,t10,0.19000000000000022,0.06250000000000008,0.11999999999999993,1735.0,1675.0,6.9,687.36
2022-05-13,2022-05-09,t1236,0.19000000000000022,0.06250000000000008,0.11999999999999993,1715.0,1655.0,4.75,472.36
2022-05-27,2022-05-23,t10,0.1,0.06250000000000008,0.11999999999999997,1670.0,1605.0,3.7,367.36
2022-05-27,2022-05-23,t1236,0.1,0.06250000000000008,0.11999999999999997,1645.0,1585.0,1.9499999999999997,192.35999999999999
2022-06-10,2022-06-06,t10,0.05499999999999998,0.06750000000000003,0.12250000000000001,1775.0,1710.0,1.3,127.36
2022-06-10,2022-06-06,t1236,0.05499999999999998,0.06750000000000003,0.12250000000000001,1755.0,1695.0,0.6499999999999999,62.359999999999985
2022-07-01,2022-06-27,t10,0.06500000000000003,0.06000000000000005,0.11999999999999997,1655.0,1590.0,1.9500000000000002,192.36000000000004
2022-07-01,2022-06-27,t1236,0.06500000000000003,0.06000000000000005,0.11999999999999997,1630.0,1570.0,0.8499999999999999,82.35999999999999
2022-07-08,2022-07-05,t10,0.14000000000000004,0.06000000000000005,0.11999999999999993,1620.0,1550.0,4.5,447.36
2022-07-08,2022-07-05,t1236,0.14000000000000004,0.06000000000000005,0.11999999999999993,1590.0,1530.0,1.65,162.36
2022-07-22,2022-07-18,t10,0.010000000000000009,0.06000000000000005,0.11999999999999997,1635.0,1570.0,0.35,32.36
2022-07-22,2022-07-18,t1236,0.010000000000000009,0.06000000000000005,0.11999999999999997,1610.0,1550.0,0.09999999999999998,7.359999999999998
2022-07-29,2022-07-25,t10,0.05499999999999998,0.06000000000000005,0.11999999999999997,1700.0,1630.0,1.6,157.36
2022-07-29,2022-07-25,t1236,0.05499999999999998,0.06000000000000005,0.11999999999999997,1670.0,1610.0,0.44999999999999996,42.35999999999999
2022-08-12,2022-08-08,t10,0.020000000000000018,0.06250000000000008,0.1225000000000001,1820.0,1755.0,0.44999999999999996,42.35999999999999
2022-08-12,2022-08-08,t1236,0.020000000000000018,0.06250000000000008,0.1225000000000001,1795.0,1735.0,0.10000000000000003,7.360000000000003
2022-08-26,2022-08-22,t10,0.10999999999999988,0.06250000000000008,0.1225000000000001,1855.0,1790.0,3.3499999999999996,332.35999999999996
2022-08-26,2022-08-22,t1236,0.10999999999999988,0.06250000000000008,0.1225000000000001,1830.0,1775.0,1.45,142.36
2022-09-02,2022-08-29,t10,0.10999999999999996,0.06250000000000008,0.1225000000000001,1800.0,1740.0,3.4999999999999996,347.35999999999996
2022-09-02,2022-08-29,t1236,0.10999999999999996,0.06250000000000008,0.1225000000000001,1775.0,1720.0,1.8000000000000003,177.36000000000004
2022-09-23,2022-09-19,t10,0.09000000000000004,0.06750000000000003,0.13000000000000006,1695.0,1635.0,2.6500000000000004,-1278.64341796875
2022-09-23,2022-09-19,t1236,0.09000000000000004,0.06750000000000003,0.13000000000000006,1675.0,1615.0,1.45,142.36
2022-09-30,2022-09-26,t10,0.06749999999999998,0.07999999999999993,0.13000000000000006,1570.0,1510.0,2.35,232.36
2022-09-30,2022-09-26,t1236,0.06749999999999998,0.07999999999999993,0.13000000000000006,1550.0,1490.0,1.45,142.36
2022-10-07,2022-10-03,t10,0.06000000000000005,0.07999999999999993,0.13000000000000006,1560.0,1500.0,1.5,147.36
2022-10-14,2022-10-10,t10,0.10999999999999979,0.07999999999999993,0.13000000000000006,1600.0,1535.0,3.7500000000000004,372.36000000000007
2022-10-14,2022-10-10,t1236,0.10999999999999979,0.07999999999999993,0.13000000000000006,1575.0,1515.0,1.8499999999999999,182.36
2022-10-28,2022-10-24,t10,0.075,0.08999999999999994,0.13000000000000006,1640.0,1575.0,2.05,202.35999999999999
2022-10-28,2022-10-24,t1236,0.075,0.08999999999999994,0.13000000000000006,1615.0,1555.0,0.8999999999999999,87.35999999999999
2022-11-04,2022-10-31,t10,0.11999999999999993,0.08249999999999993,0.1225000000000001,1740.0,1675.0,3.7,367.36
2022-11-04,2022-10-31,t1236,0.11999999999999993,0.08249999999999993,0.1225000000000001,1715.0,1660.0,1.7,167.36
2022-11-11,2022-11-07,t10,0.09999999999999991,0.08999999999999994,0.1225000000000001,1695.0,1630.0,3.0,297.36
2022-11-11,2022-11-07,t1236,0.09999999999999991,0.08999999999999994,0.1225000000000001,1670.0,1610.0,1.3,127.36
2022-11-25,2022-11-21,t10,0.010000000000000009,0.09000000000000004,0.1225000000000001,1745.0,1680.0,0.30000000000000004,27.360000000000003
2022-12-02,2022-11-28,t10,0.05499999999999998,0.09000000000000004,0.1225000000000001,1765.0,1705.0,1.3,127.36
2022-12-02,2022-11-28,t1236,0.05499999999999998,0.09000000000000004,0.1225000000000001,1745.0,1685.0,0.55,52.36000000000001
2022-12-23,2022-12-19,t10,0.039999999999999945,0.09000000000000004,0.1225000000000001,1660.0,1600.0,0.85,82.36
2022-12-23,2022-12-19,t1236,0.039999999999999945,0.09000000000000004,0.1225000000000001,1635.0,1580.0,0.3,27.36
2022-12-30,2022-12-27,t10,0.02250000000000001,0.09000000000000004,0.1225000000000001,1660.0,1600.0,0.5,47.36
2022-12-30,2022-12-27,t1236,0.02250000000000001,0.09000000000000004,0.1225000000000001,1640.0,1580.0,0.050000000000000044,2.3600000000000043
2023-01-06,2023-01-03,t10,-0.004999999999999982,0.08999999999999994,0.11999999999999997,1665.0,1605.0,0.4,37.36
2023-01-13,2023-01-09,t10,0.03500000000000005,0.08999999999999994,0.11999999999999997,1700.0,1645.0,0.8,77.36
2023-01-13,2023-01-09,t1236,0.03500000000000005,0.08999999999999994,0.11999999999999997,1680.0,1625.0,0.35000000000000003,32.36
2023-01-27,2023-01-23,t10,0.019999999999999997,0.08249999999999993,0.11999999999999993,1775.0,1720.0,0.35,32.36
2023-01-27,2023-01-23,t1236,0.019999999999999997,0.08249999999999993,0.11999999999999993,1755.0,1705.0,0.10000000000000003,7.360000000000003
2023-02-03,2023-01-30,t10,0.08500000000000005,0.08249999999999993,0.11999999999999993,1820.0,1765.0,1.9999999999999998,197.35999999999999
2023-02-03,2023-01-30,t1236,0.08500000000000005,0.08249999999999993,0.11999999999999993,1800.0,1750.0,0.9,87.36
2023-02-10,2023-02-06,t10,0.07000000000000002,0.08749999999999995,0.11999999999999993,1895.0,1835.0,1.75,172.36
2023-02-10,2023-02-06,t1236,0.07000000000000002,0.08749999999999995,0.11999999999999993,1870.0,1820.0,0.55,52.36000000000001
2023-02-24,2023-02-21,t10,0.13999999999999985,0.08749999999999995,0.11999999999999993,1860.0,1805.0,3.25,322.36
2023-02-24,2023-02-21,t1236,0.13999999999999985,0.08749999999999995,0.11999999999999993,1835.0,1790.0,1.0999999999999999,107.35999999999999
2023-03-03,2023-02-27,t10,0.01499999999999999,0.08999999999999994,0.11999999999999997,1805.0,1750.0,0.15000000000000002,12.360000000000001
2023-03-10,2023-03-06,t10,0.06500000000000003,0.08999999999999994,0.11999999999999997,1845.0,1790.0,1.1,-5392.64
2023-03-10,2023-03-06,t1236,0.06500000000000003,0.08999999999999994,0.11999999999999997,1825.0,1775.0,0.35,-4967.64
2023-03-24,2023-03-20,t10,0.08000000000000007,0.08749999999999995,0.11999999999999997,1635.0,1580.0,2.6000000000000005,257.36000000000007
2023-03-24,2023-03-20,t1236,0.08000000000000007,0.08749999999999995,0.11999999999999997,1615.0,1565.0,1.5,147.36
2023-04-14,2023-04-10,t10,0.05499999999999998,0.075,0.11999999999999993,1665.0,1615.0,1.2,117.36
2023-04-14,2023-04-10,t1236,0.05499999999999998,0.075,0.11999999999999993,1645.0,1600.0,0.5,47.36
2023-04-28,2023-04-24,t10,0.025,0.075,0.11999999999999993,1710.0,1660.0,0.44999999999999996,42.35999999999999
2023-04-28,2023-04-24,t1236,0.025,0.075,0.11999999999999993,1690.0,1650.0,0.15000000000000002,12.360000000000001
2023-05-12,2023-05-08,t10,0.075,0.06749999999999998,0.10999999999999992,1680.0,1630.0,1.3499999999999999,132.36
2023-05-12,2023-05-08,t1236,0.075,0.06749999999999998,0.10999999999999992,1660.0,1615.0,0.7,67.36
2023-05-26,2023-05-22,t10,0.03499999999999996,0.06749999999999998,0.10999999999999983,1695.0,1650.0,0.7000000000000001,67.36
2023-05-26,2023-05-22,t1236,0.03499999999999996,0.06749999999999998,0.10999999999999983,1680.0,1635.0,0.4,37.36
2023-06-23,2023-06-20,t10,0.040000000000000036,0.06500000000000003,0.10999999999999983,1800.0,1750.0,0.6500000000000001,62.360000000000014
2023-06-23,2023-06-20,t1236,0.040000000000000036,0.06500000000000003,0.10999999999999983,1780.0,1740.0,0.09999999999999998,7.359999999999998
2023-06-30,2023-06-26,t10,0.025,0.06500000000000003,0.1049999999999999,1750.0,1700.0,0.5,47.36
2023-06-30,2023-06-26,t1236,0.025,0.06500000000000003,0.1049999999999999,1730.0,1690.0,0.10000000000000003,7.360000000000003
2023-07-14,2023-07-10,t10,0.045,0.06500000000000003,0.10999999999999983,1790.0,1740.0,0.14999999999999997,12.359999999999996
2023-07-28,2023-07-24,t10,0.05,0.06500000000000003,0.10999999999999983,1885.0,1835.0,0.7000000000000001,67.36
2023-07-28,2023-07-24,t1236,0.05,0.06500000000000003,0.10999999999999983,1865.0,1825.0,0.1499999999999999,12.35999999999999
2023-08-04,2023-07-31,t10,0.015000000000000013,0.06500000000000003,0.10999999999999983,1910.0,1860.0,0.29999999999999993,27.359999999999992
2023-08-11,2023-08-07,t10,0.075,0.06000000000000005,0.10999999999999983,1885.0,1840.0,1.5499999999999998,152.35999999999999
2023-08-11,2023-08-07,t1236,0.075,0.06000000000000005,0.10999999999999983,1870.0,1830.0,0.7500000000000001,72.36000000000001
2023-08-25,2023-08-21,t10,0.04500000000000002,0.06000000000000005,0.1049999999999999,1785.0,1740.0,0.9999999999999999,97.35999999999999
2023-08-25,2023-08-21,t1236,0.04500000000000002,0.06000000000000005,0.1049999999999999,1770.0,1730.0,0.5,47.36
2023-09-01,2023-08-28,t10,0.019999999999999973,0.05499999999999998,0.09999999999999995,1785.0,1740.0,0.29999999999999993,27.359999999999992
2023-09-01,2023-08-28,t1236,0.019999999999999973,0.05499999999999998,0.09999999999999995,1765.0,1730.0,0.050000000000000044,2.3600000000000043
2023-09-08,2023-09-05,t10,0.53,0.05499999999999998,0.09499999999999997,1850.0,1805.0,1.55,152.36
2023-09-08,2023-09-05,t1236,0.53,0.05499999999999998,0.09499999999999997,1835.0,1795.0,0.55,52.36000000000001
2023-09-22,2023-09-18,t10,0.05499999999999998,0.05499999999999998,0.09499999999999997,1780.0,1740.0,1.0499999999999998,-247.64000000000001
2023-09-22,2023-09-18,t1236,0.05499999999999998,0.05499999999999998,0.09499999999999997,1765.0,1725.0,0.49999999999999994,47.35999999999999
2023-09-29,2023-09-25,t10,0.05250000000000001,0.05499999999999998,0.08750000000000005,1710.0,1670.0,1.2000000000000002,117.36000000000001
2023-09-29,2023-09-25,t1236,0.05250000000000001,0.05499999999999998,0.08750000000000005,1690.0,1660.0,0.44999999999999996,42.35999999999999
2023-10-13,2023-10-09,t10,0.07999999999999989,0.05499999999999998,0.08750000000000005,1680.0,1635.0,1.8,177.36
2023-10-13,2023-10-09,t1236,0.07999999999999989,0.05499999999999998,0.08750000000000005,1665.0,1625.0,0.85,82.36
2023-10-27,2023-10-23,t10,0.09500000000000001,0.05499999999999998,0.08750000000000005,1610.0,1570.0,1.85,182.36
2023-10-27,2023-10-23,t1236,0.09500000000000001,0.05499999999999998,0.08750000000000005,1595.0,1555.0,1.05,102.36
2023-11-03,2023-10-30,t10,0.06000000000000005,0.05499999999999998,0.08750000000000005,1570.0,1525.0,1.3,127.36
2023-11-03,2023-10-30,t1236,0.06000000000000005,0.05499999999999998,0.08750000000000005,1550.0,1515.0,0.45000000000000007,42.36000000000001
2023-11-10,2023-11-06,t10,0.08500000000000005,0.05499999999999998,0.08750000000000005,1685.0,1640.0,1.4,137.36
2023-11-10,2023-11-06,t1236,0.08500000000000005,0.05499999999999998,0.08750000000000005,1670.0,1630.0,0.5,47.36
2023-11-24,2023-11-20,t10,0.009999999999999998,0.05499999999999998,0.08750000000000005,1720.0,1670.0,0.2,17.36
2023-12-08,2023-12-04,t10,0.05,0.05499999999999998,0.08500000000000005,1790.0,1740.0,1.1,107.36000000000001
2023-12-08,2023-12-04,t1236,0.05,0.05499999999999998,0.08500000000000005,1770.0,1730.0,0.35000000000000003,32.36
2023-12-22,2023-12-18,t10,0.030000000000000027,0.05499999999999998,0.08250000000000006,1910.0,1860.0,0.55,52.36000000000001
2023-12-22,2023-12-18,t1236,0.030000000000000027,0.05499999999999998,0.08250000000000006,1890.0,1850.0,0.15000000000000002,12.360000000000001
2023-12-29,2023-12-26,t10,0.03250000000000001,0.05250000000000001,0.07999999999999999,1960.0,1910.0,0.6000000000000001,57.36000000000001
2023-12-29,2023-12-26,t1236,0.03250000000000001,0.05250000000000001,0.07999999999999999,1940.0,1900.0,0.10000000000000003,7.360000000000003
2024-01-05,2024-01-02,t10,0.05,0.05,0.07749999999999994,1955.0,1910.0,0.9500000000000001,-293.6385351562727
2024-01-05,2024-01-02,t1236,0.05,0.05,0.07749999999999994,1935.0,1895.0,0.35,32.36
2024-01-12,2024-01-08,t10,0.06000000000000001,0.05,0.075,1875.0,1830.0,1.1,107.36000000000001
2024-01-12,2024-01-08,t1236,0.06000000000000001,0.05,0.075,1860.0,1815.0,0.5,47.36
2024-01-26,2024-01-22,t10,0.015000000000000013,0.05,0.075,1870.0,1830.0,0.15000000000000002,12.360000000000001
2024-01-26,2024-01-22,t1236,0.015000000000000013,0.05,0.075,1855.0,1815.0,0.050000000000000044,2.3600000000000043
2024-02-02,2024-01-29,t10,0.1,0.05,0.075,1905.0,1865.0,2.2,217.36000000000004
2024-02-02,2024-01-29,t1236,0.1,0.05,0.075,1890.0,1850.0,1.2500000000000002,122.36000000000003
2024-02-23,2024-02-20,t10,0.21000000000000013,0.05,0.07749999999999994,1970.0,1925.0,5.699999999999999,567.3599999999999
2024-02-23,2024-02-20,t1236,0.21000000000000013,0.05,0.07749999999999994,1950.0,1910.0,3.1000000000000005,307.36000000000007
2024-03-01,2024-02-26,t10,0.04500000000000002,0.05,0.07749999999999994,1940.0,1895.0,0.35,32.36
2024-03-01,2024-02-26,t1236,0.04500000000000002,0.05,0.07749999999999994,1925.0,1885.0,0.30000000000000004,27.360000000000003
2024-03-08,2024-03-04,t10,0.05500000000000007,0.04500000000000002,0.075,2005.0,1955.0,1.4,137.36
2024-03-08,2024-03-04,t1236,0.05500000000000007,0.04500000000000002,0.075,1985.0,1945.0,0.55,52.36000000000001
2024-03-22,2024-03-18,t10,0.11999999999999993,0.05,0.075,1965.0,1920.0,2.5999999999999996,257.35999999999996
2024-03-22,2024-03-18,t1236,0.11999999999999993,0.05,0.075,1950.0,1910.0,1.3499999999999999,132.36
2024-04-12,2024-04-08,t10,0.075,0.05,0.07749999999999994,1990.0,1945.0,1.7499999999999998,172.35999999999999
2024-04-12,2024-04-08,t1236,0.075,0.05,0.07749999999999994,1970.0,1930.0,0.8,77.36
2024-04-26,2024-04-22,t10,0.049999999999999954,0.05,0.07749999999999994,1870.0,1825.0,1.1500000000000001,112.36000000000001
2024-04-26,2024-04-22,t1236,0.049999999999999954,0.05,0.07749999999999994,1855.0,1810.0,0.5499999999999999,52.35999999999999
2024-05-03,2024-04-29,t10,0.06000000000000005,0.05,0.07749999999999994,1925.0,1880.0,1.35,132.36
2024-05-03,2024-04-29,t1236,0.06000000000000005,0.05,0.07749999999999994,1910.0,1870.0,0.7500000000000001,72.36000000000001
2024-05-10,2024-05-06,t10,0.009999999999999998,0.05,0.07749999999999994,1960.0,1915.0,0.09999999999999998,7.359999999999998
2024-05-24,2024-05-20,t10,0.01499999999999999,0.05,0.07749999999999994,2025.0,1980.0,0.20000000000000007,17.360000000000007
2024-06-14,2024-06-10,t10,0.16000000000000014,0.05,0.075,1955.0,1915.0,3.8500000000000005,382.36000000000007
2024-06-14,2024-06-10,t1236,0.16000000000000014,0.05,0.075,1940.0,1900.0,2.2,217.36000000000004
2024-06-28,2024-06-24,t10,0.019999999999999997,0.05,0.07874999999999992,1955.0,1910.0,0.2,17.36
2024-06-28,2024-06-24,t1236,0.019999999999999997,0.05,0.07874999999999992,1935.0,1900.0,0.04999999999999999,2.359999999999999
2024-07-12,2024-07-08,t10,0.015000000000000003,0.05,0.07874999999999992,1960.0,1920.0,0.15000000000000002,12.360000000000001
2024-07-12,2024-07-08,t1236,0.015000000000000003,0.05,0.07874999999999992,1945.0,1910.0,0.04999999999999999,2.359999999999999
2024-07-26,2024-07-22,t10,0.1,0.05,0.07749999999999994,2110.0,2065.0,2.4,237.36
2024-07-26,2024-07-22,t1236,0.1,0.05,0.07749999999999994,2090.0,2050.0,1.05,102.36
2024-08-02,2024-07-29,t10,0.15,0.05,0.08249999999999996,2185.0,2135.0,4.45,-4557.64
2024-08-02,2024-07-29,t1236,0.15,0.05,0.08249999999999996,2165.0,2125.0,2.35,-3767.64
2024-08-23,2024-08-19,t10,0.04500000000000002,0.05,0.09000000000000002,2055.0,2000.0,0.8,77.36
2024-08-23,2024-08-19,t1236,0.04500000000000002,0.05,0.09000000000000002,2035.0,1985.0,0.29999999999999993,27.359999999999992
2024-08-30,2024-08-26,t1236,,0.05,0.09000000000000002,2110.0,2060.0,0.25,22.36
2024-09-13,2024-09-09,t10,0.07000000000000002,0.05,0.09250000000000003,2005.0,1950.0,2.2,217.36000000000004
2024-09-13,2024-09-09,t1236,0.07000000000000002,0.05,0.09250000000000003,1980.0,1935.0,1.0,97.36
2024-09-27,2024-09-23,t10,0.025,0.05,0.09250000000000003,2135.0,2080.0,0.45000000000000007,42.36000000000001
2024-09-27,2024-09-23,t1236,0.025,0.05,0.09250000000000003,2115.0,2065.0,0.15000000000000002,12.360000000000001
2024-10-04,2024-09-30,t10,0.09000000000000004,0.05,0.08375,2135.0,2085.0,2.25,222.36
2024-10-04,2024-09-30,t1236,0.09000000000000004,0.05,0.08375,2115.0,2070.0,1.0999999999999999,107.35999999999999
2024-10-11,2024-10-07,t10,0.11999999999999993,0.05,0.08875000000000004,2125.0,2075.0,3.45,342.36
2024-10-11,2024-10-07,t1236,0.11999999999999993,0.05,0.08875000000000004,2105.0,2060.0,1.8,177.36
2024-10-18,2024-10-14,t10,0.05,0.051250000000000004,0.09375000000000003,2150.0,2100.0,0.5,47.36
2024-10-25,2024-10-21,t10,0.05999999999999996,0.05,0.08875000000000004,2195.0,2145.0,1.2000000000000002,117.36000000000001
2024-10-25,2024-10-21,t1236,0.05999999999999996,0.05,0.08875000000000004,2175.0,2130.0,0.4,37.36
2024-11-01,2024-10-28,t10,0.02999999999999998,0.051250000000000004,0.08875000000000004,2125.0,2075.0,0.7,67.36
2024-11-01,2024-10-28,t1236,0.02999999999999998,0.051250000000000004,0.08875000000000004,2105.0,2060.0,0.30000000000000004,27.360000000000003
2024-11-08,2024-11-04,t10,0.23000000000000007,0.051250000000000004,0.08875000000000004,2130.0,2080.0,6.800000000000001,677.3600000000001
2024-11-08,2024-11-04,t1236,0.23000000000000007,0.051250000000000004,0.08875000000000004,2110.0,2065.0,4.5,447.36
2024-11-15,2024-11-11,t10,0.03500000000000001,0.05374999999999999,0.09375000000000003,2310.0,2255.0,0.40000000000000013,-578.6312109375
2024-11-22,2024-11-18,t10,0.05,0.051250000000000004,0.09375000000000003,2210.0,2155.0,1.25,122.36
2024-11-22,2024-11-18,t1236,0.05,0.051250000000000004,0.09375000000000003,2190.0,2135.0,0.6499999999999999,62.359999999999985
2024-11-29,2024-11-25,t10,0.009999999999999964,0.051250000000000004,0.09375000000000003,2310.0,2250.0,0.24999999999999994,22.359999999999992
2024-11-29,2024-11-25,t1236,0.009999999999999964,0.051250000000000004,0.09375000000000003,2290.0,2235.0,0.09999999999999998,7.359999999999998
2024-12-13,2024-12-09,t10,0.025,0.05,0.08875000000000004,2320.0,2265.0,0.45,42.36
2024-12-13,2024-12-09,t1236,0.025,0.05,0.08875000000000004,2300.0,2250.0,0.15000000000000002,12.360000000000001
2024-12-20,2024-12-16,t10,0.04499999999999997,0.05,0.08875000000000004,2260.0,2200.0,1.1,-1655.6282812499999
2024-12-20,2024-12-16,t1236,0.04499999999999997,0.05,0.08875000000000004,2240.0,2190.0,0.4,37.36
2025-01-17,2025-01-13,t10,0.11999999999999993,0.049999999999999975,0.08875000000000004,2095.0,2040.0,4.0,397.36
2025-01-17,2025-01-13,t1236,0.11999999999999993,0.049999999999999975,0.08875000000000004,2075.0,2020.0,2.45,242.36000000000004
2025-01-24,2025-01-21,t10,0.030000000000000006,0.049999999999999975,0.09750000000000002,2180.0,2120.0,0.35000000000000003,32.36
2025-01-31,2025-01-27,t10,0.05499999999999998,0.04749999999999999,0.09750000000000002,2215.0,2160.0,1.15,112.35999999999999
2025-01-31,2025-01-27,t1236,0.05499999999999998,0.04749999999999999,0.09750000000000002,2195.0,2140.0,0.55,52.36000000000001
2025-02-07,2025-02-03,t10,0.38999999999999985,0.049999999999999975,0.09750000000000002,2200.0,2140.0,1.9000000000000004,187.36000000000004
2025-02-07,2025-02-03,t1236,0.38999999999999985,0.049999999999999975,0.09750000000000002,2175.0,2125.0,1.2000000000000002,117.36000000000001
2025-02-14,2025-02-10,t10,0.06500000000000003,0.05,0.1,2190.0,2135.0,1.6,157.36
2025-02-14,2025-02-10,t1236,0.06500000000000003,0.05,0.1,2170.0,2120.0,0.7,67.36
2025-02-21,2025-02-18,t10,0.01499999999999999,0.05,0.1,2190.0,2140.0,0.25,22.36
2025-02-21,2025-02-18,t1236,0.01499999999999999,0.05,0.1,2170.0,2125.0,0.050000000000000044,2.3600000000000043
2025-02-28,2025-02-24,t10,0.11999999999999993,0.05,0.1,2105.0,2050.0,3.3,327.36
2025-02-28,2025-02-24,t1236,0.11999999999999993,0.05,0.1,2085.0,2035.0,1.9500000000000002,192.36000000000004
2025-03-14,2025-03-10,t10,0.22000000000000028,0.05249999999999999,0.11999999999999993,1985.0,1925.0,8.1,807.36
2025-03-14,2025-03-10,t1236,0.22000000000000028,0.05249999999999999,0.11999999999999993,1960.0,1910.0,4.45,442.36
2025-03-21,2025-03-17,t10,0.05999999999999996,0.05249999999999999,0.11999999999999993,1950.0,1895.0,1.8,177.36
2025-03-21,2025-03-17,t1236,0.05999999999999996,0.05249999999999999,0.11999999999999993,1930.0,1880.0,1.0,97.36
2025-03-28,2025-03-24,t10,0.019999999999999997,0.05500000000000002,0.11999999999999993,1970.0,1915.0,0.29999999999999993,27.359999999999992
2025-04-04,2025-03-31,t10,0.23999999999999985,0.05249999999999999,0.11999999999999993,1935.0,1880.0,8.0,-4702.64
2025-04-04,2025-03-31,t1236,0.23999999999999985,0.05249999999999999,0.11999999999999993,1915.0,1865.0,4.9,-4512.64
2025-04-11,2025-04-07,t10,0.31000000000000083,0.05249999999999999,0.11999999999999993,1725.0,1660.0,16.000000000000004,1597.3600000000004
2025-04-11,2025-04-07,t1236,0.31000000000000083,0.05249999999999999,0.11999999999999993,1700.0,1645.0,11.7,1167.36
2025-04-18,2025-04-14,t10,0.08000000000000007,0.05249999999999999,0.11999999999999993,1750.0,1685.0,2.4,237.36
2025-04-18,2025-04-14,t1236,0.08000000000000007,0.05249999999999999,0.11999999999999993,1725.0,1665.0,1.15,112.35999999999999
2025-04-25,2025-04-21,t10,0.16000000000000014,0.05500000000000002,0.11999999999999993,1775.0,1710.0,5.449999999999999,542.3599999999999
2025-04-25,2025-04-21,t1236,0.16000000000000014,0.05500000000000002,0.11999999999999993,1750.0,1695.0,2.9,287.36
2025-05-02,2025-04-28,t10,0.05499999999999998,0.05749999999999997,0.11999999999999993,1850.0,1785.0,1.7,167.36
2025-05-02,2025-04-28,t1236,0.05499999999999998,0.05749999999999997,0.11999999999999993,1825.0,1765.0,0.8999999999999999,87.35999999999999
2025-05-23,2025-05-19,t10,0.06500000000000003,0.05749999999999997,0.1425,2010.0,1945.0,1.8000000000000003,177.36000000000004
2025-05-23,2025-05-19,t1236,0.06500000000000003,0.05749999999999997,0.1425,1985.0,1930.0,0.75,72.36
2025-06-13,2025-06-09,t10,0.030000000000000027,0.05749999999999997,0.15749999999999997,2035.0,1970.0,0.45000000000000007,42.36000000000001
2025-06-13,2025-06-09,t1236,0.030000000000000027,0.05749999999999997,0.15749999999999997,2010.0,1955.0,0.04999999999999993,2.3599999999999928
2025-06-20,2025-06-16,t10,0.02999999999999998,0.05749999999999997,0.15749999999999997,2005.0,1945.0,0.55,52.36000000000001
2025-06-20,2025-06-16,t1236,0.02999999999999998,0.05749999999999997,0.15749999999999997,1980.0,1925.0,0.19999999999999996,17.359999999999996
2025-07-11,2025-07-07,t10,0.05,0.05499999999999998,0.13499999999999995,2155.0,2100.0,1.2999999999999998,127.35999999999997
2025-07-11,2025-07-07,t1236,0.05,0.05499999999999998,0.13499999999999995,2135.0,2085.0,0.6,57.36
2025-07-18,2025-07-14,t10,0.04499999999999993,0.05,0.11999999999999993,2145.0,2085.0,0.5999999999999999,57.359999999999985
2025-07-18,2025-07-14,t1236,0.04499999999999993,0.05,0.11999999999999993,2120.0,2070.0,0.44999999999999996,42.35999999999999
2025-07-25,2025-07-21,t10,0.025,0.05,0.11999999999999993,2150.0,2095.0,0.35,32.36
2025-07-25,2025-07-21,t1236,0.025,0.05,0.11999999999999993,2130.0,2080.0,0.10000000000000003,7.360000000000003
2025-08-01,2025-07-28,t10,0.08999999999999994,0.05,0.11999999999999993,2175.0,2120.0,2.85,-539.6370703125
2025-08-01,2025-07-28,t1236,0.08999999999999994,0.05,0.11999999999999993,2150.0,2105.0,1.25,122.36
2025-08-08,2025-08-04,t10,0.029999999999999895,0.05,0.11999999999999993,2075.0,2020.0,0.9500000000000001,92.36
2025-08-08,2025-08-04,t1236,0.029999999999999895,0.05,0.11999999999999993,2055.0,2005.0,0.3999999999999999,37.35999999999999
2025-08-15,2025-08-11,t10,0.06000000000000005,0.05,0.11999999999999993,2130.0,2070.0,1.9500000000000002,192.36000000000004
2025-08-15,2025-08-11,t1236,0.06000000000000005,0.05,0.11999999999999993,2105.0,2055.0,0.8,77.36
2025-08-22,2025-08-18,t10,0.04500000000000002,0.05,0.10499999999999998,2195.0,2135.0,1.1,107.36000000000001
2025-08-22,2025-08-18,t1236,0.04500000000000002,0.05,0.10499999999999998,2175.0,2120.0,0.4,37.36
2025-08-29,2025-08-25,t10,0.15999999999999998,0.05,0.10499999999999998,2270.0,2210.0,0.24999999999999994,22.359999999999992
2025-09-12,2025-09-08,t10,0.075,0.05249999999999999,0.11999999999999993,2300.0,2245.0,1.8000000000000003,177.36000000000004
2025-09-12,2025-09-08,t1236,0.075,0.05249999999999999,0.11999999999999993,2280.0,2230.0,0.75,72.36
2025-09-19,2025-09-15,t10,0.07000000000000002,0.05499999999999998,0.11999999999999993,2310.0,2255.0,1.7500000000000002,172.36000000000004
2025-09-19,2025-09-15,t1236,0.07000000000000002,0.05499999999999998,0.11999999999999993,2290.0,2240.0,0.8999999999999999,87.35999999999999
2025-09-26,2025-09-22,t10,0.040000000000000036,0.05499999999999998,0.11999999999999993,2360.0,2310.0,0.8500000000000001,82.36000000000001
2025-09-26,2025-09-22,t1236,0.040000000000000036,0.05499999999999998,0.11999999999999993,2340.0,2295.0,0.4,37.36
2025-10-10,2025-10-06,t10,0.04499999999999997,0.05499999999999998,0.12124999999999993,2390.0,2335.0,0.9500000000000001,92.36
2025-10-10,2025-10-06,t1236,0.04499999999999997,0.05499999999999998,0.12124999999999993,2370.0,2320.0,0.3999999999999999,37.35999999999999
2025-10-17,2025-10-13,t10,0.015000000000000036,0.05249999999999999,0.12124999999999993,2305.0,2250.0,0.44999999999999996,42.35999999999999
2025-10-17,2025-10-13,t1236,0.015000000000000036,0.05249999999999999,0.12124999999999993,2285.0,2235.0,0.25,22.36
2025-10-24,2025-10-20,t10,0.04500000000000011,0.05249999999999999,0.12124999999999993,2360.0,2300.0,1.5000000000000002,147.36000000000004
2025-10-24,2025-10-20,t1236,0.04500000000000011,0.05249999999999999,0.12124999999999993,2340.0,2285.0,0.8999999999999999,87.35999999999999
2025-10-31,2025-10-27,t10,0.039999999999999945,0.05,0.12124999999999993,2420.0,2365.0,1.0999999999999999,107.35999999999999
2025-10-31,2025-10-27,t1236,0.039999999999999945,0.05,0.12124999999999993,2400.0,2345.0,0.75,72.36
2025-11-14,2025-11-10,t10,0.040000000000000036,0.05,0.12124999999999993,2340.0,2280.0,1.2000000000000002,117.36000000000001
2025-11-14,2025-11-10,t1236,0.040000000000000036,0.05,0.12124999999999993,2320.0,2265.0,0.6499999999999999,62.359999999999985
2025-11-21,2025-11-17,t10,0.08999999999999986,0.05,0.12124999999999993,2290.0,2235.0,2.9499999999999997,292.36
2025-11-21,2025-11-17,t1236,0.08999999999999986,0.05,0.12124999999999993,2270.0,2215.0,2.05,202.35999999999999
2025-11-28,2025-11-24,t10,0.040000000000000036,0.05249999999999999,0.12124999999999993,2275.0,2215.0,1.2000000000000002,117.36000000000001
2025-11-28,2025-11-24,t1236,0.040000000000000036,0.05249999999999999,0.12124999999999993,2250.0,2200.0,0.55,52.36000000000001
2025-12-05,2025-12-01,t10,0.05,0.05249999999999999,0.12124999999999993,2400.0,2340.0,0.55,52.36000000000001
2025-12-12,2025-12-08,t10,0.06499999999999995,0.05249999999999999,0.12124999999999993,2425.0,2365.0,1.9499999999999997,192.35999999999999
2025-12-12,2025-12-08,t1236,0.06499999999999995,0.05249999999999999,0.12124999999999993,2400.0,2350.0,0.8500000000000001,82.36000000000001
2025-12-19,2025-12-15,t10,0.07999999999999989,0.05499999999999998,0.12124999999999993,2455.0,2395.0,2.75,272.36
2025-12-19,2025-12-15,t1236,0.07999999999999989,0.05499999999999998,0.12124999999999993,2435.0,2380.0,1.65,162.36
2025-12-26,2025-12-22,t10,0.009999999999999998,0.05749999999999997,0.12124999999999993,2435.0,2375.0,0.10000000000000003,7.360000000000003
2026-01-16,2026-01-12,t10,0.07000000000000002,0.06000000000000001,0.12124999999999993,2535.0,2475.0,1.95,192.36
2026-01-16,2026-01-12,t1236,0.07000000000000002,0.06000000000000001,0.12124999999999993,2510.0,2460.0,0.7499999999999999,72.35999999999999
2026-01-23,2026-01-20,t10,0.14000000000000004,0.06000000000000001,0.12124999999999993,2585.0,2530.0,4.6000000000000005,457.36000000000007
2026-01-23,2026-01-20,t1236,0.14000000000000004,0.06000000000000001,0.12124999999999993,2565.0,2515.0,2.7,267.36
2026-01-30,2026-01-26,t10,0.07999999999999999,0.0625,0.12874999999999995,2575.0,2520.0,2.0,197.36
2026-01-30,2026-01-26,t1236,0.07999999999999999,0.0625,0.12874999999999995,2555.0,2505.0,1.0500000000000003,102.36000000000003
2026-02-13,2026-02-09,t10,0.15,0.06499999999999999,0.12874999999999995,2580.0,2520.0,5.4,537.36
2026-02-13,2026-02-09,t1236,0.15,0.06499999999999999,0.12874999999999995,2555.0,2505.0,3.0000000000000004,297.36000000000007
2026-02-20,2026-02-17,t10,0.2,0.06499999999999999,0.14250000000000002,2555.0,2495.0,7.3999999999999995,737.36
2026-02-20,2026-02-17,t1236,0.2,0.06499999999999999,0.14250000000000002,2530.0,2480.0,4.2,417.36
2026-02-27,2026-02-23,t10,0.17999999999999972,0.06750000000000003,0.15125000000000002,2570.0,2515.0,6.6000000000000005,657.36
2026-02-27,2026-02-23,t1236,0.17999999999999972,0.06750000000000003,0.15125000000000002,2550.0,2500.0,4.5,447.36
2026-03-13,2026-03-09,t10,0.31999999999999956,0.06750000000000003,0.15625000000000006,2430.0,2370.0,14.0,1397.36
2026-03-13,2026-03-09,t1236,0.31999999999999956,0.06750000000000003,0.15625000000000006,2410.0,2355.0,10.700000000000001,1067.36
2026-03-20,2026-03-16,t10,0.08000000000000007,0.06750000000000003,0.15625000000000006,2385.0,2325.0,2.9000000000000004,287.36000000000007
2026-03-20,2026-03-16,t1236,0.08000000000000007,0.06750000000000003,0.15625000000000006,2360.0,2305.0,1.5999999999999999,157.36
2026-03-27,2026-03-23,t10,0.04500000000000011,0.07000000000000002,0.15625000000000006,2340.0,2280.0,1.4,137.36
2026-03-27,2026-03-23,t1236,0.04500000000000011,0.07000000000000002,0.15625000000000006,2315.0,2265.0,0.7,67.36
2026-04-03,2026-03-30,t10,0.18000000000000008,0.07000000000000002,0.15625000000000006,2350.0,2290.0,6.0,597.36
2026-04-03,2026-03-30,t1236,0.18000000000000008,0.07000000000000002,0.15625000000000006,2330.0,2275.0,3.6500000000000004,362.36000000000007
2026-04-10,2026-04-06,t10,0.11999999999999993,0.07000000000000002,0.15625000000000006,2430.0,2365.0,4.1,407.35999999999996
2026-04-10,2026-04-06,t1236,0.11999999999999993,0.07000000000000002,0.15625000000000006,2405.0,2350.0,2.25,222.36
2026-04-17,2026-04-13,t10,0.060000000000000143,0.07000000000000002,0.15125000000000002,2525.0,2465.0,1.75,172.36
2026-04-17,2026-04-13,t1236,0.060000000000000143,0.07000000000000002,0.15125000000000002,2505.0,2445.0,1.0,97.36
2026-04-24,2026-04-20,t10,0.06999999999999992,0.06750000000000003,0.15125000000000002,2670.0,2600.0,2.4,237.36
2026-04-24,2026-04-20,t1236,0.06999999999999992,0.06750000000000003,0.15125000000000002,2645.0,2585.0,1.2499999999999998,122.35999999999997
2026-05-01,2026-04-27,t10,0.07999999999999999,0.06749999999999998,0.14250000000000002,2680.0,2615.0,2.5,247.36
2026-05-01,2026-04-27,t1236,0.07999999999999999,0.06749999999999998,0.14250000000000002,2655.0,2600.0,1.2500000000000002,122.36000000000003
2026-05-08,2026-05-04,t10,0.08000000000000007,0.06999999999999998,0.14250000000000002,2710.0,2645.0,2.6999999999999997,267.36
2026-05-08,2026-05-04,t1236,0.08000000000000007,0.06999999999999998,0.14250000000000002,2685.0,2625.0,1.45,142.36
2026-05-15,2026-05-11,t10,0.06500000000000003,0.06999999999999998,0.12874999999999995,2755.0,2690.0,1.85,182.36
2026-05-15,2026-05-11,t1236,0.06500000000000003,0.06999999999999998,0.12874999999999995,2730.0,2675.0,0.9,87.36
2026-05-22,2026-05-18,t10,0.08000000000000007,0.06999999999999998,0.12874999999999995,2690.0,2625.0,3.0500000000000003,302.36
2026-05-22,2026-05-18,t1236,0.08000000000000007,0.06999999999999998,0.12874999999999995,2665.0,2605.0,1.5999999999999999,157.36
2026-05-29,2026-05-26,t10,0.019999999999999973,0.07000000000000002,0.12874999999999995,2760.0,2695.0,0.5499999999999999,52.35999999999999
2026-05-29,2026-05-26,t1236,0.019999999999999973,0.07000000000000002,0.12874999999999995,2735.0,2675.0,0.19999999999999996,17.359999999999996
2026-06-05,2026-06-01,t10,0.15,0.06999999999999998,0.12124999999999993,2815.0,2750.0,5.249999999999999,522.3599999999999
2026-06-05,2026-06-01,t1236,0.15,0.06999999999999998,0.12124999999999993,2790.0,2730.0,2.8,277.36
2026-06-12,2026-06-08,t10,0.08000000000000007,0.07000000000000002,0.12874999999999995,2725.0,2660.0,2.4499999999999997,242.35999999999999
2026-06-12,2026-06-08,t1236,0.08000000000000007,0.07000000000000002,0.12874999999999995,2700.0,2640.0,1.4000000000000001,137.36
2026-06-19,2026-06-15,t10,0.03500000000000001,0.07250000000000001,0.12874999999999995,2830.0,2765.0,0.8,77.36
2026-06-19,2026-06-15,t1236,0.03500000000000001,0.07250000000000001,0.12874999999999995,2805.0,2745.0,0.25,22.36
2026-06-26,2026-06-22,t10,0.03499999999999996,0.07250000000000001,0.12874999999999995,2870.0,2800.0,1.35,132.36
2026-06-26,2026-06-22,t1236,0.03499999999999996,0.07250000000000001,0.12874999999999995,2845.0,2785.0,0.6499999999999999,62.359999999999985
2026-07-03,2026-06-29,t10,0.1,0.07250000000000001,0.12874999999999995,2900.0,2835.0,3.4000000000000004,337.36000000000007
2026-07-03,2026-06-29,t1236,0.1,0.07250000000000001,0.12874999999999995,2875.0,2815.0,1.9000000000000001,187.36
2026-07-10,2026-07-06,t10,-0.004999999999999982,0.07749999999999994,0.12874999999999995,2890.0,2825.0,0.30000000000000004,27.360000000000003
2026-07-17,2026-07-13,t10,0.06500000000000003,0.07749999999999994,0.12874999999999995,2875.0,2810.0,1.9000000000000001,187.36
2026-07-17,2026-07-13,t1236,0.06500000000000003,0.07749999999999994,0.12874999999999995,2850.0,2790.0,0.95,92.36
2026-07-24,2026-07-20,t10,0.05999999999999996,0.07749999999999994,0.12874999999999995,2860.0,2795.0,2.15,212.36
2026-07-24,2026-07-20,t1236,0.05999999999999996,0.07749999999999994,0.12874999999999995,2835.0,2780.0,0.9999999999999998,97.35999999999997
2026-07-31,2026-07-27,t10,0.05999999999999996,0.07749999999999994,0.12874999999999995,2830.0,2770.0,1.9499999999999997,192.35999999999999
2026-07-31,2026-07-27,t1236,0.05999999999999996,0.07749999999999994,0.12874999999999995,2805.0,2755.0,0.9999999999999998,97.35999999999997
2026-08-14,2026-08-10,t10,0.05,0.07250000000000001,0.12874999999999995,2935.0,2875.0,1.5,147.36
2026-08-14,2026-08-10,t1236,0.05,0.07250000000000001,0.12874999999999995,2915.0,2860.0,0.75,72.36
